excluded_model,n_remaining_models,spearman_rho_I_vs_A
0,49,0.056020408163265305
1,49,0.071734693877551
2,49,0.07693877551020407
3,49,0.03959183673469387
4,49,0.06632653061224489
5,49,0.07724489795918367
6,49,0.049183673469387755
7,49,0.0993877551020408
8,49,0.033571428571428565
9,49,0.05122448979591836
10,49,0.07908163265306122
11,49,0.06602040816326529
12,49,0.10928571428571428
13,49,0.06428571428571428
14,49,0.059387755102040814
15,49,0.061938775510204075
16,49,0.03510204081632653
17,49,0.045204081632653055
18,49,0.060816326530612246
19,49,0.07010204081632652
20,49,0.071734693877551
21,49,0.06765306122448979
22,49,0.051326530612244896
23,49,0.06622448979591836
24,49,0.08428571428571427
25,49,0.021020408163265305
26,49,0.0979591836734694
27,49,0.04642857142857142
28,49,0.06265306122448978
29,49,0.06622448979591836
30,49,0.045
31,49,0.051632653061224484
32,49,0.10520408163265305
33,49,0.06693877551020408
34,49,0.06040816326530611
35,49,0.06214285714285714
36,49,0.08816326530612244
37,49,0.058877551020408155
38,49,0.052959183673469384
39,49,0.015204081632653061
40,49,0.052448979591836725
41,49,0.12397959183673468
42,49,0.07346938775510203
43,49,0.056734693877551014
44,49,0.07602040816326529
45,49,0.1010204081632653
46,49,0.054387755102040816
47,49,0.05693877551020408
48,49,0.06418367346938775
49,49,0.05918367346938774
