group,window,metric,effect,ss,fraction,ci_low,ci_high,bootstrap_undefined_draws
3MIDD_048,early,A,network,0.007307404487786242,0.06142565406001692,,,0
3MIDD_048,early,A,decoder,0.00818500418990811,0.06880271055056884,,,0
3MIDD_048,early,A,residual,0.10347098861306019,0.8697716353894143,,,0
3MIDD_048,early,S,network,14.584078267437722,0.04046783366673628,,,0
3MIDD_048,early,S,decoder,57.3239755848911,0.15906230524453888,,,0
3MIDD_048,early,S,residual,288.47887438162627,0.8004698610887248,,,0
3MIDD_048,late,A,network,0.05435536896431464,0.12192936627370131,,,0
3MIDD_048,late,A,decoder,0.023238472862987636,0.052128286926226265,,,0
3MIDD_048,late,A,residual,0.36820006841332237,0.8259423468000725,,,0
3MIDD_048,late,S,network,8.963161893285799,0.016476477247320154,,,0
3MIDD_048,late,S,decoder,84.35394335543111,0.15506311778866996,,,0
3MIDD_048,late,S,residual,450.6803620948337,0.8284604049640101,,,0
3MIDD_048,stable,A,network,0.033715332394024564,0.10454158474163326,0.02535976282285327,0.3597190671914368,0
3MIDD_048,stable,A,decoder,0.016393127347408495,0.050830390510200774,0.015629508635708243,0.39755878744540973,0
3MIDD_048,stable,A,residual,0.27239796176872,0.8446280247481659,0.43803824613139625,0.8848715310698949,0
3MIDD_048,stable,S,network,6.77909953499128,0.013603632421820932,0.004493258986348527,0.34630918395816646,0
3MIDD_048,stable,S,decoder,71.04380194631926,0.14256373763770336,0.02408423235394836,0.4109316602372039,0
3MIDD_048,stable,S,residual,420.5072007138393,0.8438326299404756,0.48039801504838814,0.9014504370126555,0
3MIDD_207,early,A,network,0.054366902114072156,0.20786623222107964,,,0
3MIDD_207,early,A,decoder,0.03926682042201702,0.15013263024073856,,,0
3MIDD_207,early,A,residual,0.16791381952090698,0.6420011375381818,,,0
3MIDD_207,early,S,network,12.891044556756306,0.022099312587130496,,,0
3MIDD_207,early,S,decoder,85.90676174465868,0.14727126050839273,,,0
3MIDD_207,early,S,residual,484.5255213329197,0.8306294269044763,,,0
3MIDD_207,late,A,network,0.32222847310113323,0.2101679099689782,,,0
3MIDD_207,late,A,decoder,0.17717366043608834,0.11555843453883521,,,0
3MIDD_207,late,A,residual,1.0337932679334205,0.6742736554921868,,,0
3MIDD_207,late,S,network,18.34287479350337,0.027891872567622666,,,0
3MIDD_207,late,S,decoder,117.02492878366522,0.1779461746108172,,,0
3MIDD_207,late,S,residual,522.2744808923252,0.7941619528215604,,,0
3MIDD_207,stable,A,network,0.04456914652471085,0.060619624484226614,0.013738391877457928,0.3469018415141806,0
3MIDD_207,stable,A,decoder,0.11281801654140786,0.15344664035699257,0.04719382697869966,0.38552263985611934,0
3MIDD_207,stable,A,residual,0.5778392079964051,0.7859337351587808,0.4458490398169142,0.8640462789035956,0
3MIDD_207,stable,S,network,17.91910356163035,0.025783289857736678,0.007433840288286296,0.3306083392778729,0
3MIDD_207,stable,S,decoder,115.30676979159404,0.16591164049422402,0.033699019520797784,0.3986384896431253,0
3MIDD_207,stable,S,residual,561.7631548313792,0.8083050696480397,0.47851500467851577,0.898163994655744,0
4MIDD_085_170,early,A,network,0.005457341369567233,0.042560141257751,,,0
4MIDD_085_170,early,A,decoder,0.018100718168190345,0.14116198162000101,,,0
4MIDD_085_170,early,A,residual,0.10466852073876698,0.816277877122248,,,0
4MIDD_085_170,early,S,network,7.895795264774579,0.017741089961369846,,,0
4MIDD_085_170,early,S,decoder,57.53648225583338,0.12927892296237775,,,0
4MIDD_085_170,early,S,residual,379.6246655402296,0.8529799870762521,,,0
4MIDD_085_170,late,A,network,0.05092376782968083,0.17223036251022344,,,0
4MIDD_085_170,late,A,decoder,0.02854461419162,0.09654134914721989,,,0
4MIDD_085_170,late,A,residual,0.2162040365202211,0.7312282883425567,,,0
4MIDD_085_170,late,S,network,11.16986913358831,0.02102305671097809,,,0
4MIDD_085_170,late,S,decoder,86.87120251963111,0.16350220358708634,,,0
4MIDD_085_170,late,S,residual,433.27410706460637,0.8154747397019355,,,0
4MIDD_085_170,stable,A,network,0.03381053336120217,0.14356208176267068,0.03771364242259753,0.414913444475051,0
4MIDD_085_170,stable,A,decoder,0.021141199820129544,0.08976713335794834,0.023592329203732186,0.337375356854991,0
4MIDD_085_170,stable,A,residual,0.18055985139638403,0.7666707848793808,0.44190840047573776,0.8795454816942961,0
4MIDD_085_170,stable,S,network,9.843793803291518,0.018758627724924704,0.006065663967574445,0.3396974745942585,0
4MIDD_085_170,stable,S,decoder,80.17981330388304,0.15279304898875326,0.024425161514943897,0.4088727028651961,0
4MIDD_085_170,stable,S,residual,434.73726280507424,0.8284483232863217,0.48105286317493134,0.9039772176843337,0
gray,early,gray_tangent,network,19.709007487303914,0.04049882826588788,,,0
gray,early,gray_tangent,decoder,75.55749656132642,0.15525845628749937,,,0
gray,early,gray_tangent,residual,391.3897359272011,0.804242715446613,,,0
gray,late,gray_tangent,network,12.654472746098921,0.022901992643802133,,,0
gray,late,gray_tangent,decoder,92.17446016734813,0.16681681260484008,,,0
gray,late,gray_tangent,residual,447.72005017792344,0.8102811947513574,,,0
gray,stable,gray_tangent,network,13.211262792533521,0.02481602281221997,0.00777784258614283,0.3379363597794899,0
gray,stable,gray_tangent,decoder,87.60930654199402,0.16456523375930562,0.029392794889621366,0.41979700077599974,0
gray,stable,gray_tangent,residual,431.5476869530189,0.8106187434284743,0.4793755081447476,0.8883983332447825,0
motion_grating,early,Q_motion,network,27.86742267330702,0.05661467259206462,,,0
motion_grating,early,Q_motion,decoder,49.97731195879559,0.10153250218897684,,,0
motion_grating,early,Q_motion,residual,414.38495419971184,0.8418528252189585,,,0
motion_grating,early,abs_Q_motion,network,56.94342913355494,0.1587144570546492,,,0
motion_grating,early,abs_Q_motion,decoder,80.36843786648147,0.22400535363600768,,,0
motion_grating,early,abs_Q_motion,residual,221.46722716873208,0.6172801893093433,,,0
motion_grating,late,Q_motion,network,130.47999718663766,0.07312857593429112,,,0
motion_grating,late,Q_motion,decoder,183.7743853408623,0.10299784934815448,,,0
motion_grating,late,Q_motion,residual,1470.0002063199436,0.8238735747175544,,,0
motion_grating,late,abs_Q_motion,network,152.17556957571864,0.1097869881038825,,,0
motion_grating,late,abs_Q_motion,decoder,254.89028054089596,0.18389046464922007,,,0
motion_grating,late,abs_Q_motion,residual,979.0325592115224,0.7063225472468975,,,0
motion_grating,stable,Q_motion,network,106.53900941873374,0.06308474552587272,0.019483913769204053,0.3002329672628942,0
motion_grating,stable,Q_motion,decoder,173.41646706596674,0.1026847701563924,0.02904410706151793,0.35947011075293933,0
motion_grating,stable,Q_motion,residual,1408.8681611574495,0.8342304843177346,0.5296760250273576,0.8608622090714152,0
motion_grating,stable,abs_Q_motion,network,163.400073384754,0.12337563754627998,0.07363262397778722,0.39034713493571505,0
motion_grating,stable,abs_Q_motion,decoder,197.7683034658098,0.14932545635452005,0.09457526476730256,0.3978775926903129,0
motion_grating,stable,abs_Q_motion,residual,963.2428005462724,0.7272989060991999,0.37199435286248017,0.7487237094624473,0
