group,metric,network_id,matched,mismatched_abs_mean,mismatched_sign_stability
3MIDD_048,A,0,-0.0029273743275552,0.002356508455704848,0.4444444444444444
3MIDD_048,A,5,-0.0113354572677053,0.010571621927536136,0.5555555555555556
3MIDD_048,A,10,-0.0026196021353825,0.07453316662496132,0.3333333333333333
3MIDD_048,A,15,-0.0060220118612051,0.032641766178939026,0.5555555555555556
3MIDD_048,A,20,-0.0103855275083333,0.034525923935386,0.5555555555555556
3MIDD_048,A,25,0.0035182997817173,0.01407436634730803,0.4444444444444444
3MIDD_048,A,30,-0.030537849292159,0.014846875688009332,0.6666666666666666
3MIDD_048,A,35,-0.0098249258007854,0.009983653771794455,0.3333333333333333
3MIDD_048,A,40,-0.0075895590707659,0.0527506697302063,0.4444444444444444
3MIDD_048,A,45,0.0054039321839809,0.033289423936770965,0.5555555555555556
3MIDD_048,S,0,-0.0005692390259355,0.03205401115378152,0.3333333333333333
3MIDD_048,S,5,-0.0099733224487863,0.03892850733569095,0.6666666666666666
3MIDD_048,S,10,0.0042812476167455,0.3014045090797784,0.5555555555555556
3MIDD_048,S,15,0.0092544946819543,1.100646925262279,0.6666666666666666
3MIDD_048,S,20,-0.0056863620411604,0.3175837888459985,0.5555555555555556
3MIDD_048,S,25,0.0068465549265965,0.7524640537174289,0.6666666666666666
3MIDD_048,S,30,-0.0130310896784067,0.11105598499610395,0.7777777777777778
3MIDD_048,S,35,0.01747676753439,0.08482145869897467,0.3333333333333333
3MIDD_048,S,40,-0.0028021484613418,3.7091247208623424,0.3333333333333333
3MIDD_048,S,45,0.0374136790633201,2.9980824284462466,0.5555555555555556
3MIDD_207,A,0,0.0065679945982992,0.002764586281652189,0.0
3MIDD_207,A,5,0.0562491826713085,0.020711596266159534,0.5555555555555556
3MIDD_207,A,10,0.0226997407153248,0.04310548472696808,0.5555555555555556
3MIDD_207,A,15,-0.0024899946292862,0.013050876473749203,0.3333333333333333
3MIDD_207,A,20,0.0091316500911489,0.12818190812443692,0.5555555555555556
3MIDD_207,A,25,0.0016366066411137,0.024326915160701065,0.5555555555555556
3MIDD_207,A,30,0.0122436594683676,0.006503980348093616,0.6666666666666666
3MIDD_207,A,35,0.004426909610629,0.006113143818866827,0.3333333333333333
3MIDD_207,A,40,0.0031607765704393,0.07810292196356584,0.7777777777777778
3MIDD_207,A,45,0.0026050874730572,0.0737725825876825,0.6666666666666666
3MIDD_207,S,0,0.0139785869978368,0.1638192896627717,0.6666666666666666
3MIDD_207,S,5,-0.0068416632711887,0.0754725711756489,0.5555555555555556
3MIDD_207,S,10,0.0353897539898753,0.5236673099344544,0.4444444444444444
3MIDD_207,S,15,-0.0061894716927781,1.1173317621578462,0.2222222222222222
3MIDD_207,S,20,0.0126594019820913,0.4891748521476984,0.5555555555555556
3MIDD_207,S,25,-0.0080789532512426,0.863019596998735,0.3333333333333333
3MIDD_207,S,30,-0.0045189063530415,0.1433718625921756,0.7777777777777778
3MIDD_207,S,35,0.0430920515209436,0.13951140091133613,0.4444444444444444
3MIDD_207,S,40,-0.021137373521924,3.604180123243067,0.3333333333333333
3MIDD_207,S,45,0.0002221130998805,3.7718351191013224,0.5555555555555556
4MIDD_085_170,A,0,0.0012859934940934,0.0028704183641820777,0.2222222222222222
4MIDD_085_170,A,5,-0.0036226180382072,0.004261286075537372,0.6666666666666666
4MIDD_085_170,A,10,0.0077166202827356,0.05807051122474146,0.5555555555555556
4MIDD_085_170,A,15,-0.0038556919898837,0.01982605498698018,0.4444444444444444
4MIDD_085_170,A,20,0.0049040550366044,0.050723329070024144,0.8888888888888888
4MIDD_085_170,A,25,-0.0011791080942202,0.0038099830853752454,0.4444444444444444
4MIDD_085_170,A,30,0.0110076193814165,0.00431026255116896,0.5555555555555556
4MIDD_085_170,A,35,0.0151431302074342,0.005769290211093054,0.3333333333333333
4MIDD_085_170,A,40,0.0006900262087583,0.04885918729835083,0.7777777777777778
4MIDD_085_170,A,45,-0.0029342006891965,0.034354736614558394,0.2222222222222222
4MIDD_085_170,S,0,0.0079839462414383,0.05566141190421245,0.5555555555555556
4MIDD_085_170,S,5,0.0010550734587013,0.10592188530912,0.3333333333333333
4MIDD_085_170,S,10,0.0091114268288947,0.4044516909207737,0.4444444444444444
4MIDD_085_170,S,15,0.0028387724887579,1.149866056525045,0.7777777777777778
4MIDD_085_170,S,20,0.0106425229460001,0.4573907591790582,0.5555555555555556
4MIDD_085_170,S,25,0.0011433910804043,0.7969617159817264,0.6666666666666666
4MIDD_085_170,S,30,-0.0118110447074286,0.1196572226666224,0.8888888888888888
4MIDD_085_170,S,35,0.0137720329221338,0.10899648160880634,0.4444444444444444
4MIDD_085_170,S,40,-0.0058570373803377,3.370012112789684,0.3333333333333333
4MIDD_085_170,S,45,0.0215385928750038,3.213309959301518,0.5555555555555556
gray,gray_tangent,0,0.0324694216251373,0.08927081582239929,0.5555555555555556
gray,gray_tangent,5,-0.0331519320607185,0.11780236686657489,0.4444444444444444
gray,gray_tangent,10,-0.00010350868979,0.4798347374372598,0.3333333333333333
gray,gray_tangent,15,0.0195633471012115,1.4145357840591006,0.7777777777777778
gray,gray_tangent,20,-0.0948074012994766,0.5564461262062347,0.5555555555555556
gray,gray_tangent,25,-0.0105021726340055,0.7709323417111086,0.3333333333333333
gray,gray_tangent,30,-0.0118237035349011,0.15987234640245632,0.7777777777777778
gray,gray_tangent,35,-0.039153803139925,0.07154400975236458,0.6666666666666666
gray,gray_tangent,40,0.0030761063098907,3.4432881145427623,0.6666666666666666
gray,gray_tangent,45,0.006450233515352,2.9006640085329614,0.5555555555555556
motion_grating,Q_motion,0,2.7196606397628784,0.27667088475492263,0.2222222222222222
motion_grating,Q_motion,5,1.9839327931404112,0.38198927355309326,0.2222222222222222
motion_grating,Q_motion,10,1.716789424419403,2.34987220995956,0.4444444444444444
motion_grating,Q_motion,15,1.6637248992919922,3.7321308751900992,0.6666666666666666
motion_grating,Q_motion,20,1.858753740787506,3.547080389327473,0.5555555555555556
motion_grating,Q_motion,25,1.7055557370185852,2.450141856653823,0.3333333333333333
motion_grating,Q_motion,30,2.1551225185394287,0.423943212048875,0.4444444444444444
motion_grating,Q_motion,35,2.803028106689453,0.7382750916812155,0.3333333333333333
motion_grating,Q_motion,40,3.4438291788101196,4.003218811419275,0.3333333333333333
motion_grating,Q_motion,45,2.872930884361267,0.9336379170417786,0.4444444444444444
motion_grating,abs_Q_motion,0,2.7196606397628784,0.27667088475492263,1.0
motion_grating,abs_Q_motion,5,1.9839327931404112,0.38198927355309326,1.0
motion_grating,abs_Q_motion,10,1.716789424419403,2.34987220995956,1.0
motion_grating,abs_Q_motion,15,1.6637248992919922,3.7321308751900992,1.0
motion_grating,abs_Q_motion,20,1.858753740787506,3.547080389327473,1.0
motion_grating,abs_Q_motion,25,1.7055557370185852,2.450141856653823,1.0
motion_grating,abs_Q_motion,30,2.1551225185394287,0.423943212048875,1.0
motion_grating,abs_Q_motion,35,2.803028106689453,0.7382750916812155,1.0
motion_grating,abs_Q_motion,40,3.4438291788101196,4.003218811419275,1.0
motion_grating,abs_Q_motion,45,2.872930884361267,0.9336379170417786,1.0
