intervention,condition,q0,q5,q25,q50,q75,q95,q100,n,excluded
T4,MIDD,0.11519643296407175,0.11626979499740393,0.12187707598187665,0.15796500021888224,0.200314806323438,0.23577187138378128,0.253070628571226,10,0
T4,edge,0.7592300732361756,0.8132639187393653,0.9538619462070698,1.1343344738979344,1.2609437272190567,1.6546531373455056,1.8577012311038152,10,0
T4,propeller,9.085153498762502,9.288610538955929,10.627711172502007,11.237086056429233,11.801026828813786,13.651906419934933,13.796479570190455,10,0
T4_T5,MIDD,0.11519643296407175,0.11626979499740393,0.12187707598187665,0.15796500021888224,0.200314806323438,0.23577187138378128,0.253070628571226,10,0
T4_T5,edge,0.7592300732361756,0.8132639187393653,0.9538619462070698,1.1343344738979344,1.2609437272190567,1.6546531373455056,1.8577012311038152,10,0
T4_T5,propeller,9.085153498762502,9.288610538955929,10.627711172502007,11.237086056429233,11.801026828813786,13.651906419934933,13.796479570190455,10,0
T4a,MIDD,0.11519643296407175,0.11626979499740393,0.12187707598187665,0.15796500021888224,0.200314806323438,0.23577187138378128,0.253070628571226,10,0
T4a,edge,0.7592300732361756,0.8132639187393653,0.9538619462070698,1.1343344738979344,1.2609437272190567,1.6546531373455056,1.8577012311038152,10,0
T4a,propeller,9.085153498762502,9.288610538955929,10.627711172502007,11.237086056429233,11.801026828813786,13.651906419934933,13.796479570190455,10,0
T4b,MIDD,0.11519643296407175,0.11626979499740393,0.12187707598187665,0.15796500021888224,0.200314806323438,0.23577187138378128,0.253070628571226,10,0
T4b,edge,0.7592300732361756,0.8132639187393653,0.9538619462070698,1.1343344738979344,1.2609437272190567,1.6546531373455056,1.8577012311038152,10,0
T4b,propeller,9.085153498762502,9.288610538955929,10.627711172502007,11.237086056429233,11.801026828813786,13.651906419934933,13.796479570190455,10,0
all_input,MIDD,0.11519643296407175,0.11626979499740393,0.12187707598187665,0.15796500021888224,0.200314806323438,0.23577187138378128,0.253070628571226,10,0
all_input,edge,0.7592300732361756,0.8132639187393653,0.9538619462070698,1.1343344738979344,1.2609437272190567,1.6546531373455056,1.8577012311038152,10,0
all_input,propeller,9.085153498762502,9.288610538955929,10.627711172502007,11.237086056429233,11.801026828813786,13.651906419934933,13.796479570190455,10,0
sham,MIDD,0.11519643296407175,0.11626979499740393,0.12187707598187665,0.15796500021888224,0.200314806323438,0.23577187138378128,0.253070628571226,10,0
sham,edge,0.7592300732361756,0.8132639187393653,0.9538619462070698,1.1343344738979344,1.2609437272190567,1.6546531373455056,1.8577012311038152,10,0
sham,propeller,9.085153498762502,9.288610538955929,10.627711172502007,11.237086056429233,11.801026828813786,13.651906419934933,13.796479570190455,10,0
