condition,image_sha256,rendered_sha256,group,sector_count,n_units,phase_fraction,phase_deg,variant
3MIDD_048_n36_p0__original,1f13a6090a8235f4562b54685ef484d6a2777e86b952a56513c80c1748229918,91d532bc7daf4d0b571215e004f43328a248b224d3dac1ba033f84e9c274a1bd,3MIDD_048,36,12,0.0,0.0,original
3MIDD_048_n36_p0__mirror,9ebda9fcac0e2e678955c3af5f5a9c97287ad5a0486702ceb231de135fcd7a56,24546e6d33f7ef15f80d4fe93fc8a804143a1c1948aacbc5d7a06c9f9f63f11d,3MIDD_048,36,12,0.0,0.0,mirror
3MIDD_048_n36_p0__negative,2eaea94d19a1eab9799219aaa98a4da1bc14331021abed7f44a8364c57625a13,77323bdcdae0c80f7b2c3ca402552751b686c337ddc5c771f31b8ff30efe4aa3,3MIDD_048,36,12,0.0,0.0,negative
3MIDD_048_n36_p1__original,4e5f987241ab1a9c651986600ed604a35f556d96639786033428c1e85dd804ce,0c8f41c7c2dfe9edbac68476435c9a559d6ad51e7e466a4b5fdbf39b72e1ab38,3MIDD_048,36,12,0.5,15.0,original
3MIDD_048_n36_p1__mirror,431bb0119a2d0fd846312cd2eee1b5d9e0336b488a1793b17f11eb344294769c,24463593ef2a82ac14f97357efa3a868f75441b2b89ff6616630b6c2dc322139,3MIDD_048,36,12,0.5,15.0,mirror
3MIDD_048_n36_p1__negative,3b834403231b7d685a753fdda9696f32bd2376d70cf0b0776fa92d5785c9c68d,a9d4a27195704b0de76e4f16246f35bb87a0bc480cf397f51d6b1d8a408f9d56,3MIDD_048,36,12,0.5,15.0,negative
3MIDD_048_n48_p0__original,1d153e20211ec561fcf6e1ad01b517dffe3b5e4669f0197420d8cf8f91551877,9ed8557e5a133299f52949c3985bfe2f78245ec7372b708b70c9e42d84d54803,3MIDD_048,48,16,0.0,0.0,original
3MIDD_048_n48_p0__mirror,9bc8a044a5119a4e92b628343f78fe4e7399e341a6bf6d8222f02248a467be52,06cf9b051ded58583215e71539ea1e3496e1cdb1387ecf8b73deb35506b8c3e0,3MIDD_048,48,16,0.0,0.0,mirror
3MIDD_048_n48_p0__negative,b30f1bd6aafc54681b1ca685d32caf71d25530bf68b6d3417bfa23ce6d015f87,409db35fc128aff126b5f314d514447b977f9c3879f4b158946e2b9572377948,3MIDD_048,48,16,0.0,0.0,negative
3MIDD_048_n48_p1__original,85f1b7ced753a9844d09fb8d924016b3def364f305f2c9b1723250432bc9bf7d,80b63e2dbafe0c2260a59eff78c5e9acff01b8b712ec0d4ee1125537fd4287ef,3MIDD_048,48,16,0.5,11.25,original
3MIDD_048_n48_p1__mirror,3f67e4f2d35f0b1cba310f3eca4b264ba17013747f189cf4dbbf7d08877b4b06,8e87d2308ce0981e572e749bd2a0f2c1780ca91cdf52def8a8c9876f41c60a2b,3MIDD_048,48,16,0.5,11.25,mirror
3MIDD_048_n48_p1__negative,45e39a62fb534f9a63fcf911f8749c3da20c6bd4537e4308bd2359b407aae381,8bc9e8a466da082c34dec800ef9a33488712eea7831987b9078c3eb22752c02f,3MIDD_048,48,16,0.5,11.25,negative
3MIDD_048_n60_p0__original,60f244fe221c1fcf6b46a815ce0ac04bd265a1752a2ac596aec09bd497abb2e9,ffa88657653c9197b71337e32a2ebc4aee666a975f83b5771fd072e181cbde7d,3MIDD_048,60,20,0.0,0.0,original
3MIDD_048_n60_p0__mirror,93ededd4f8e4952a68aa5f141d0ad3cea7b1abb10efcc6b714d5ad597d825831,2c84f34329044ffdd5d229856228e741c459a3e269ef0ce48af894297452ca78,3MIDD_048,60,20,0.0,0.0,mirror
3MIDD_048_n60_p0__negative,dcb3f2af44bd3e1f1654f8cfe178d04145b5013dc08aba4eadc3e89f929c682f,10b21da19c0e40f289482e15fd083eb23e551b023678f6fb6e45a1bd9a8064c0,3MIDD_048,60,20,0.0,0.0,negative
3MIDD_048_n60_p1__original,c08c18ebff16fd47a4f21cf783ac0b408256ca83443fdf3fc9cd65b530683c50,083cfafd03c6c5f9d599ea9c2c185be3515f5d2f15284150cf8a52e304f6bb8c,3MIDD_048,60,20,0.5,9.0,original
3MIDD_048_n60_p1__mirror,dbf1e166e86e3c39a808dd4c7991a19816b02fdaa01ee9978a1bac12ee163183,abe74d8089b9afd7330a52595d01b4df5d28abf65d91ae8a55c00b54f9ca4bd6,3MIDD_048,60,20,0.5,9.0,mirror
3MIDD_048_n60_p1__negative,a4a6109a8195d7687c43e51fb7ea2ea275bc9acb452e1fafb88c991f307946fd,3cf3c13ac2de3c82d995b71c128075ca97e92a49bc53cccd6f94f5328c96212f,3MIDD_048,60,20,0.5,9.0,negative
3MIDD_048_n72_p0__original,55de889bf77d4ed148146e80de064406871b98fbc6362750a940c6f8d0526965,c64d770e6191feb1ac7e6eae9ed43e6847f2c5f5a346deaad3597d0b98796435,3MIDD_048,72,24,0.0,0.0,original
3MIDD_048_n72_p0__mirror,bae7e04d77f43a177610ccc1d9dfb638fbe01296b69ac462e00fa5b2293a026d,3318e0f201660badacba48c9b8421d631730ce66e4e215031158f9a905899016,3MIDD_048,72,24,0.0,0.0,mirror
3MIDD_048_n72_p0__negative,d2fb5e67cab51787d9410869f0b04596505854e7c962bbfbb677488d3a93ce36,aaf621ca9d49adce07dc6d5b756d241e866c170dc8b4c81cbb314ab6a834675d,3MIDD_048,72,24,0.0,0.0,negative
3MIDD_048_n72_p1__original,d9166aeb478c215ddd59c92dee3c5f8331e591539cdbf6ea15da8f3bc829c5a7,3b0ca74600905a34d807c5e518b0dadc62763cec203734119b92f816134d3365,3MIDD_048,72,24,0.5,7.5,original
3MIDD_048_n72_p1__mirror,2539e65a0e90bbcf7940f8489358d68ca2e72794ffc47f7eea9de4d83873a421,355eef0412c959425875ac1f378309e1db970dbd87806e2a94ff8a5df7817751,3MIDD_048,72,24,0.5,7.5,mirror
3MIDD_048_n72_p1__negative,2837169039e9ca5949c2ab41336747e5dedf11025bf8d6fc608c1d21a981caf8,ed728268604a505208eb4775b7129cbb282d9cc9c43e17dde95c940cdafc7577,3MIDD_048,72,24,0.5,7.5,negative
3MIDD_048_n84_p0__original,8869f55850f66c67e9b652ec37d1e0ee9b704d1d70004f6bcc2d868555c43c91,26a469f635ad383a2df9eb280d82381ac9b1a316ae9656b62a61a3161cc86ef8,3MIDD_048,84,28,0.0,0.0,original
3MIDD_048_n84_p0__mirror,14f1533211cababda10b2252ec5edf2a3807d4f07de7b9c9ac97883077509294,b3ad3c9d3d9d11ab935bf7858d0bd5cdd792eed5d604eba2c07ce3254810abbf,3MIDD_048,84,28,0.0,0.0,mirror
3MIDD_048_n84_p0__negative,b5087dd8a371f50ab11f60af9a8c52884fab2273a99635bab47eb32f2e0df826,284ae4cb9a27575bcb1ad4609ca33034488ef6208374edb2e3e4952442a5d68e,3MIDD_048,84,28,0.0,0.0,negative
3MIDD_048_n84_p1__original,af46fcdd131c07f8c9db8ee6d504bde9685cf69edfaa138849bd25f6d4364813,78b5d67b05de1d8437bfe9fc523921cb603c6a5bb5e643be0d38b66ec893ee81,3MIDD_048,84,28,0.5,6.428571428571429,original
3MIDD_048_n84_p1__mirror,a34adac3086f254a91a1b65488133567e299092b92aa33adfc8fa6cbdb8783d8,17ab3b13e5e0fa5ba48abe33727e2285424bea65ef58954ed98a345f9f548ce7,3MIDD_048,84,28,0.5,6.428571428571429,mirror
3MIDD_048_n84_p1__negative,aee31d11296920deba82a5f5b2d95e058beff7daa31cf0c7dc9148aea92b7efa,adad1a5a3e14a02531d90ffd7b046c87ad9b7b25a17a985b09964ed0c9dcac23,3MIDD_048,84,28,0.5,6.428571428571429,negative
3MIDD_048_n96_p0__original,3f4876221ea02d62f42e7f70b5e21d0cc83d3fbd97c1a8aa3a300866d8854712,65c3fb1205cf7c379f878fcce5d14a40ce255a568e0cb9711879adcc4e0c2428,3MIDD_048,96,32,0.0,0.0,original
3MIDD_048_n96_p0__mirror,458d7bf8cd53751609df6b4ea0eb6e8a9cfca3d7dfec7c48a7fbea76bc167232,fc2e3ceb2212dda7838f025a4c2840191961779dd496546c01071a2319098373,3MIDD_048,96,32,0.0,0.0,mirror
3MIDD_048_n96_p0__negative,3742164231983b8f4f23d80036ea7a070dcbbfd021f5497178a5acc5a60fafb3,47c827aeafd9783e166896bdf6c92d9bc1a1f5d0b7f714d2c61a529fd197a3a1,3MIDD_048,96,32,0.0,0.0,negative
3MIDD_048_n96_p1__original,61938541081d3b9177e345b1a4145eaa52d2653662ebaacccfb71c6a5e8597ab,4821477615343f945aacc5f78dac69f0a56540774cb09ea3ea7608a301c261bf,3MIDD_048,96,32,0.5,5.625,original
3MIDD_048_n96_p1__mirror,a97452d014ef3ffdc0fe670d80e7a6ec7e7ea19580455485ecf81b66b5125ab0,2ecf49b3cc0e23ba53f9f6f1b2c7f5a7dc813f63fbde8545e63e5cc8d4b94b6d,3MIDD_048,96,32,0.5,5.625,mirror
3MIDD_048_n96_p1__negative,229f7c03ff06e5003938c6f28e7c259dd0f03c2094ad326e7d8cbd2d77b8030e,1ca506207bf3670f7f6e9945e968db00a9bafbd02404817b7e7c4a633def9f39,3MIDD_048,96,32,0.5,5.625,negative
3MIDD_048_n120_p0__original,c67788ef6bfe946588fa5a25e1154fc2da59e69f1acef2ff588fb47c2a3fd620,405b01ff381b934842adc7f8469d88cc528adccfb909c456cff0e9d3dcb7cfbc,3MIDD_048,120,40,0.0,0.0,original
3MIDD_048_n120_p0__mirror,3cb6d411b4eb1fbce77d2e8f96a5096720311899b4d0440b5e3cfb987f843967,fd1e2ca917b2aa6235902a62bac515ad5759bf4a8a3d84287f914b060b0740ca,3MIDD_048,120,40,0.0,0.0,mirror
3MIDD_048_n120_p0__negative,c500b090a8429de5312630faf2d4d5ae6b15a9edfa07fa8b1dd069b03095b5d5,f49c4bd2bbb8cd6805944bce7c124f05014fe9b88e7164a88a417b218ea3a4ec,3MIDD_048,120,40,0.0,0.0,negative
3MIDD_048_n120_p1__original,cd571f49f54b56149a7c9cb9bb81dcfe3379626e26085a42b7de32a14753f911,385b69a44633a65c1a87eefc2a75071705d8c16d5c2bc4271adab7b225b0e36e,3MIDD_048,120,40,0.5,4.5,original
3MIDD_048_n120_p1__mirror,9babd716e1b70ef42e1e396d9830be4a5d5cd888f8046299756df724bac27d5f,737f4b55a7bdd9e39f9ace55df0db2d028608f18e2d0e8a24adc0eceed842eff,3MIDD_048,120,40,0.5,4.5,mirror
3MIDD_048_n120_p1__negative,9fc3082854c231620355ab66e85396acb4f70e7275fffe9d1088f91808f4029b,d4f03b3438316d8c8ac6aefbace260e11e3846275a929535e3cbdda6461229a0,3MIDD_048,120,40,0.5,4.5,negative
3MIDD_207_n36_p0__original,72f4bbabe819e04e83c53ac6ee4dc850104a56fe1f8785f4eeb3cd1ab12cea68,449ce235d4fa5bc3d977944cb304facd9cfc33bb60e962a58eee17f045316c78,3MIDD_207,36,12,0.0,0.0,original
3MIDD_207_n36_p0__mirror,6a47247fb7dbf33fab76d2fa13a657c539422c34faa1e039b5aa39921da55906,319bdb2075ae20dcdaa9ee3a5eb9838fcf3ca63ed4d1ce3f64282745d39b959f,3MIDD_207,36,12,0.0,0.0,mirror
3MIDD_207_n36_p0__negative,57fe197eb91be1391f06bd2b6e75bbbc124a3f50d33b1869087ec3ea5b8ffe67,b0f802339c5895e278ea29cfabc15d6cf05ebda4993e7bab0eedf08c54bbdc8e,3MIDD_207,36,12,0.0,0.0,negative
3MIDD_207_n36_p1__original,bbe549f6a858a9628c560c3d8df2f3a5a5ccb78724c00bde6da5e140cd48bd49,7af365e5458ba93d5e2a367cdabecd67a68f25171f1be46e808cbad62ea29033,3MIDD_207,36,12,0.5,15.0,original
3MIDD_207_n36_p1__mirror,3804ae29a6667aabfb37e0fc3537f9ea2de3afa50e8822d8c19ff58a8fb2f9cf,396269ffbb9573528b5d9ab7be8e4bbb7090cf445370cad79585e6b01b726936,3MIDD_207,36,12,0.5,15.0,mirror
3MIDD_207_n36_p1__negative,e0fe20e1b4a6e6afe67aa314799dde5e6227dac25bbb5e839fc71915ebe4f64d,40471a5b13ac3e0cc92cc2c6459a46cee827d1365b4f7af0e28329c2e65f4b9c,3MIDD_207,36,12,0.5,15.0,negative
3MIDD_207_n48_p0__original,442b365b4d5c4889d88d14cb12dc372c6d13948e0791c87817e6ff22ed1c5e71,d433862598a8a319c458b8888276b263f3a6f6b7e9379c449fa28baea9915058,3MIDD_207,48,16,0.0,0.0,original
3MIDD_207_n48_p0__mirror,880e5add75d8fabdffe66fd6e0b027973f39a52c63fc441338d6cff1c8b26009,70911d453b982a729fb345a57b6b059d7c286f3377160486790eec0ad7d2c50c,3MIDD_207,48,16,0.0,0.0,mirror
3MIDD_207_n48_p0__negative,75fddfe71fff0b33baa905dba081f8242324d7f64de4dcaf4cf36f76b3f76e64,9dba00f4b0f6b78bcb406bed3f8cfc7feea4149b2feb1aab67a7c90dd691d53c,3MIDD_207,48,16,0.0,0.0,negative
3MIDD_207_n48_p1__original,b63bcdf56c2e17486d4a717e0e0bd49ce30d9e97d4355d19693eace714e1ff02,2e90e25181de511e6492e13a9b3aa41d774a0e097b224291caae5bc8bb6baf4c,3MIDD_207,48,16,0.5,11.25,original
3MIDD_207_n48_p1__mirror,88ae205f7dbf9d27f1367658c8b4ab12d001945a1a0ebd0a803dbb50715a78a7,9fbaabc4bae7ece6dc240f75fbf97356d9bd71a0197f9b33c383478e451b1924,3MIDD_207,48,16,0.5,11.25,mirror
3MIDD_207_n48_p1__negative,71dc7d852eb4e7aa5c0f89add9f7f22c1cdd2ccf468f68acb5ef15cd6104047e,0f3b15e77b10a340783036a5774644e85dcadd51f4e05458f1ad774ef252b2cc,3MIDD_207,48,16,0.5,11.25,negative
3MIDD_207_n60_p0__original,c2d15ae4bacb87c208676b1d52682b138738ac23c8a21df72453d0eab3ece764,03d09c4007b7fe8dd78832cf2e07c7109a08c5d9af6014496cba6ff674919cd3,3MIDD_207,60,20,0.0,0.0,original
3MIDD_207_n60_p0__mirror,807b3c553127545b585693c9707a809a76f918ffeb1d4e91fe885af1348d0c50,e45f65f67cf0e28f1a349288651185b6eeb8d78e98942de8311e3a0a4d6d191a,3MIDD_207,60,20,0.0,0.0,mirror
3MIDD_207_n60_p0__negative,7f65e922e36eef5705aa8d08a8af00845efc0c86893698ec9e694fbcdccf71d5,367b23a065b7910766a3d9af62e7bcfbec2e49a983c9c69f85bf0f8199958d3c,3MIDD_207,60,20,0.0,0.0,negative
3MIDD_207_n60_p1__original,168e42142ad8d39657579b248bd5a8a06b8ba0acb22d60317d41ea0f8f615fc3,1bc133c8950417d5acf3bc8af73e4f9e89a7d65002245112c95d79a46e9a96a6,3MIDD_207,60,20,0.5,9.0,original
3MIDD_207_n60_p1__mirror,08e0cc570f435030119dde99d1318e20e04f0a7407efb87638c415b5185ad455,ca7bddad56bde96f4f17b36bbb9a2e1541caf6c8393c277ff201ff7e7b81d7cf,3MIDD_207,60,20,0.5,9.0,mirror
3MIDD_207_n60_p1__negative,645e49dca9a108b1975af3c672209bcd134cdfea3e76d6f174b568efbd2a74aa,74832eb2cf70be0f72778b1343fd25c6bc972cca612d3187176f25696acf3479,3MIDD_207,60,20,0.5,9.0,negative
3MIDD_207_n72_p0__original,26c13b34c0147bc11e78cee66ff366a129b06f8b981a2d9dc89a8b7fe1de5bf2,315b50ae3dbde0bebe2c1b95bb83da85ee48796bf9a3cffc02e55596c76559e2,3MIDD_207,72,24,0.0,0.0,original
3MIDD_207_n72_p0__mirror,b410ecad3212829e3e4ba6331d95bb55209c0aceef631e14f649bfbff62e35f2,b96f53325e83ba8d2bfb858b8686ed419c42a1d098e51a84f9f3b379896dc5c0,3MIDD_207,72,24,0.0,0.0,mirror
3MIDD_207_n72_p0__negative,7bdfbf2e8b43060511dd323eabf21c9cc7482f9d6d52cf35e5aee4f8b16775ce,d8a4ba6619e3c7f1918d4399a38abae3db926440d0e23d71ed70b9fe2bb71a6f,3MIDD_207,72,24,0.0,0.0,negative
3MIDD_207_n72_p1__original,ef5418e847a864ca2aa229d80d5eced8199373e4048cd59ebdd3654ae34599dd,8b64836f041442c9e5d53bf84822a6fa0c26c12a4d0836ec22f0d92301fd32c3,3MIDD_207,72,24,0.5,7.5,original
3MIDD_207_n72_p1__mirror,4f8f1ea0ba6a12424b124568a10b15d06352e2eb54d95ba163a98137e5fe22c2,4ccaa53eeaacaad007526b43e0aab35dd55c097e338d061e796b3dff97b9f73f,3MIDD_207,72,24,0.5,7.5,mirror
3MIDD_207_n72_p1__negative,fb135d3d61e41977a6227744d8dd1333b942be8212866723444d0968b7da2a37,7f6d01a4755648eb5d12f0dfb444284379b4ab8027a8036f5b523043fc0fc1de,3MIDD_207,72,24,0.5,7.5,negative
3MIDD_207_n84_p0__original,61b7507c6a04246f553bdbbed31e5008d7e8b22fdd666199911b22f7e73720cc,65c7318000bf54b7a62abb4a8322999e94db3152ff9d71000cfcd696fe8eb846,3MIDD_207,84,28,0.0,0.0,original
3MIDD_207_n84_p0__mirror,8b908413e6f7bff12097e2c2f21b99cce968d62764211903fe6fc680c89ddda1,af79ab89737aba2e5704c473ea24342319630ec8fc33dc2aa45791a0a3a8e00a,3MIDD_207,84,28,0.0,0.0,mirror
3MIDD_207_n84_p0__negative,bdf0f77a8955bad9c70eed90a13cd0291976ade2f7f0b5be8caf29f0a2029e28,3a89111e905c9a5cbf18198f0bd07f59c9e28d183a314bae678ac2523688a72f,3MIDD_207,84,28,0.0,0.0,negative
3MIDD_207_n84_p1__original,1664f98b4b2f9222b49e95ce5aa799249232b5b317295530a6853eca4f919b1e,18252d5d361e726637fd5a5b7dd217590b2199e86359acae2b414aff720560ab,3MIDD_207,84,28,0.5,6.428571428571429,original
3MIDD_207_n84_p1__mirror,24fd15cd12635b791c4fe3f6279803740738639bfb9220b3b82f35526e538f8a,681ce63d6a94a3ff5075e9761682f90b698b7bddd351583c611aa9da0e5715ec,3MIDD_207,84,28,0.5,6.428571428571429,mirror
3MIDD_207_n84_p1__negative,a5d0d0d15be7df8a83505b15a894d634e1a008e92802e57837b3fd8bb7604c6c,f6081f690836aa5121c82c186a4eae7fb2b98f0bdb298221e38e1886da96d0e7,3MIDD_207,84,28,0.5,6.428571428571429,negative
3MIDD_207_n96_p0__original,b6ef79ba9afef69d08e3a6fd8e23f3c29a3416f76014fac0182359f8499ac1b7,4a995697f899ac803bf6efc3f3c4666b6ba0e276fd6ea2e0714d31586b39fec3,3MIDD_207,96,32,0.0,0.0,original
3MIDD_207_n96_p0__mirror,a3613e7fd285c625d0f27efee018439721ccef6f75c0f39b4a35e3f932fcc466,399fa774900317d11153a5742fafdd5b10dee2c81c5ea69936e8a10691c40b9d,3MIDD_207,96,32,0.0,0.0,mirror
3MIDD_207_n96_p0__negative,40b3b2b6ea803a040852360386dc7aa46cef504d3963c298909e1bf0a4b7d6a8,f2808e6268219a533413c07e87772a3cac1815dc7821387c69096fa34e0a148a,3MIDD_207,96,32,0.0,0.0,negative
3MIDD_207_n96_p1__original,8d0f54d8dd907c2c0fca34cb920ed7cef910347424c7de9550c3360c0987ce7a,fe84e498592554d78cec7b6bf6228407e0d91c5a06d46a0643d19486eb7293a6,3MIDD_207,96,32,0.5,5.625,original
3MIDD_207_n96_p1__mirror,99f6984312895fd70c176fcc857690e1b54630efc6ed50e7aa66432c43a0c376,90abea80daeb3ca4b99be58443480b78ba1969eb38c11f5ea41e51cb46af3acb,3MIDD_207,96,32,0.5,5.625,mirror
3MIDD_207_n96_p1__negative,4034e8f004c3011ff0f772615aba20f7cf95ca8fa14abe33a485e7d0aa85c415,8db3c582cba654d82247888e70e795b6232a083946a3a71783a7d3ccd77a38c1,3MIDD_207,96,32,0.5,5.625,negative
3MIDD_207_n120_p0__original,cab4551dc7f18d78aedf5f21bc176641b95f80951de592992f370f67b459b170,fc14735e990fd199d563f58c2fb7b98167eb1d65648ee0c29722bcdbc5464eb5,3MIDD_207,120,40,0.0,0.0,original
3MIDD_207_n120_p0__mirror,16d253020ed46cb15205c7d4f617f722e4b3fb95fdbddd43e7cec48816e060e4,96ba70ee03c63cb4b42b8a732d7d39225eea2f0b2c36d685cdc4520c1690b994,3MIDD_207,120,40,0.0,0.0,mirror
3MIDD_207_n120_p0__negative,4c233bb25a0ee5a54f33eb30473be505745a033231fbb3a17c3c0c7b04be298b,f010e1db58263b9e6cf6a7168a237a5c803e0aa61e53c7363c85f34faf8ca378,3MIDD_207,120,40,0.0,0.0,negative
3MIDD_207_n120_p1__original,4117b8221ddc398e4bbbf296eaead324be271923d08fb7998459654d50c56401,f1025ddd44d1a651ee30a5e8ed8d53d82d04424a7eb3a39109798e33bdc1430f,3MIDD_207,120,40,0.5,4.5,original
3MIDD_207_n120_p1__mirror,4dd1a96eee15f664f084f46fcc44bb13e8983893fbd62f60ba76857ca1ea6367,96cf2b7c4b940837358d0ad516b75f1d85e7063a3f0cf46a43cb5ffef4358b5a,3MIDD_207,120,40,0.5,4.5,mirror
3MIDD_207_n120_p1__negative,78039ea2bb5e9b5c2e25e569ccc87e20af81fdea4e2d742c7ee42c7e0aa624cb,ba5c2cd4c01724a387446ddfade8cbb852b80375abc04542e296b12e8cb282f2,3MIDD_207,120,40,0.5,4.5,negative
4MIDD_085_170_n32_p0__original,b0ccb6872233d0379df6c0f8c9f17942ad95f163e8685c6583aa3eeded34186c,b205e7b6d0981de262afb1e50efe65d8f34551f5c21ee2a6d77e30339fcb8040,4MIDD_085_170,32,8,0.0,0.0,original
4MIDD_085_170_n32_p0__mirror,b16a17d2cd60867066554f246e189229592dade4d935673b9bdcb6430b636b33,ca4ae6122fbddf8842883b7c21c7847f1a151d1a0b06a50d168b348068d7c6fd,4MIDD_085_170,32,8,0.0,0.0,mirror
4MIDD_085_170_n32_p0__negative,d9d41d886028837fe32b2d0cc6794a7add8f29afdb3bf032ec5da90325c59c32,3a9b1c7ca8adc7ef1258a69c703ed30799957a86fe89f21847eeed27b4d6ccb8,4MIDD_085_170,32,8,0.0,0.0,negative
4MIDD_085_170_n32_p1__original,3d119196e63c4ef963a332a45bccd96a593293afc76e4008f79a748cbacbdf70,00b0a2de113ec351ba4f83769b4b5fa1a7ba2edd045e1ca72fc8c34e08da821b,4MIDD_085_170,32,8,0.5,22.5,original
4MIDD_085_170_n32_p1__mirror,45f0b2181d4b559ecd60ab5d5b91b484ae4ea0d86f63a42915b49488a6a444f9,f8d3c6dd128226ce66bd9cc59fdc500a186de896e1b1a4c2584fe9b91bb8b730,4MIDD_085_170,32,8,0.5,22.5,mirror
4MIDD_085_170_n32_p1__negative,b0208223885e235fdac86048381048812beb0eace713c1577ae2ccede14c9e33,3ab9241b9ddafb51ffd459e31dea8cb321160a549d40dfe61299e5a874d3c2eb,4MIDD_085_170,32,8,0.5,22.5,negative
4MIDD_085_170_n48_p0__original,b889363d5c6ceedd89c6a4e3dd2863db04ce7aa75d48364299429186133176e2,698d6554fc01d8a832374650ca6eba93a202fb12c33989a99828d88e2bb19d9e,4MIDD_085_170,48,12,0.0,0.0,original
4MIDD_085_170_n48_p0__mirror,b6fdfa8c9d1f0ecd2bbf1a9eab8d0b73fdfe804be8ca88176da36070f040953e,1d4ca119ccc047ffda5bae7eab08752829bb1b6bf225a2430874cdb6ce086bea,4MIDD_085_170,48,12,0.0,0.0,mirror
4MIDD_085_170_n48_p0__negative,8692bc9c0cbcc783cdc3a46dfd712b375c5c4227868b2b72a037e32cdeb52252,f62c72c1931149acb6834df1969d83a08dfc5196fc1e0f155dd92dc1660f0315,4MIDD_085_170,48,12,0.0,0.0,negative
4MIDD_085_170_n48_p1__original,3c7b9ec1fff50baf4adb485f3e3dc6a4bacbf3c5166023ce99a5a7f98b3c1a0e,1f0fe650074fbe5e4e28e8d3eeceb78511a11f83e1b69c7c53286e96da421153,4MIDD_085_170,48,12,0.5,15.0,original
4MIDD_085_170_n48_p1__mirror,7a3facc137b0df9f01f9d0ea1a43de044cda3987e9ba56331527be4c0b9d3088,01347035987df1425d7a35202333b5d4904d8ed62ca024b02ca8b97d5a5047e0,4MIDD_085_170,48,12,0.5,15.0,mirror
4MIDD_085_170_n48_p1__negative,5ed023a0b13b4e2df8b86aad52d8b919ff0e68e0c4e305eba8b6ba395a3c55dd,875f8637d351e8d582782ea4c12d83065d027854b1e439f7218627606faa177e,4MIDD_085_170,48,12,0.5,15.0,negative
4MIDD_085_170_n64_p0__original,97ac5fa9e8e8f989f62fcb17391e0c1959be2c5392af17e1697c2492ff1ca492,28dccd4daa51ff7b50b7c753556735ca1fd04c4bb8cf249641d5befb920c231a,4MIDD_085_170,64,16,0.0,0.0,original
4MIDD_085_170_n64_p0__mirror,5ccd99d17298f0dad5e793583adc585cd8cf0a1a1bb972e85c352676b7187f91,7de951e5b60b7630d78fb4be162d08986b963502078c3b4ef11359c8b4867563,4MIDD_085_170,64,16,0.0,0.0,mirror
4MIDD_085_170_n64_p0__negative,a01b8c5b01470b8f41ee54149c87b850be10745f323bf2084a8d2cd0d76c8294,3ca9a6100d224cfdafe0f1e95bd2080c65d5e6ef9dc65443d2ebc345a5a12643,4MIDD_085_170,64,16,0.0,0.0,negative
4MIDD_085_170_n64_p1__original,92ca712827afaec06c4aa733f339504ad3085224de4920f59c77db096f91e340,a6511a6f0fe975771ab6e5791a5b333d8617b912df86b401b110cd265f114ffb,4MIDD_085_170,64,16,0.5,11.25,original
4MIDD_085_170_n64_p1__mirror,09c6c538eb289e74689b10fba2dea46654df982c78a5d42bec7ed392221708a2,3f45635a9f68cb767e7596e53915109afa5f8ec6cc26e4433887e8bc60ab0d93,4MIDD_085_170,64,16,0.5,11.25,mirror
4MIDD_085_170_n64_p1__negative,f7ff9ed3f115f1140b6cb25060e9bbeaa18cd6851edd6264226069a16da29afa,c95abbdf35c1223953cd67da2b4f233a19525b930f0d36d190fede8bcf986dfe,4MIDD_085_170,64,16,0.5,11.25,negative
4MIDD_085_170_n72_p0__original,2cdf43e00a0e94ff8c6b1069916547b2b02a5dc1d8a6cfec044069e5e365cd8f,8f83567b0dc650b18d5559af639bf4fc8635045b213f4c0d42fee3c1599480d7,4MIDD_085_170,72,18,0.0,0.0,original
4MIDD_085_170_n72_p0__mirror,810aeb413122caac57671cfcb1d9d7b00007f9abdf9717b335874b359d3278a0,59faf12fe0557e234d46340444e8b5f71b550ad789b5c62d719e286e01d7c535,4MIDD_085_170,72,18,0.0,0.0,mirror
4MIDD_085_170_n72_p0__negative,ece30decf8aaa04878f49c2a6d46da453ab1781d587c93de3f6f035ef6f8b025,d7502293581880bee6815b47a068929fcedf0a3e0444c7e76526b0b062118af9,4MIDD_085_170,72,18,0.0,0.0,negative
4MIDD_085_170_n72_p1__original,c64a7170624673b77163199028bf7c1698ac73847c9f0c2889a119033473b268,5e15cc157674587ff008686e03ad346f57c7291581be33e0999fcf181185c209,4MIDD_085_170,72,18,0.5,10.0,original
4MIDD_085_170_n72_p1__mirror,a1ed3203eaa0f7bb2ea838761fd0d5a9fdf7da375918bfa1cf52ebdf5fc98582,43a6c28350238006b5335659138772582e620a1e2de2738bb9d91448bac17558,4MIDD_085_170,72,18,0.5,10.0,mirror
4MIDD_085_170_n72_p1__negative,3c401c704357794b59d7ce572a7a487835fbcd249e434eac850426336f5c939c,b8ec0930d5ef95b7a8672fec558829dff2a3935398eb6e5cf7278de492281829,4MIDD_085_170,72,18,0.5,10.0,negative
4MIDD_085_170_n80_p0__original,cf197a0b58c4bf72c38a855397193335f4a43c50f976c2fd0e8a4c3a1d4a40bb,2d2055532089b95f0c7de6543af1325ba5ffb575026c65311dd6657198fc6c4a,4MIDD_085_170,80,20,0.0,0.0,original
4MIDD_085_170_n80_p0__mirror,83a0777e97f0d33b41fd06c80debf4fe26aa9e83291f43efba72f358e27dc17d,b64d02258779196cfe029486bbcfa577c945021e0d9dc601bb5f4eccaf9687c4,4MIDD_085_170,80,20,0.0,0.0,mirror
4MIDD_085_170_n80_p0__negative,96c9558f6169a5e9a686739cf3c77108d489d4806badadb308729245fd6715f0,614441bf705a554098179877fbd5747ef73fac7ca432a6fb2a0c642a1454ac0b,4MIDD_085_170,80,20,0.0,0.0,negative
4MIDD_085_170_n80_p1__original,1c54ab703b90bd240fd00468e9b2e92f162572617e289118647f40f49e5fc6b1,150ad32e0f3aabbf22f3def5035135d3fba4ac15d7336b59d4866b3749a68282,4MIDD_085_170,80,20,0.5,9.0,original
4MIDD_085_170_n80_p1__mirror,7e6a79930fc8f6a0b8c0ff6244a75c28d9e3082b0362626cc2497420e780d19f,8939819a74bb10aa3d93a03905672ffe3b1d822e7aedcb15939f0aa2c792f9d3,4MIDD_085_170,80,20,0.5,9.0,mirror
4MIDD_085_170_n80_p1__negative,9fe610f46a079c785543b580809911585c3f1a3d181e65c1b2fc11e3c246ee32,b1b4dc68ca76ff4a5c5245c2c3d2465450fcfd270ddfd74e5df036b3d5ac9445,4MIDD_085_170,80,20,0.5,9.0,negative
4MIDD_085_170_n96_p0__original,57cf6f08e7ae55b38ab04b5192640dabad68431a929e601c7cc24f5bc028e97e,fd202f6fe082cca8f25f55e3940954ef80a5f4554d01330fe199dfc4a4c98173,4MIDD_085_170,96,24,0.0,0.0,original
4MIDD_085_170_n96_p0__mirror,ab895a43ab0be8167f076b6fc4920150b5c4aaf07016144b2355110ea567ef80,ebad3571651c6e6f8801d29a767c36e8818468af4deb5e3c150869d6958277b1,4MIDD_085_170,96,24,0.0,0.0,mirror
4MIDD_085_170_n96_p0__negative,324adf3fda415193956700ab4f22900abe1784258c608eb860f4ed8dd64e0b31,b9d0b3faf7b994ebe4c5653a5c2124385df8e69b074baee03a81d391ec052330,4MIDD_085_170,96,24,0.0,0.0,negative
4MIDD_085_170_n96_p1__original,f9e32df54e3f568c8e27015d70227ad75609e9fe67466068e8488bc1b79c8b7b,17e512c02f8a757fe5f0c08458115b4a89622059678ec34d85b2685c495ddc48,4MIDD_085_170,96,24,0.5,7.5,original
4MIDD_085_170_n96_p1__mirror,c0b91bddf092c86a631ba4772be8a5cbe4e4cd8dbb59b6c3de42af0cc2fe99e6,f345276d948d8d69988ff94b677ab118f7e86bfeef6e51026c4819ba61621f3e,4MIDD_085_170,96,24,0.5,7.5,mirror
4MIDD_085_170_n96_p1__negative,a45871b5bd6dbba56b9d6c1364cd382926514ff855b279aab99d0e4919dfe251,b51097188694acf28b2f6f6f6dad1bcc7e5c1cd31294fbd6040fec5ee718b52a,4MIDD_085_170,96,24,0.5,7.5,negative
4MIDD_085_170_n120_p0__original,2aef6bef35b022f16fcd7a510b6b6a6ad8c6859e64411bbdc9f57ff38e86c65d,ee8cdc53494943ba065b9f493908775b77d47353c176c11bc1882551845e4e4e,4MIDD_085_170,120,30,0.0,0.0,original
4MIDD_085_170_n120_p0__mirror,1b7b20948e3be263d368d478f7c4150513c2b30374be4101e4f9cc14a917a0a9,fdfd2a98d882d0ea893541224e1660fb3d2ec93323a18b0946760afadc0d2897,4MIDD_085_170,120,30,0.0,0.0,mirror
4MIDD_085_170_n120_p0__negative,ff3fe851abb1801ead9b919b9993c4120811f7e41a17fa760d4f06a7a5e198da,8efbeeb9862f2b59996f34b3dc31baa39cdba97db2edc821538907cb8b63b10a,4MIDD_085_170,120,30,0.0,0.0,negative
4MIDD_085_170_n120_p1__original,50f67932fa3e8e137d14d3718c69566a457a498db3fe797d3553649f281f59a1,f1eef1bc759d20e6aa64b63e21f38fd90478f578eec724411f0d7f5118372f9e,4MIDD_085_170,120,30,0.5,6.0,original
4MIDD_085_170_n120_p1__mirror,a9d1c964b9f0c87156bc6f1d6a92869e811351b8a064c50ab20079e46c736cc9,700f04c04a2949504e54fac9691f8e81d17ecedba1bf424b598b7de5d98ae0de,4MIDD_085_170,120,30,0.5,6.0,mirror
4MIDD_085_170_n120_p1__negative,e03377052186953101da9c173c93fa3aa7e7c98080ce11671906317c43ae3f13,87b87dce92b7292758526daede2a1430917d4d795719deeb814b59ffe01df6d0,4MIDD_085_170,120,30,0.5,6.0,negative
