model_id,group,T_original,T_mirror,A,abs_A,S,abs_S,M,actual_reversal,T_negative
flow/0000/000,3MIDD_048,-0.0015142454311195,0.0022100195551627,-0.0018621324931411,0.0018621324931411,0.0003478870620215,0.0003478870620215,0.0015142454311195,True,-0.0076030612150656
flow/0000/001,3MIDD_048,-0.0027467650796544,0.0001097663689719,-0.0014282657243132,0.0014282657243132,-0.0013184993553412,0.0013184993553412,0.0001097663689719,True,-0.0067008283022891
flow/0000/002,3MIDD_048,0.0005880526737834,0.0239653032087325,-0.0116886252674745,0.0116886252674745,0.012276677941258,0.012276677941258,-0.0005880526737834,False,-0.008894034712252
flow/0000/003,3MIDD_048,-0.0201326884423203,0.0404373584245615,-0.0302850234334409,0.0302850234334409,0.0101523349911205,0.0101523349911205,0.0201326884423203,True,0.0012334932303235
flow/0000/004,3MIDD_048,-0.0164577950495194,-0.0170921905067203,0.0003171977286004,0.0003171977286004,-0.0167749927781198,0.0167749927781198,-0.0164577950495194,False,-0.016691797942122
flow/0000/005,3MIDD_048,-0.016402432347872,-0.0008901722452118,-0.0077561300513301,0.0077561300513301,-0.0086463022965419,0.0086463022965419,-0.0008901722452118,False,-0.0204640118629253
flow/0000/006,3MIDD_048,-0.0132378859650357,0.0284729040026054,-0.0208553949838205,0.0208553949838205,0.0076175090187848,0.0076175090187848,0.0132378859650357,True,0.0014503676162823
flow/0000/007,3MIDD_048,-0.0066931856523311,-0.0042852372481364,-0.0012039742020973,0.0012039742020973,-0.0054892114502338,0.0054892114502338,-0.0042852372481364,False,-0.0122610936638222
flow/0000/008,3MIDD_048,-0.0089091383866177,0.003964453158042,-0.0064367957723298,0.0064367957723298,-0.0024723426142878,0.0024723426142878,0.003964453158042,True,0.0060069592534763
flow/0000/009,3MIDD_048,0.0018988322339163,0.0181208362072742,-0.0081110019866789,0.0081110019866789,0.0100098342205952,0.0100098342205952,-0.0018988322339163,False,-0.0064458772560913
flow/0000/010,3MIDD_048,0.0014748101050919,0.0001741750201301,0.0006503175424808,0.0006503175424808,0.000824492562611,0.000824492562611,-0.0001741750201301,False,-0.0282081933130035
flow/0000/011,3MIDD_048,-0.0243221624446554,-0.0196233202596317,-0.0023494210925118,0.0023494210925118,-0.0219727413521436,0.0219727413521436,-0.0196233202596317,False,-0.0270838459836434
flow/0000/012,3MIDD_048,0.0056978025752024,0.0456264789655966,-0.0199643381951971,0.0199643381951971,0.0256621407703995,0.0256621407703995,-0.0056978025752024,False,0.0079711952331895
flow/0000/013,3MIDD_048,-0.0095340655401701,0.0074688684656079,-0.008501467002889,0.008501467002889,-0.001032598537281,0.001032598537281,0.0074688684656079,True,0.0010734364063382
flow/0000/014,3MIDD_048,-0.001402936680117,0.0347340100368109,-0.018068473358464,0.018068473358464,0.0166655366783469,0.0166655366783469,0.001402936680117,True,-0.0107831259635338
flow/0000/015,3MIDD_048,-0.0069768996407317,0.010960137285245,-0.0089685184629883,0.0089685184629883,0.0019916188222566,0.0019916188222566,0.0069768996407317,True,0.0030510056591451
flow/0000/016,3MIDD_048,-0.0131945307431421,0.0024893360851196,-0.0078419334141309,0.0078419334141309,-0.0053525973290112,0.0053525973290112,0.0024893360851196,True,-0.0311177502081415
flow/0000/017,3MIDD_048,-0.0390789728662216,0.0273312017291887,-0.0332050872977052,0.0332050872977052,-0.0058738855685164,0.0058738855685164,0.0273312017291887,True,-0.0121045949104738
flow/0000/018,3MIDD_048,-0.0181081390900732,0.0056775974904968,-0.011892868290285,0.011892868290285,-0.0062152707997882,0.0062152707997882,0.0056775974904968,True,-0.0146587705771889
flow/0000/019,3MIDD_048,0.017760696974171,0.044987211336366,-0.0136132571810974,0.0136132571810974,0.0313739541552685,0.0313739541552685,-0.017760696974171,False,0.0145188327820519
flow/0000/020,3MIDD_048,-0.0099268144959029,0.0001753424209916,-0.0050510784584472,0.0050510784584472,-0.0048757360374556,0.0048757360374556,0.0001753424209916,True,-0.0069993618352599
flow/0000/021,3MIDD_048,-0.0300734559948341,-0.0083805985152959,-0.0108464287397691,0.0108464287397691,-0.019227027255065,0.019227027255065,-0.0083805985152959,False,-0.0553816604801691
flow/0000/022,3MIDD_048,-0.0091767540438026,0.002403473416509,-0.0057901137301558,0.0057901137301558,-0.0033866403136468,0.0033866403136468,0.002403473416509,True,-0.005111271087846
flow/0000/023,3MIDD_048,0.0066720925017465,0.0098243952545042,-0.0015761513763788,0.0015761513763788,0.0082482438781254,0.0082482438781254,-0.0066720925017465,False,0.0034240837712988
flow/0000/024,3MIDD_048,-0.0176952737361669,0.0352370125667909,-0.0264661431514789,0.0264661431514789,0.008770869415312,0.008770869415312,0.0176952737361669,True,-0.0036334178387573
flow/0000/025,3MIDD_048,0.0186457903840081,0.0070768983553061,0.005784446014351,0.005784446014351,0.0128613443696571,0.0128613443696571,-0.0070768983553061,False,0.0106974949915989
flow/0000/026,3MIDD_048,-0.0201187254406675,-0.0134086665968271,-0.0033550294219201,0.0033550294219201,-0.0167636960187473,0.0167636960187473,-0.0134086665968271,False,-0.0359996161470988
flow/0000/027,3MIDD_048,-0.0706539447477418,0.032851598800473,-0.0517527717741074,0.0517527717741074,-0.0189011729736343,0.0189011729736343,0.032851598800473,True,-0.0342101963203089
flow/0000/028,3MIDD_048,-0.0035730057120644,0.0053068961310088,-0.0044399509215366,0.0044399509215366,0.0008669452094721,0.0008669452094721,0.0035730057120644,True,-0.0058091441258367
flow/0000/029,3MIDD_048,0.0134897616012318,0.0447482386758863,-0.0156292385373272,0.0156292385373272,0.029119000138559,0.029119000138559,-0.0134897616012318,False,-0.0041036600813086
flow/0000/030,3MIDD_048,-0.0413782314616232,0.0175344695526187,-0.0294563505071209,0.0294563505071209,-0.0119218809545022,0.0119218809545022,0.0175344695526187,True,-0.0068782505628811
flow/0000/031,3MIDD_048,0.0285788544112169,0.0323075449738234,-0.0018643452813032,0.0018643452813032,0.0304431996925201,0.0304431996925201,-0.0285788544112169,False,0.01052707515228
flow/0000/032,3MIDD_048,-0.0419870750312057,-0.0369646912205877,-0.002511191905309,0.002511191905309,-0.0394758831258967,0.0394758831258967,-0.0369646912205877,False,-0.0216617553113546
flow/0000/033,3MIDD_048,-0.0164721741972642,-0.011357447473364,-0.0025573633619501,0.0025573633619501,-0.0139148108353141,0.0139148108353141,-0.011357447473364,False,-0.0085650329300682
flow/0000/034,3MIDD_048,-0.008878654848313,0.0070046025110499,-0.0079416286796814,0.0079416286796814,-0.0009370261686315,0.0009370261686315,0.0070046025110499,True,-0.0148647807826586
flow/0000/035,3MIDD_048,0.0098524415104451,0.0264317870693256,-0.0082896727794402,0.0082896727794402,0.0181421142898853,0.0181421142898853,-0.0098524415104451,False,0.0201447885923876
flow/0000/036,3MIDD_048,-0.0516821182888937,0.0773599789700421,-0.0645210486294679,0.0645210486294679,0.0128389303405742,0.0128389303405742,0.0516821182888937,True,-0.005097614210112
flow/0000/037,3MIDD_048,-0.0063460709278881,0.0236257407596436,-0.0149859058437658,0.0149859058437658,0.0086398349158777,0.0086398349158777,0.0063460709278881,True,0.0223960759561968
flow/0000/038,3MIDD_048,0.0132177663500046,0.0038110107742402,0.0047033777878821,0.0047033777878821,0.0085143885621224,0.0085143885621224,-0.0038110107742402,False,0.0077829318187766
flow/0000/039,3MIDD_048,0.0142443081107953,0.0082698684806245,0.0029872198150853,0.0029872198150853,0.0112570882957099,0.0112570882957099,-0.0082698684806245,False,0.0026062126838278
flow/0000/040,3MIDD_048,-0.009931712058326,-0.0036034313962761,-0.0031641403310249,0.0031641403310249,-0.006767571727301,0.006767571727301,-0.0036034313962761,False,-0.0251214254285107
flow/0000/041,3MIDD_048,0.0067749895853359,-0.0066846877520959,0.0067298386687159,0.0067298386687159,4.515091661997468e-05,4.515091661997468e-05,0.0066846877520959,True,-0.0002526368983731
flow/0000/042,3MIDD_048,-0.0064285387604979,-0.0040349948960943,-0.0011967719322017,0.0011967719322017,-0.0052317668282961,0.0052317668282961,-0.0040349948960943,False,0.0031623189418019
flow/0000/043,3MIDD_048,-0.0021418048920784,-0.0015019748038015,-0.0003199150441384,0.0003199150441384,-0.0018218898479399,0.0018218898479399,-0.0015019748038015,False,-0.0015808047154129
flow/0000/044,3MIDD_048,0.0008775506607046,0.0113858229718926,-0.005254136155594,0.005254136155594,0.0061316868162986,0.0061316868162986,-0.0008775506607046,False,-0.0036524976854008
flow/0000/045,3MIDD_048,0.0381438567996909,0.0227584003785161,0.0076927282105874,0.0076927282105874,0.0304511285891035,0.0304511285891035,-0.0227584003785161,False,0.0259286342696063
flow/0000/046,3MIDD_048,-0.0129461957159286,-0.0112523197313161,-0.0008469379923062,0.0008469379923062,-0.0120992577236223,0.0120992577236223,-0.0112523197313161,False,-0.0225710465204342
flow/0000/047,3MIDD_048,-0.0209720377414613,-0.0065689814698732,-0.007201528135794,0.007201528135794,-0.0137705096056673,0.0137705096056673,-0.0065689814698732,False,-0.0117262531239634
flow/0000/048,3MIDD_048,0.0125542064000541,0.0264035300881102,-0.006924661844028,0.006924661844028,0.0194788682440821,0.0194788682440821,-0.0125542064000541,False,0.0062093821330614
flow/0000/049,3MIDD_048,0.0100813731013169,0.0104224468490441,-0.0001705368738636,0.0001705368738636,0.0102519099751805,0.0102519099751805,-0.0100813731013169,False,0.0108710241929189
flow/0000/000,3MIDD_207,0.0179922293585959,0.0083424189002162,0.0048249052291898,0.0048249052291898,0.013167324129406,0.013167324129406,-0.0083424189002162,False,
flow/0000/001,3MIDD_207,0.0110110183874051,-0.0062873028879681,0.0086491606376866,0.0086491606376866,0.0023618577497184,0.0023618577497184,0.0062873028879681,True,
flow/0000/002,3MIDD_207,0.0219577717636737,0.0256204937133148,-0.0018313609748205,0.0018313609748205,0.0237891327384942,0.0237891327384942,-0.0219577717636737,False,
flow/0000/003,3MIDD_207,0.0514034256308256,0.0187260087622032,0.0163387084343112,0.0163387084343112,0.0350647171965144,0.0350647171965144,-0.0187260087622032,False,
flow/0000/004,3MIDD_207,0.0002652849394244,-0.0248239680120211,0.0125446264757228,0.0125446264757228,-0.0122793415362983,0.0122793415362983,0.0002652849394244,True,
flow/0000/005,3MIDD_207,0.0459812392402008,-0.0571247704721374,0.0515530048561691,0.0515530048561691,-0.0055717656159683,0.0055717656159683,0.0459812392402008,True,
flow/0000/006,3MIDD_207,0.0213389233869713,0.0092359704657497,0.0060514764606107,0.0060514764606107,0.0152874469263605,0.0152874469263605,-0.0092359704657497,False,
flow/0000/007,3MIDD_207,0.011422648411163,-0.0144106302428512,0.0129166393270071,0.0129166393270071,-0.001493990915844,0.001493990915844,0.011422648411163,True,
flow/0000/008,3MIDD_207,0.0126992192291196,-0.0151872815039684,0.013943250366544,0.013943250366544,-0.0012440311374243,0.0012440311374243,0.0126992192291196,True,
flow/0000/009,3MIDD_207,0.0279137237056888,0.0131101954749792,0.0074017641153548,0.0074017641153548,0.020511959590334,0.020511959590334,-0.0131101954749792,False,
flow/0000/010,3MIDD_207,0.0500482947591321,0.0066125131303603,0.0217178908143858,0.0217178908143858,0.0283304039447462,0.0283304039447462,-0.0066125131303603,False,
flow/0000/011,3MIDD_207,-0.0188660159559472,-0.0533831331921056,0.0172585586180792,0.0172585586180792,-0.0361245745740264,0.0361245745740264,-0.0188660159559472,False,
flow/0000/012,3MIDD_207,0.0276819585438449,-0.0033192449289724,0.0155006017364087,0.0155006017364087,0.0121813568074362,0.0121813568074362,0.0033192449289724,True,
flow/0000/013,3MIDD_207,-0.0046231344360603,0.0007934636477328,-0.0027082990418966,0.0027082990418966,-0.0019148353941637,0.0019148353941637,0.0007934636477328,True,
flow/0000/014,3MIDD_207,0.0281120893716719,0.0031394306967703,0.0124863293374507,0.0124863293374507,0.0156257600342211,0.0156257600342211,-0.0031394306967703,False,
flow/0000/015,3MIDD_207,-0.0027319190311506,-0.0018230412341938,-0.0004544388984783,0.0004544388984783,-0.0022774801326722,0.0022774801326722,-0.0018230412341938,False,
flow/0000/016,3MIDD_207,0.0327515583271823,-0.0148267382234063,0.0237891482752943,0.0237891482752943,0.008962410051888,0.008962410051888,0.0148267382234063,True,
flow/0000/017,3MIDD_207,0.0074759504394841,-0.0570770255216706,0.0322764879805774,0.0322764879805774,-0.0248005375410932,0.0248005375410932,0.0074759504394841,True,
flow/0000/018,3MIDD_207,0.0050512980817842,-0.0024645866357831,0.0037579423587837,0.0037579423587837,0.0012933557230005,0.0012933557230005,0.0024645866357831,True,
flow/0000/019,3MIDD_207,0.020225728031755,0.0148759150921873,0.0026749064697838,0.0026749064697838,0.0175508215619711,0.0175508215619711,-0.0148759150921873,False,
flow/0000/020,3MIDD_207,0.0112697768399041,0.0003146543046586,0.0054775612676227,0.0054775612676227,0.0057922155722814,0.0057922155722814,-0.0003146543046586,False,
flow/0000/021,3MIDD_207,0.0063429999550409,-0.0113150258327041,0.0088290128938725,0.0088290128938725,-0.0024860129388316,0.0024860129388316,0.0063429999550409,True,
flow/0000/022,3MIDD_207,0.0145384400221432,-0.0106721876765098,0.0126053138493265,0.0126053138493265,0.0019331261728167,0.0019331261728167,0.0106721876765098,True,
flow/0000/023,3MIDD_207,0.0220109362283645,0.0079406955682436,0.0070351203300604,0.0070351203300604,0.0149758158983041,0.0149758158983041,-0.0079406955682436,False,
flow/0000/024,3MIDD_207,0.0586800610562645,0.0123367431652363,0.023171658945514,0.023171658945514,0.0355084021107504,0.0355084021107504,-0.0123367431652363,False,
flow/0000/025,3MIDD_207,-0.0034870567819433,-0.0017461554737235,-0.0008704506541098,0.0008704506541098,-0.0026166061278334,0.0026166061278334,-0.0017461554737235,False,
flow/0000/026,3MIDD_207,-0.0091321741926202,-0.0257494971980642,0.008308661502722,0.008308661502722,-0.0174408356953422,0.0174408356953422,-0.0091321741926202,False,
flow/0000/027,3MIDD_207,0.0108103120056232,-0.041267647107973,0.0260389795567981,0.0260389795567981,-0.0152286675511748,0.0152286675511748,0.0108103120056232,True,
flow/0000/028,3MIDD_207,0.0077667732672475,-0.0098514440022774,0.0088091086347624,0.0088091086347624,-0.0010423353675149,0.0010423353675149,0.0077667732672475,True,
flow/0000/029,3MIDD_207,0.043576127394647,0.0424969954499127,0.0005395659723671,0.0005395659723671,0.0430365614222798,0.0430365614222798,-0.0424969954499127,False,
flow/0000/030,3MIDD_207,0.0059623377443706,-0.0143638501689662,0.0101630939566684,0.0101630939566684,-0.0042007562122978,0.0042007562122978,0.0059623377443706,True,
flow/0000/031,3MIDD_207,0.0561312442499161,0.0133122219913991,0.0214095111292585,0.0214095111292585,0.0347217331206576,0.0347217331206576,-0.0133122219913991,False,
flow/0000/032,3MIDD_207,-0.022590514640003,-0.0099194268853122,-0.0063355438773453,0.0063355438773453,-0.0162549707626576,0.0162549707626576,-0.0099194268853122,False,
flow/0000/033,3MIDD_207,0.0162567595946994,-0.0004871391058189,0.0083719493502591,0.0083719493502591,0.0078848102444402,0.0078848102444402,0.0004871391058189,True,
flow/0000/034,3MIDD_207,-0.0020193047327939,-0.0044511435028451,0.0012159193850256,0.0012159193850256,-0.0032352241178195,0.0032352241178195,-0.0020193047327939,False,
flow/0000/035,3MIDD_207,0.0438040020607575,0.0393274042188109,0.0022382989209733,0.0022382989209733,0.0415657031397842,0.0415657031397842,-0.0393274042188109,False,
flow/0000/036,3MIDD_207,0.0263793717860748,0.0352206951584752,-0.0044206616862002,0.0044206616862002,0.030800033472275,0.030800033472275,-0.0263793717860748,False,
flow/0000/037,3MIDD_207,0.0220310330510661,0.0199375698588171,0.0010467315961245,0.0010467315961245,0.0209843014549416,0.0209843014549416,-0.0199375698588171,False,
flow/0000/038,3MIDD_207,0.018392728034532,0.0095410917833658,0.004425818125583,0.004425818125583,0.0139669099089489,0.0139669099089489,-0.0095410917833658,False,
flow/0000/039,3MIDD_207,0.0116825791383698,0.0051267817812871,0.0032778986785413,0.0032778986785413,0.0084046804598284,0.0084046804598284,-0.0051267817812871,False,
flow/0000/040,3MIDD_207,-0.0279409792386163,-0.0190496258152397,-0.0044456767116882,0.0044456767116882,-0.023495302526928,0.023495302526928,-0.0190496258152397,False,
flow/0000/041,3MIDD_207,0.0073116664099217,-0.0056798256057736,0.0064957460078477,0.0064957460078477,0.000815920402074,0.000815920402074,0.0056798256057736,True,
flow/0000/042,3MIDD_207,-0.0041163657657226,-0.0028143244570316,-0.0006510206543454,0.0006510206543454,-0.0034653451113771,0.0034653451113771,-0.0028143244570316,False,
flow/0000/043,3MIDD_207,0.0014091909318497,0.0107819048407852,-0.0046863569544677,0.0046863569544677,0.0060955478863175,0.0060955478863175,-0.0014091909318497,False,
flow/0000/044,3MIDD_207,0.0203009379801593,0.0025014202592393,0.00889975886046,0.00889975886046,0.0114011791196993,0.0114011791196993,-0.0025014202592393,False,
flow/0000/045,3MIDD_207,-0.0073662272996464,-0.0138739609001681,0.0032538668002608,0.0032538668002608,-0.0106200940999072,0.0106200940999072,-0.0073662272996464,False,
flow/0000/046,3MIDD_207,-0.0152265954043776,-0.0115786788179356,-0.0018239582932209,0.0018239582932209,-0.0134026371111566,0.0134026371111566,-0.0115786788179356,False,
flow/0000/047,3MIDD_207,0.0051945500473101,-0.0023586275666274,0.0037765888069688,0.0037765888069688,0.0014179612403413,0.0014179612403413,0.0023586275666274,True,
flow/0000/048,3MIDD_207,0.0173282195830767,0.0139618443302335,0.0016831876264216,0.0016831876264216,0.0156450319566551,0.0156450319566551,-0.0139618443302335,False,
flow/0000/049,3MIDD_207,0.0147985944086117,0.0140046684729637,0.0003969629678239,0.0003969629678239,0.0144016314407877,0.0144016314407877,-0.0140046684729637,False,
flow/0000/000,4MIDD_085_170,0.008371029413923,0.0069221529740579,0.0007244382199325,0.0007244382199325,0.0076465911939905,0.0076465911939905,-0.0069221529740579,False,
flow/0000/001,4MIDD_085_170,-0.0011036726791434,-0.0033019422620912,0.0010991347914739,0.0010991347914739,-0.0022028074706173,0.0022028074706173,-0.0011036726791434,False,
flow/0000/002,4MIDD_085_170,0.0113113920793486,0.0029931437091728,0.0041591241850879,0.0041591241850879,0.0071522678942607,0.0071522678942607,-0.0029931437091728,False,
flow/0000/003,4MIDD_085_170,0.0346271281241783,0.0113246153552815,0.0116512563844484,0.0116512563844484,0.0229758717397299,0.0229758717397299,-0.0113246153552815,False,
flow/0000/004,4MIDD_085_170,-0.0177321378281578,-0.0161683582421646,-0.0007818897929965,0.0007818897929965,-0.0169502480351612,0.0169502480351612,-0.0161683582421646,False,
flow/0000/005,4MIDD_085_170,-0.0042026716416958,0.0024025286478427,-0.0033026001447692,0.0033026001447692,-0.0009000714969265,0.0009000714969265,0.0024025286478427,True,
flow/0000/006,4MIDD_085_170,0.0202674208370267,-0.0047110385240639,0.0124892296805453,0.0124892296805453,0.0077781911564814,0.0077781911564814,0.0047110385240639,True,
flow/0000/007,4MIDD_085_170,0.0009682145815162,-0.0014908431858828,0.0012295288836995,0.0012295288836995,-0.0002613143021833,0.0002613143021833,0.0009682145815162,True,
flow/0000/008,4MIDD_085_170,-0.0094964409642498,0.0018106809490976,-0.0056535609566737,0.0056535609566737,-0.0038428800075761,0.0038428800075761,0.0018106809490976,True,
flow/0000/009,4MIDD_085_170,0.015370021241146,0.0017223128043919,0.006823854218377,0.006823854218377,0.008546167022769,0.008546167022769,-0.0017223128043919,False,
flow/0000/010,4MIDD_085_170,0.011525750117288,0.004247966175716,0.0036388919707859,0.0036388919707859,0.007886858146502,0.007886858146502,-0.004247966175716,False,
flow/0000/011,4MIDD_085_170,-0.029152518124056,-0.0221723427113783,-0.0034900877063388,0.0034900877063388,-0.0256624304177172,0.0256624304177172,-0.0221723427113783,False,
flow/0000/012,4MIDD_085_170,0.0277049994221363,0.0199455731964592,0.0038797131128385,0.0038797131128385,0.0238252863092978,0.0238252863092978,-0.0199455731964592,False,
flow/0000/013,4MIDD_085_170,-0.0011711996186285,-0.000216807269955,-0.0004771961743367,0.0004771961743367,-0.0006940034442917,0.0006940034442917,-0.000216807269955,False,
flow/0000/014,4MIDD_085_170,0.0229371231649993,0.0040530647021861,0.0094420292314066,0.0094420292314066,0.0134950939335927,0.0134950939335927,-0.0040530647021861,False,
flow/0000/015,4MIDD_085_170,-0.0006973326055723,0.0011144249786059,-0.0009058787920891,0.0009058787920891,0.0002085461865168,0.0002085461865168,0.0006973326055723,True,
flow/0000/016,4MIDD_085_170,0.0147734202460869,-0.0104931151552119,0.0126332677006494,0.0126332677006494,0.0021401525454374,0.0021401525454374,0.0104931151552119,True,
flow/0000/017,4MIDD_085_170,-0.0175416658642509,-0.0336412233445126,0.0080497787401308,0.0080497787401308,-0.0255914446043817,0.0255914446043817,-0.0175416658642509,False,
flow/0000/018,4MIDD_085_170,0.0115258376637723,0.0017484206878208,0.0048887084879757,0.0048887084879757,0.0066371291757966,0.0066371291757966,-0.0017484206878208,False,
flow/0000/019,4MIDD_085_170,0.0203129178861083,0.015841336438632,0.0022357907237381,0.0022357907237381,0.0180771271623702,0.0180771271623702,-0.015841336438632,False,
flow/0000/020,4MIDD_085_170,0.0075521085602715,0.0012489263000619,0.0031515911301048,0.0031515911301048,0.0044005174301667,0.0044005174301667,-0.0012489263000619,False,
flow/0000/021,4MIDD_085_170,0.0196725830328172,0.0160248865594265,0.0018238482366953,0.0018238482366953,0.0178487347961219,0.0178487347961219,-0.0160248865594265,False,
flow/0000/022,4MIDD_085_170,0.0031548928621384,-0.0086688831380955,0.0059118880001169,0.0059118880001169,-0.0027569951379785,0.0027569951379785,0.0031548928621384,True,
flow/0000/023,4MIDD_085_170,0.0059082534384946,0.0078445647041516,-0.0009681556328284,0.0009681556328284,0.0068764090713231,0.0068764090713231,-0.0059082534384946,False,
flow/0000/024,4MIDD_085_170,0.0213667571995107,0.0103658814512921,0.0055004378741092,0.0055004378741092,0.0158663193254014,0.0158663193254014,-0.0103658814512921,False,
flow/0000/025,4MIDD_085_170,0.0029579735612766,0.004440244959389,-0.0007411356990561,0.0007411356990561,0.0036991092603328,0.0036991092603328,-0.0029579735612766,False,
flow/0000/026,4MIDD_085_170,-0.0145879780584872,-0.0184712610866348,0.0019416415140738,0.0019416415140738,-0.016529619572561,0.016529619572561,-0.0145879780584872,False,
flow/0000/027,4MIDD_085_170,-0.0053663922014886,-0.0253256425226866,0.009979625160599,0.009979625160599,-0.0153460173620876,0.0153460173620876,-0.0053663922014886,False,
flow/0000/028,4MIDD_085_170,0.0027276739014597,-0.0028486289651809,0.0027881514333203,0.0027881514333203,-6.047753186060262e-05,6.047753186060262e-05,0.0027276739014597,True,
flow/0000/029,4MIDD_085_170,0.0403304720364778,0.0249128091770782,0.0077088314296997,0.0077088314296997,0.032621640606778,0.032621640606778,-0.0249128091770782,False,
flow/0000/030,4MIDD_085_170,-0.00285895528897,-0.0206556807687124,0.0088983627398711,0.0088983627398711,-0.0117573180288412,0.0117573180288412,-0.00285895528897,False,
flow/0000/031,4MIDD_085_170,0.047693314132095,0.0143366920133855,0.0166783110593547,0.0166783110593547,0.0310150030727402,0.0310150030727402,-0.0143366920133855,False,
flow/0000/032,4MIDD_085_170,-0.0417623263972963,-0.0276355656425783,-0.0070633803773589,0.0070633803773589,-0.0346989460199373,0.0346989460199373,-0.0276355656425783,False,
flow/0000/033,4MIDD_085_170,-0.0009507286705116,-0.0099998705062123,0.0045245709178503,0.0045245709178503,-0.005475299588362,0.005475299588362,-0.0009507286705116,False,
flow/0000/034,4MIDD_085_170,-0.0081327474449165,-0.0049845014486479,-0.0015741229981343,0.0015741229981343,-0.0065586244467822,0.0065586244467822,-0.0049845014486479,False,
flow/0000/035,4MIDD_085_170,0.0278669979144607,-6.518758464964625e-05,0.0139660927495552,0.0139660927495552,0.0139009051649055,0.0139009051649055,6.518758464964594e-05,True,
flow/0000/036,4MIDD_085_170,0.0418229658655241,0.0303283831791438,0.0057472913431901,0.0057472913431901,0.036075674522334,0.036075674522334,-0.0303283831791438,False,
flow/0000/037,4MIDD_085_170,0.0227030256083304,0.0016206514123947,0.0105411870979678,0.0105411870979678,0.0121618385103625,0.0121618385103625,-0.0016206514123947,False,
flow/0000/038,4MIDD_085_170,0.014886528703381,0.0234907371468103,-0.0043021042217146,0.0043021042217146,0.0191886329250956,0.0191886329250956,-0.014886528703381,False,
flow/0000/039,4MIDD_085_170,0.0088693428972921,0.0112729767091177,-0.0012018169059128,0.0012018169059128,0.0100711598032049,0.0100711598032049,-0.0088693428972921,False,
flow/0000/040,4MIDD_085_170,-0.0131881555011,-0.011089638441377,-0.0010492585298614,0.0010492585298614,-0.0121388969712385,0.0121388969712385,-0.011089638441377,False,
flow/0000/041,4MIDD_085_170,-0.0002152265242981,0.0018125004019831,-0.0010138634631406,0.0010138634631406,0.0007986369388424,0.0007986369388424,0.0002152265242981,True,
flow/0000/042,4MIDD_085_170,0.0038424126067996,-0.0045704028257144,0.004206407716257,0.004206407716257,-0.0003639951094573,0.0003639951094573,0.0038424126067996,True,
flow/0000/043,4MIDD_085_170,-6.853238336397588e-06,0.0031883338755569,-0.0015975935569466,0.0015975935569466,0.0015907403186102,0.0015907403186102,6.853238336397734e-06,True,
flow/0000/044,4MIDD_085_170,0.0163329174487241,0.0016424824475438,0.0073452175005901,0.0073452175005901,0.008987699948134,0.008987699948134,-0.0016424824475438,False,
flow/0000/045,4MIDD_085_170,0.0128954995467988,0.0214702243958705,-0.0042873624245358,0.0042873624245358,0.0171828619713347,0.0171828619713347,-0.0128954995467988,False,
flow/0000/046,4MIDD_085_170,-0.0052019264145697,-0.0075222862424727,0.0011601799139515,0.0011601799139515,-0.0063621063285212,0.0063621063285212,-0.0052019264145697,False,
flow/0000/047,4MIDD_085_170,-0.0075316508770766,-0.0131931066008988,0.002830727861911,0.002830727861911,-0.0103623787389877,0.0103623787389877,-0.0075316508770766,False,
flow/0000/048,4MIDD_085_170,0.0141571522663647,0.0118099700666614,0.0011735910998516,0.0011735910998516,0.0129835611665131,0.0129835611665131,-0.0118099700666614,False,
flow/0000/049,4MIDD_085_170,0.0145731525990121,0.0144942001136189,3.947624269662418e-05,3.947624269662418e-05,0.0145336763563155,0.0145336763563155,-0.0144942001136189,False,
