optimizer_step,group,n_seeds,median,q25,q75
0,3MIDD_048,14,9.299022327728174e-10,5.154493771624525e-10,1.6432784373601546e-09
0,3MIDD_207,14,1.8451097948478555e-09,8.421949576444561e-10,2.137704887859433e-09
0,4MIDD_085_170,14,4.331290591392376e-10,-1.5948568031304777e-10,9.50523043653388e-10
1000,3MIDD_048,14,5.977640445749711e-07,2.765612393756207e-08,1.1268209613752179e-06
1000,3MIDD_207,14,4.97601060724974e-07,1.4214322073758312e-07,1.1629871146875428e-06
1000,4MIDD_085_170,14,9.345038742489264e-08,-1.0811138950002006e-08,1.7674343678766944e-07
2000,3MIDD_048,14,6.076168459249413e-07,-1.3967391448137451e-05,3.914118451349983e-06
2000,3MIDD_207,14,2.936142311251149e-07,-1.6776866352649915e-05,5.118315066438272e-06
2000,4MIDD_085_170,14,-7.913602041247601e-07,-1.8473243192753449e-06,7.617818621876387e-07
3000,3MIDD_048,14,-1.4146791120224814e-05,-2.3530890928075035e-05,6.346333260038445e-06
3000,3MIDD_207,14,-7.98219170037532e-06,-2.6719656887999642e-05,4.105879046012429e-06
3000,4MIDD_085_170,14,3.9767192532426214e-07,-6.155745317112699e-06,1.1994172766837492e-05
4000,3MIDD_048,14,1.0312538990875022e-05,2.8609813890750737e-06,4.2379197908487716e-05
4000,3MIDD_207,14,9.280699340350027e-06,5.945245700150585e-09,3.0306379085174605e-05
4000,4MIDD_085_170,14,1.2406398192525139e-05,-2.048294860799776e-06,3.3241806880300004e-05
5000,3MIDD_048,14,2.2050956891624986e-05,4.723349125075301e-06,2.8468602848987445e-05
5000,3MIDD_207,14,2.0328086057374943e-05,-9.643793975937448e-06,3.283287937500036e-05
5000,4MIDD_085_170,14,1.0003762381525578e-05,-3.6096507911501487e-06,3.532545477164982e-05
6000,3MIDD_048,14,1.630721468125013e-05,-8.73830336043757e-06,3.814941327408728e-05
6000,3MIDD_207,14,5.900335900325005e-06,-1.8613718336162532e-05,2.4512961477812838e-05
6000,4MIDD_085_170,14,1.880041076749941e-06,-1.79916808724502e-05,5.88171417070626e-05
7000,3MIDD_048,14,3.2788854970625044e-05,-2.76849320593746e-06,8.449563454643745e-05
7000,3MIDD_207,14,3.2722466351975e-05,9.009227838674964e-06,4.4652771479137523e-05
7000,4MIDD_085_170,14,-1.9454041289825014e-05,-3.196830631528743e-05,3.02334606089626e-05
8000,3MIDD_048,14,3.790927228010041e-05,2.3263581820018522e-05,5.845032960107496e-05
8000,3MIDD_207,14,2.515468700307541e-05,1.5143378838537032e-05,4.654423121747516e-05
8000,4MIDD_085_170,14,4.94884763502503e-06,-1.8654237097212524e-05,8.252485901727506e-05
9000,3MIDD_048,14,7.052581943479985e-05,3.287364128212459e-05,9.303970641862526e-05
9000,3MIDD_207,14,3.719364135224996e-05,9.933830332775276e-06,6.966426256664994e-05
9000,4MIDD_085_170,14,-1.2220066107771477e-05,-3.359204487157518e-05,3.134253659746266e-05
10000,3MIDD_048,14,3.496606859784983e-05,3.631965084762532e-06,4.466780071476302e-05
10000,3MIDD_207,14,2.1543789061474966e-05,-6.063940028987538e-06,6.58521777075875e-05
10000,4MIDD_085_170,14,-7.3773591107249696e-06,-2.279637864893773e-05,4.2375756458862496e-05
11000,3MIDD_048,14,4.925587744492553e-05,2.8102477875849985e-05,8.095588140703748e-05
11000,3MIDD_207,14,4.4514947603174965e-05,1.9375277818963225e-05,8.619228505099986e-05
11000,4MIDD_085_170,14,3.321000330767503e-05,-5.90210442526272e-06,5.552886214453754e-05
12000,3MIDD_048,14,8.645195186020044e-05,5.953059744627504e-05,0.00013600660584823745
12000,3MIDD_207,14,9.008126071454974e-05,3.829300788658739e-05,0.0001365845369664665
12000,4MIDD_085_170,14,1.7268569929474272e-05,-4.026587419100143e-06,6.427769669621242e-05
13000,3MIDD_048,14,7.235845982322508e-05,3.1073236594299876e-05,9.104939273505037e-05
13000,3MIDD_207,14,7.16183276783999e-05,4.374968336677532e-05,0.00010704820883431258
13000,4MIDD_085_170,14,-8.898064176125699e-06,-7.278078226451265e-05,3.1352104148387296e-05
14000,3MIDD_048,14,7.948096661049991e-05,5.614276416852557e-05,0.00012598935206461256
14000,3MIDD_207,14,0.00011679910065987497,7.159282204008779e-05,0.00016107296338361253
14000,4MIDD_085_170,14,6.993240315475262e-06,-4.453366884976274e-05,7.729991743317508e-05
15000,3MIDD_048,14,9.222689339470012e-05,4.495294074620008e-05,0.00016565572732381246
15000,3MIDD_207,14,7.961754525137479e-05,3.087523250495086e-05,0.00020414135935580558
15000,4MIDD_085_170,14,2.520814350467481e-05,-8.080492898721247e-05,6.948028252193767e-05
16000,3MIDD_048,14,0.0001531509139181249,7.295850978561187e-05,0.00023285245306624958
16000,3MIDD_207,14,8.131768442812531e-05,5.419803380583713e-05,0.00018708822495026246
16000,4MIDD_085_170,14,4.36262894624249e-05,-2.7047586495999295e-05,9.683036818891236e-05
17000,3MIDD_048,14,0.0001493420111252754,8.977125286617493e-05,0.00020203279367503758
17000,3MIDD_207,14,0.00012364363274109996,8.077442701933746e-05,0.0002525538442853003
17000,4MIDD_085_170,14,8.936519796544996e-05,-1.458763053431263e-05,0.00021903648664741283
18000,3MIDD_048,14,0.00013371051467035017,8.807663791422543e-05,0.0002497921625523625
18000,3MIDD_207,14,9.387398500404986e-05,2.928269091314966e-05,0.00017621915231273748
18000,4MIDD_085_170,14,6.722922500117506e-05,9.508279954037469e-06,0.00012830486872407486
19000,3MIDD_048,14,0.000182132602784175,0.00013691006732352513,0.00022145069562775
19000,3MIDD_207,14,0.0002005480798033751,9.972816961557483e-05,0.00024286916614058745
19000,4MIDD_085_170,14,9.404308526897518e-05,2.8386660494862236e-05,0.00013853668666698743
20000,3MIDD_048,14,0.00011131039785777493,2.806902983270009e-05,0.00031244189882510007
20000,3MIDD_207,14,0.00014951897088477488,3.317033048850517e-06,0.0003269384783425375
20000,4MIDD_085_170,14,8.634304776577507e-05,-5.975598536012416e-06,0.00016218056200102498
21000,3MIDD_048,14,0.00022125146390705036,0.00012150423851726251,0.0004064696083380373
21000,3MIDD_207,14,0.00019920600188837482,0.00015709259961482503,0.0005182000123738375
21000,4MIDD_085_170,14,8.569488675052488e-05,9.023240073324865e-06,0.00025823860479855
22000,3MIDD_048,14,0.00019082436134487517,4.047479566507503e-05,0.0002582148470231254
22000,3MIDD_207,14,0.000160797141702825,-5.941053807049829e-06,0.00035384893721631246
22000,4MIDD_085_170,14,6.10355772053e-05,-3.5139789296749626e-05,0.0002008838333646124
23000,3MIDD_048,14,5.040234686815037e-05,-2.9955592930387508e-05,0.0003594199171237875
23000,3MIDD_207,14,0.000197229122429575,-3.877715804970001e-05,0.0003523474799213374
23000,4MIDD_085_170,14,4.618154089202503e-05,-0.0001271465021545621,0.00026834610259018747
24000,3MIDD_048,14,0.00017709550279782545,5.072833704626882e-07,0.00028210258210637493
24000,3MIDD_207,14,0.0002005714115010002,2.6687113239937457e-05,0.00037382515274240005
24000,4MIDD_085_170,14,-2.8539094822425037e-05,-0.0002251189689477371,0.00016869909001355002
25000,3MIDD_048,14,0.00010086801002637486,-0.00010928127525451251,0.000803961434613188
25000,3MIDD_207,14,0.00026870047854014997,-2.9937247332137472e-05,0.0005713478728202378
25000,4MIDD_085_170,14,0.000152724458046675,-2.746011884298749e-05,0.0003763573294469508
26000,3MIDD_048,14,0.0004097768217696,0.0001529515455816875,0.0010119887056241495
26000,3MIDD_207,14,0.000318514727116775,8.315482227556252e-05,0.0007805805840619751
26000,4MIDD_085_170,14,0.00024323204420542504,-0.0001456665023269001,0.0006411223674187
27000,3MIDD_048,14,0.0004121586609701004,8.521247740421247e-05,0.0008776744063166125
27000,3MIDD_207,14,0.00042385467804012495,-0.0001315872780165498,0.0030357884999795753
27000,4MIDD_085_170,14,0.0001404928355061251,-3.5377597348505482e-06,0.0010877531410935122
28000,3MIDD_048,14,0.0002179753617070001,-0.00019167723515881236,0.0005399942459508628
28000,3MIDD_207,14,0.0005058324337846997,0.0002581295034940874,0.0054739445127078255
28000,4MIDD_085_170,14,8.644284905264974e-05,-0.00018905956356263741,0.0012617712153342878
29000,3MIDD_048,14,-0.00011907277306537486,-0.0005359231382840623,0.000262602818733725
29000,3MIDD_207,14,0.00030054630548659994,-4.399646848211316e-05,0.002071660399368737
29000,4MIDD_085_170,14,0.0002600245441571748,-0.00015997665410405048,0.0028424131271648123
30000,3MIDD_048,14,0.00026710869800285046,-0.0004377202358715501,0.0005980116703845252
30000,3MIDD_207,14,0.00069392430562635,0.00019375198921842512,0.003397251581444125
30000,4MIDD_085_170,14,0.00013374507236407488,-0.00041426126378882517,0.0010343244214230626
31000,3MIDD_048,14,0.00020493312565667498,-0.00048144698396468746,0.000947403904071075
31000,3MIDD_207,14,0.0008551357270659998,0.00018869627699845024,0.005626211290968499
31000,4MIDD_085_170,14,-7.97127625097485e-06,-0.00042413863236615007,0.0010299696835081873
32000,3MIDD_048,14,0.00039477484402127526,-0.0008455560083170253,0.0015494168601292461
32000,3MIDD_207,14,0.0006630295326084251,-1.8815765055495886e-06,0.014656174970616201
32000,4MIDD_085_170,14,0.0001381605010257244,-0.0004948280031703752,0.0042360968729166625
33000,3MIDD_048,14,-0.0007921830369028253,-0.005531425190848802,0.00047811024182635073
33000,3MIDD_207,14,0.0010414343983814749,7.027187580121237e-05,0.016935419194744925
33000,4MIDD_085_170,14,0.00012456023219997508,-0.0008263547434813749,0.0040368606554844755
34000,3MIDD_048,14,-8.933816507679989e-05,-0.004571497772758875,0.0008994784330253378
34000,3MIDD_207,14,0.0009470932184704002,-4.503994143552462e-05,0.01527698096980314
34000,4MIDD_085_170,14,0.00010965560433110009,-0.0006117546614953502,0.004277681605709212
35000,3MIDD_048,14,-0.0008640950353376255,-0.004808750148548637,0.0004758176729019
35000,3MIDD_207,14,0.0017568828641055002,0.0005772267221219254,0.0166034368368012
35000,4MIDD_085_170,14,5.719059668322555e-05,-0.0013116183927419879,0.004022474510195263
36000,3MIDD_048,14,-0.0032473519802380998,-0.008807863498616487,-4.52974264571127e-05
36000,3MIDD_207,14,0.00361310382962985,0.0014142716332939754,0.021203676666637975
36000,4MIDD_085_170,14,0.00015079790420739997,-0.0022505534734103497,0.005026542365950499
37000,3MIDD_048,14,-0.004380785805084844,-0.015528227385557099,0.0002638640541818754
37000,3MIDD_207,14,0.008734682080441375,0.002246787761286252,0.02384525741146315
37000,4MIDD_085_170,14,0.0003292664989414997,-0.00134939817130775,0.005753080829641086
38000,3MIDD_048,14,-0.009030568826966724,-0.016073997253634162,-5.085171277862527e-05
38000,3MIDD_207,14,0.010218325623494326,0.0024774639527758626,0.027946790897997117
38000,4MIDD_085_170,14,0.0017563471400181756,-0.0006415836481317751,0.010454107174767175
39000,3MIDD_048,14,-0.005210220697329975,-0.014932601908308363,-6.951145198221242e-05
39000,3MIDD_207,14,0.012563692415472526,0.0032702923969023874,0.01950724687877404
39000,4MIDD_085_170,14,0.0028223866649884997,-0.0006303499983537626,0.008141907016153726
40000,3MIDD_048,14,-0.005533279658549925,-0.015592836092619673,-0.0006755428506725751
40000,3MIDD_207,14,0.017414012517802273,0.00372299021823755,0.032162481831785696
40000,4MIDD_085_170,14,0.0022713482593391754,0.00019686495329892498,0.007812840248365462
41000,3MIDD_048,14,-0.009951184605894524,-0.021734735175543165,-0.0008389686620064128
41000,3MIDD_207,14,0.01524992248119625,0.004054189351464951,0.04084120991229642
41000,4MIDD_085_170,14,0.004246552782011475,0.00019768931505529996,0.010212905220112138
42000,3MIDD_048,14,-0.01056023721909425,-0.018968151779130738,-0.0022937398275257627
42000,3MIDD_207,14,0.014551731366012,0.0028025757020068882,0.041502061195325235
42000,4MIDD_085_170,14,0.004354176455329899,0.00028961634158782565,0.010238944060200851
43000,3MIDD_048,14,-0.013599718012022949,-0.020210867178010676,-0.001570785334112825
43000,3MIDD_207,14,0.016771394783743926,0.00243160836108345,0.05053243493509719
43000,4MIDD_085_170,14,0.0016509449938633,-0.0017873862759259125,0.012046323447036425
44000,3MIDD_048,14,-0.011821679210887025,-0.02143019605878294,-0.0015651780218033377
44000,3MIDD_207,14,0.0126257130511467,0.003721977678422812,0.0386497289545053
44000,4MIDD_085_170,14,0.003956283512419025,-0.0003609965559486507,0.01387457023333915
45000,3MIDD_048,14,-0.012318328948549326,-0.01774862764767325,-0.0016680733783467
45000,3MIDD_207,14,0.009755047376611023,0.006807527692375987,0.034182769452104474
45000,4MIDD_085_170,14,0.0048720427675012,0.0006061186198964874,0.010066322433366125
46000,3MIDD_048,14,-0.01110872477921995,-0.015645633741845213,-0.003602747837676812
46000,3MIDD_207,14,0.013047196181796374,0.0039411548644065495,0.029983132894928842
46000,4MIDD_085_170,14,0.0010844007848471759,-0.001332207480383337,0.010749248284870925
47000,3MIDD_048,14,-0.013733240829566425,-0.018735027169386173,-0.0036561832525071622
47000,3MIDD_207,14,0.017782665144022623,0.005226142066421051,0.035765171135854076
47000,4MIDD_085_170,14,0.006788539815336427,-0.000996350324639773,0.011250833455377113
48000,3MIDD_048,14,-0.01409869886966825,-0.01796806294173329,-0.002422217624743825
48000,3MIDD_207,14,0.016291425644735152,0.004330313168659438,0.03543269438842803
48000,4MIDD_085_170,14,0.004436739926413525,-0.0007467511345254999,0.014543723700316038
49000,3MIDD_048,14,-0.009130487071063375,-0.015292065556854924,-0.0036321088004284373
49000,3MIDD_207,14,0.0169125716918118,0.005324980804136538,0.029974011492818423
49000,4MIDD_085_170,14,0.0017789912407385746,-0.0004020731402502001,0.014872356374898612
50000,3MIDD_048,14,-0.013502159918351901,-0.017194539131168012,-0.003213601220284412
50000,3MIDD_207,14,0.0190985650511742,0.0053455631277084855,0.0355873578233087
50000,4MIDD_085_170,14,0.0031510425619993,-0.00026308820932990007,0.010965871633102826
51000,3MIDD_048,14,-0.006641276878264001,-0.016983584575305962,-0.002186533466988475
51000,3MIDD_207,14,0.01585235441428797,0.0032447885150072124,0.035618356025219726
51000,4MIDD_085_170,14,0.0007394390051853241,-0.0016297365052359496,0.015354791765851961
52000,3MIDD_048,14,-0.007364137124521651,-0.016739437727509663,-0.00302457456186425
52000,3MIDD_207,14,0.019271696536456724,0.006488662522270212,0.03472564477023444
52000,4MIDD_085_170,14,0.0021892126829959743,-0.0006111601094993114,0.009597257503709388
53000,3MIDD_048,14,-0.010672069429235724,-0.016322930961286036,-0.0038074908167363376
53000,3MIDD_207,14,0.017790060303502726,0.005842140714622812,0.03234677694064795
53000,4MIDD_085_170,14,0.0036337090715423495,-9.992023271330032e-05,0.015113810023394349
54000,3MIDD_048,14,-0.01059536349491715,-0.016274494680585012,-0.004448982290388675
54000,3MIDD_207,14,0.019961585601510276,0.006390135615428363,0.03808434430970816
54000,4MIDD_085_170,14,0.005569993541493182,0.0002625831160198627,0.009556666304036024
55000,3MIDD_048,14,-0.008652342129321899,-0.013111136999475513,-0.003730221543696225
55000,3MIDD_207,14,0.019880304142292374,0.0048886887707284,0.03720417418191153
55000,4MIDD_085_170,14,0.006803854328852724,0.0013297307062603624,0.010616432305013525
56000,3MIDD_048,14,-0.0074647322365085245,-0.01621205043876604,-0.0017016906902949866
56000,3MIDD_207,14,0.017879691618870975,0.003419309770006225,0.030274755835905262
56000,4MIDD_085_170,14,0.0034014866698876,0.0017420459429492619,0.0074358366828380165
57000,3MIDD_048,14,-0.011364219199252524,-0.0146251504031112,-0.001852141170612525
57000,3MIDD_207,14,0.01886346081409075,0.0055660191819432246,0.037031171287511745
57000,4MIDD_085_170,14,0.0054415322343188,0.002209391582452188,0.010866424400912626
58000,3MIDD_048,14,-0.010473389914186674,-0.012933387008231738,-0.00446442118317405
58000,3MIDD_207,14,0.01541858091262325,0.0018591584925577126,0.03426238541465797
58000,4MIDD_085_170,14,0.0056906772583852,0.0019162424214470754,0.0110743809933408
59000,3MIDD_048,14,-0.01033340787782375,-0.0148208133254954,-0.0022946017386202126
59000,3MIDD_207,14,0.012632437968154326,0.004189079116947688,0.027644925721124328
59000,4MIDD_085_170,14,0.00373267135551115,0.0012032601557045372,0.0060629082477628255
60000,3MIDD_048,14,-0.0098577974653741,-0.019044966897023976,-0.003082522622791837
60000,3MIDD_207,14,0.011291501558150497,0.0024711782248843127,0.03145454019481222
60000,4MIDD_085_170,14,0.0029383297254640998,0.0014575810518387495,0.007008824934098089
61000,3MIDD_048,14,-0.008810035567330475,-0.019345522282890475,-0.003993403814099762
61000,3MIDD_207,14,0.01273600592469185,0.002323601669007712,0.036510711324884614
61000,4MIDD_085_170,14,0.004482478977179929,0.0002825276610509001,0.009082906630601864
62000,3MIDD_048,14,-0.010006853250131825,-0.019542535697305574,-0.0031467362296025876
62000,3MIDD_207,14,0.010273586189556597,0.0018922258632765628,0.0326047105086431
62000,4MIDD_085_170,14,0.0021190640767809,0.0002842376499325747,0.008761062077714037
63000,3MIDD_048,14,-0.00909777058739165,-0.022267654184626014,-0.003949968178468
63000,3MIDD_207,14,0.015479667193089327,0.0020550332181511377,0.026504573175047473
63000,4MIDD_085_170,14,0.00500873359726405,0.0015241437068245248,0.008234234438841252
64000,3MIDD_048,14,-0.0086791170918184,-0.013428692032736887,-0.0026854876926205003
64000,3MIDD_207,14,0.013648368600844901,0.0005373849326279255,0.025959452638082227
64000,4MIDD_085_170,14,0.0036803037435579,-7.192407500709972e-05,0.008962496785117634
65000,3MIDD_048,14,-0.007467510194478225,-0.019217397461135825,-0.00035254193298057414
65000,3MIDD_207,14,0.01694728912790975,0.0012720438226096504,0.042472876421500626
65000,4MIDD_085_170,14,0.004967644266147476,-0.00029763804207758775,0.008581265466943936
66000,3MIDD_048,14,-0.008757526435052176,-0.013962402537779098,-0.0020479568670920124
66000,3MIDD_207,14,0.010560095647797446,0.003323385814251475,0.032196302760065174
66000,4MIDD_085_170,14,0.00445441960330765,0.0009838774900241,0.006691341629567224
67000,3MIDD_048,14,-0.0078039210899332745,-0.018666963617133187,-0.002943157429381638
67000,3MIDD_207,14,0.014103199899994924,-4.020925083428762e-05,0.03710253154254646
67000,4MIDD_085_170,14,0.0033412564426188495,-0.0001815041566266373,0.009947056735095751
68000,3MIDD_048,14,-0.009724320236702824,-0.016560581879221527,-0.0022690338314201625
68000,3MIDD_207,14,0.01474984537430075,0.002024359710733436,0.041240470111104294
68000,4MIDD_085_170,14,0.005932073625314902,-9.854936378459953e-05,0.0090372461482435
69000,3MIDD_048,14,-0.007190466992820776,-0.014661353591804389,-0.0018432342161470378
69000,3MIDD_207,14,0.010857534378940823,0.0024286913366180496,0.03785137192173446
69000,4MIDD_085_170,14,0.004245412331730548,0.0009651063501854747,0.008385831928920437
70000,3MIDD_048,14,-0.009398320415299151,-0.01696371452435229,-0.0014658998270803375
70000,3MIDD_207,14,0.012425439920466172,0.005832450902011888,0.029646599092031822
70000,4MIDD_085_170,14,0.0062607721138299224,-0.0007325532039737133,0.012268017225095375
71000,3MIDD_048,14,-0.009484954340902726,-0.01864172888242989,-0.00161853986325305
71000,3MIDD_207,14,0.015251713138788476,0.003953187585132937,0.027924504250398052
71000,4MIDD_085_170,14,0.0053804676836003255,9.111982126421285e-05,0.01104498181450865
72000,3MIDD_048,14,-0.008760055248414224,-0.01658643883917795,-0.00109656093116585
72000,3MIDD_207,14,0.011506558980770326,0.0005779634348093241,0.03217682512717257
72000,4MIDD_085_170,14,0.0044603691067028745,-0.0004096997818087253,0.0109021733655193
73000,3MIDD_048,14,-0.008386505588586099,-0.020781698362645627,0.00015272113493378743
73000,3MIDD_207,14,0.014860849940812002,0.004877824564747875,0.02537725318936575
73000,4MIDD_085_170,14,0.00671326053743315,0.0009907528389585998,0.01227821815621305
74000,3MIDD_048,14,-0.009025999539089124,-0.016591947127107876,1.3961313493699367e-05
74000,3MIDD_207,14,0.012103148928383302,0.0023407043563786006,0.04328975263085249
74000,4MIDD_085_170,14,0.006746646772967053,-0.0009461156143121877,0.0116997427904271
75000,3MIDD_048,14,-0.010230040713114976,-0.014378179156453386,-0.0015336065326443373
75000,3MIDD_207,14,0.010647070899562626,0.001997279062852675,0.02660925187178005
75000,4MIDD_085_170,14,0.005569855222820425,2.987186701243743e-05,0.010590717463710875
76000,3MIDD_048,14,-0.008186735305118676,-0.015314978560729924,0.0011854481169388757
76000,3MIDD_207,14,0.01279577964396805,0.005122001030362489,0.029606256946278983
76000,4MIDD_085_170,14,0.006273574110262526,0.0001737431827640878,0.010650967719256213
77000,3MIDD_048,14,-0.008562989957967625,-0.012559058304453287,0.000747901973047101
77000,3MIDD_207,14,0.01859093246547605,0.00424451977991055,0.03341376827445265
77000,4MIDD_085_170,14,0.004367700979320749,0.0010207069940016125,0.013244744674481026
78000,3MIDD_048,14,-0.008558663290272977,-0.012421158839305325,-0.0010475797814974248
78000,3MIDD_207,14,0.015966110099670878,0.003927720176873338,0.02985570482933116
78000,4MIDD_085_170,14,0.0052847434037525,0.001253352025569088,0.012288636749342937
79000,3MIDD_048,14,-0.00679883991475545,-0.01587088565209125,0.001447612734570912
79000,3MIDD_207,14,0.0134980456949497,0.0017540661978871384,0.028885591803113453
79000,4MIDD_085_170,14,0.005949803357109651,0.0012600215676975496,0.012666819420717536
80000,3MIDD_048,14,-0.00973931323794425,-0.016734032128045515,0.0010778847074022627
80000,3MIDD_207,14,0.013921409535708574,0.002703146209149937,0.03191966631493436
80000,4MIDD_085_170,14,0.0046701866703487,0.00045637948058172353,0.0117573955883082
81000,3MIDD_048,14,-0.01009850278605775,-0.015040036334881362,0.0007052990830391373
81000,3MIDD_207,14,0.0158618102297782,0.0032260481353625246,0.025099101536357964
81000,4MIDD_085_170,14,0.005084777109840625,0.0007312223850379251,0.010051052723634312
82000,3MIDD_048,14,-0.008426993654707449,-0.014274499228040423,-0.0019621171255343748
82000,3MIDD_207,14,0.01578013586722645,0.006721498582286701,0.02264392070627175
82000,4MIDD_085_170,14,0.004998589046519399,0.0005613015545287627,0.012003991596943512
83000,3MIDD_048,14,-0.0088435566557966,-0.013123583862603974,0.0006047831591978624
83000,3MIDD_207,14,0.016897975773788425,0.002516467393439188,0.026507126192592736
83000,4MIDD_085_170,14,0.00525999259495385,0.0024542205157026993,0.012077395864292063
84000,3MIDD_048,14,-0.008921839967979898,-0.012996597190508424,-0.0009105345709460751
84000,3MIDD_207,14,0.014090825478233301,0.0043423759027020874,0.023922288561101672
84000,4MIDD_085_170,14,0.0048331094782335755,0.0018624585194326753,0.0104335837121324
85000,3MIDD_048,14,-0.009395472144304175,-0.0143924071373678,0.000949543175788325
85000,3MIDD_207,14,0.013623521279265503,0.005290207675587575,0.01841069107745706
85000,4MIDD_085_170,14,0.004927689894323825,0.00018737160446515022,0.012096451812487087
86000,3MIDD_048,14,-0.0102757246295551,-0.013286728799745013,0.0003053787232611126
86000,3MIDD_207,14,0.015133817359179702,0.005708871525906651,0.018890310982418286
86000,4MIDD_085_170,14,0.0040900549476532,0.0011663283807956124,0.011919889798060787
87000,3MIDD_048,14,-0.009098738579045832,-0.01432643387250955,-0.0008243952201636125
87000,3MIDD_207,14,0.011804997783086173,0.004175683172511913,0.018373600426917852
87000,4MIDD_085_170,14,0.00570054821556685,0.00302487872716595,0.011724554569361762
88000,3MIDD_048,14,-0.010483034299593626,-0.0140316806311089,0.0009539868337248127
88000,3MIDD_207,14,0.014437335066561748,0.004252706718916225,0.02652506785077815
88000,4MIDD_085_170,14,0.0049907854159827,0.00277853703151275,0.012015560607531586
89000,3MIDD_048,14,-0.010802296326233654,-0.013318208605119787,-0.002341589789742574
89000,3MIDD_207,14,0.01198944107556205,0.005583980871238637,0.017855082300235813
89000,4MIDD_085_170,14,0.004361344139793199,0.0014220281784562995,0.010970533482539027
90000,3MIDD_048,14,-0.009639098139813874,-0.016817698769007437,-0.0007055504620393625
90000,3MIDD_207,14,0.01325262552887355,0.004166575713632777,0.024768701700044825
90000,4MIDD_085_170,14,0.004806619988942575,0.0017978324989242865,0.012136257665235538
91000,3MIDD_048,14,-0.010412915539600673,-0.014529296537593848,-0.0010171451886472874
91000,3MIDD_207,14,0.0113609089704574,0.005499791940110913,0.019380316512768763
91000,4MIDD_085_170,14,0.004647270825306225,0.0019244884396704379,0.011835864644346125
92000,3MIDD_048,14,-0.0119181022384525,-0.01657834568360685,-0.005789100292715525
92000,3MIDD_207,14,0.0139817249832534,0.005515334313417751,0.030480683707102926
92000,4MIDD_085_170,14,0.004033360279453575,0.0025021691518867005,0.013385003146014613
93000,3MIDD_048,14,-0.01208957549791285,-0.014302051036923063,-0.0041826424923035
93000,3MIDD_207,14,0.013593925799497501,0.0049847099925237875,0.023428728677785924
93000,4MIDD_085_170,14,0.004495664435134401,0.0017414932607578747,0.012808418434963576
94000,3MIDD_048,14,-0.010075195758417201,-0.015011509068929573,-0.0004492115739344874
94000,3MIDD_207,14,0.009006127620619375,0.003867572507595049,0.026798698012296417
94000,4MIDD_085_170,14,0.005575234207138075,0.0008125199382941744,0.012066079856895964
95000,3MIDD_048,14,-0.010481746156641051,-0.014272081317643851,-0.0008696974139195445
95000,3MIDD_207,14,0.009593944867791075,0.004634181306804988,0.020751296847755413
95000,4MIDD_085_170,14,0.004818083455891675,0.00270179602941585,0.009097750237009074
96000,3MIDD_048,14,-0.010404437577908175,-0.013545069365492237,-0.002541273701335612
96000,3MIDD_207,14,0.010032636457412925,0.005440866588384613,0.024949706858085462
96000,4MIDD_085_170,14,0.00366810041918555,0.001632074211733767,0.012346807607389761
97000,3MIDD_048,14,-0.010549757165557274,-0.013974457433755975,-0.0013914642714460248
97000,3MIDD_207,14,0.009438932747616948,0.004568609347460076,0.022393931876217903
97000,4MIDD_085_170,14,0.0045435808462377,0.0006829121131260493,0.008362760877048438
98000,3MIDD_048,14,-0.010611209854619049,-0.014293433746227036,-0.0024519686109344997
98000,3MIDD_207,14,0.008700774556313325,0.003649066843801425,0.024500339284077015
98000,4MIDD_085_170,14,0.0041280379038131,0.002978768373015562,0.009077239179032498
99000,3MIDD_048,14,-0.010535376889218037,-0.014410814453750647,-0.003113493503327963
99000,3MIDD_207,14,0.009150205556002551,0.005827508441247849,0.024110367446722313
99000,4MIDD_085_170,14,0.006242129788163325,0.0011941833028470505,0.010579189609980735
100000,3MIDD_048,14,-0.010556183949265528,-0.013810150438133413,-0.002147370537919225
100000,3MIDD_207,14,0.010601615209272025,0.0043855581812584235,0.03157363019946417
100000,4MIDD_085_170,14,0.005835671188926375,0.0028794717773106115,0.011389878811258311
101000,3MIDD_048,8,-0.0086121987438602,-0.014072883826212539,0.0002654780435920002
101000,3MIDD_207,8,0.01002478320814375,0.00383146238666309,0.022448654136989463
101000,4MIDD_085_170,8,0.004205971295574351,0.00230389489239225,0.007274136239362948
102000,3MIDD_048,8,-0.0074568798281329,-0.01392582712827074,0.00021935129155737482
102000,3MIDD_207,8,0.008935360325125524,0.005568187028404384,0.021665646498127036
102000,4MIDD_085_170,8,0.004800927311800051,0.0022864113128524383,0.010623359602156388
103000,3MIDD_048,8,-0.009432859241992825,-0.013137511099938937,-4.5993669945350096e-05
103000,3MIDD_207,8,0.011069070829062,0.0034067383078779036,0.018442654006098153
103000,4MIDD_085_170,8,0.003950538322561226,0.0024680404456924876,0.0067545252816605126
104000,3MIDD_048,8,-0.006787468185981575,-0.012567180632822712,-4.238165454875328e-06
104000,3MIDD_207,8,0.010137221481104526,0.003291263878312776,0.022911175190198474
104000,4MIDD_085_170,8,0.0039007562490914497,0.0021282165738702626,0.0079482305889386
105000,3MIDD_048,8,-0.007159874067731675,-0.014767125015785539,0.000621337916870225
105000,3MIDD_207,8,0.007841518985928,0.0062009525037189485,0.022588655134491965
105000,4MIDD_085_170,8,0.00364126052485915,0.002141176893834525,0.004363646868403712
106000,3MIDD_048,8,-0.004583006099495099,-0.01289498237557385,-0.0001750791368107375
106000,3MIDD_207,8,0.008444846484642976,0.004051635941619312,0.02068663863066885
106000,4MIDD_085_170,8,0.003794868132627975,0.00194403742910255,0.008495989309636364
107000,3MIDD_048,8,-0.005260150972697676,-0.013943585205279824,0.0014276882438037377
107000,3MIDD_207,8,0.008124905023645825,0.0029354922430124115,0.0213975416868055
107000,4MIDD_085_170,8,0.004444121704692301,0.0025353486060493255,0.008552692400014788
108000,3MIDD_048,8,-0.00434654958834615,-0.013036858754507323,0.0015189491636016
108000,3MIDD_207,8,0.008209035979854475,0.003951660731827724,0.01942996257613041
108000,4MIDD_085_170,8,0.004112697818763,0.0021865325701787503,0.006107710949990025
109000,3MIDD_048,8,-0.007935058725811224,-0.012346815040019162,3.619044824761255e-05
109000,3MIDD_207,8,0.00937756877847475,0.002910705317108812,0.020370295835099084
109000,4MIDD_085_170,8,0.0038955133212368004,0.0022486517771990373,0.0091370738119862
110000,3MIDD_048,8,-0.00444317313792435,-0.013218744204782475,-3.05164999911499e-05
110000,3MIDD_207,8,0.010647679084542675,0.002464501135722188,0.018300941308836124
110000,4MIDD_085_170,8,0.0026035180149583752,-0.002689970582634913,0.0036241664660595
111000,3MIDD_048,8,-0.003538558530864676,-0.011877106990582911,0.0008856580161668614
111000,3MIDD_207,8,0.009347931451615277,0.0030502395797621863,0.01893238243946889
111000,4MIDD_085_170,8,0.003504854449333625,0.0017121443302135623,0.0073431018134769
112000,3MIDD_048,8,-0.005170328431772175,-0.013030400987815887,-0.00012654544814496243
112000,3MIDD_207,8,0.0096644474295696,0.002507590714491563,0.019819763418534062
112000,4MIDD_085_170,8,0.0036625686028986747,0.0018351096091254507,0.005760835011534163
113000,3MIDD_048,8,-0.00093016447582745,-0.0134791620788831,0.001325073199069337
113000,3MIDD_207,8,0.012732423215967676,0.005594524262922288,0.017998492814012713
113000,4MIDD_085_170,8,0.00461733816295195,0.0021429875323221996,0.0060901138959407125
114000,3MIDD_048,8,-0.000897080109459,-0.013999380333219288,0.0008132990276459374
114000,3MIDD_207,8,0.011352600873216,0.002937078087463937,0.01902912530933354
114000,4MIDD_085_170,8,0.0037151486933812,0.002038848904905237,0.005688466867316626
115000,3MIDD_048,8,-0.005769198921905375,-0.012427761924857337,0.00026238666925802495
115000,3MIDD_207,8,0.010785420162745848,0.003621302562059636,0.024032587907434004
115000,4MIDD_085_170,8,0.0030641379819218496,-0.0008949309750493246,0.005427896766702287
116000,3MIDD_048,8,-0.0047646792502682,-0.013004410362497389,-6.59416940794876e-05
116000,3MIDD_207,8,0.01078596833093335,0.004650249688361412,0.020029588206409613
116000,4MIDD_085_170,8,0.0033464616872363254,0.001973391783856863,0.0074108982579134
117000,3MIDD_048,8,-0.00611325289566355,-0.0128850373460883,-5.345883556221972e-05
117000,3MIDD_207,8,0.010329057912165575,0.0033048244178366143,0.018004468584840227
117000,4MIDD_085_170,8,0.00280863394615585,-0.000399781950098163,0.004173033287256213
118000,3MIDD_048,8,-0.0010224781578498,-0.013386435548966711,-0.00024454539521781256
118000,3MIDD_207,8,0.010030140849348002,0.00349858935573705,0.0197278851492385
118000,4MIDD_085_170,8,0.002642492565800275,0.0014195124737345,0.004874619475410888
119000,3MIDD_048,8,-0.005275935396816726,-0.01152627363391365,8.102115890329999e-05
119000,3MIDD_207,8,0.010568165834695175,0.00468986870704095,0.016443201468009174
119000,4MIDD_085_170,8,0.003950769136217251,0.0024638829042917254,0.006965126862507238
120000,3MIDD_048,8,-0.005002197715426825,-0.013148836988270924,0.0029626252728935385
120000,3MIDD_207,8,0.010764485277792824,0.005239426169336038,0.02088942653904534
120000,4MIDD_085_170,8,0.003928184128149525,0.002896739904125512,0.009251705628430112
121000,3MIDD_048,8,-0.0057420212440452995,-0.012755963906424937,-0.00023968915411421256
121000,3MIDD_207,8,0.0109371138757871,0.002900040117665561,0.022479544384705813
121000,4MIDD_085_170,8,0.0028034476354213502,-0.0007326250124512745,0.0045070643959566874
122000,3MIDD_048,8,-0.003088899130682076,-0.01254055452884344,0.00023271804512378766
122000,3MIDD_207,8,0.010275162491348126,0.002943701685624388,0.015806963949982513
122000,4MIDD_085_170,8,0.003415108516785675,0.0020942663819195502,0.005287810570877987
123000,3MIDD_048,8,-0.0054732967241716505,-0.013014901079061638,0.0010512611563120002
123000,3MIDD_207,8,0.009587334328795076,0.0029743474210946626,0.018204182938337223
123000,4MIDD_085_170,8,0.00348998383181865,0.0021311337983107247,0.00665528193935195
124000,3MIDD_048,8,-0.00450171726405865,-0.012529351839996048,0.001826838295339338
124000,3MIDD_207,8,0.010172224455537851,0.003331904943681725,0.01908733715885761
124000,4MIDD_085_170,8,0.003410881708920125,0.0017180378520969997,0.005057817787618537
125000,3MIDD_048,8,-0.0051831268717994,-0.010912761148778562,0.0031544822211717616
125000,3MIDD_207,8,0.010932418219602948,0.003161148996163686,0.01798298555546825
125000,4MIDD_085_170,8,0.0026981158908673756,0.0014206647342107502,0.003939041272668187
126000,3MIDD_048,8,-0.005902176546726925,-0.013614396793061076,0.002113694133056688
126000,3MIDD_207,8,0.010505431781203549,0.003852815291192973,0.01881390020507245
126000,4MIDD_085_170,8,0.00336193572386475,0.0017620728104519,0.0059661401587278
127000,3MIDD_048,8,-0.005651438171567175,-0.013096695580351526,-0.00015075447351353772
127000,3MIDD_207,8,0.0096259656912421,0.0026667114168429746,0.02047162369313719
127000,4MIDD_085_170,8,0.0030354367184720244,0.000640265222540288,0.005618600959248737
128000,3MIDD_048,8,-0.0026065579925102747,-0.013702063505904038,0.002149554258989975
128000,3MIDD_207,8,0.0097340492056212,0.002570873165332263,0.018870540970885336
128000,4MIDD_085_170,8,0.003042762703309425,0.001560663229579675,0.005037538551295188
129000,3MIDD_048,8,-0.00690486283037455,-0.013207511688958874,0.0010061890558053373
129000,3MIDD_207,8,0.0106600182933997,0.0036307432117060733,0.015524635627581412
129000,4MIDD_085_170,8,0.0029055231046737247,0.0011742572349366627,0.006211666373053974
130000,3MIDD_048,8,-0.0036466407108819,-0.011826643963169237,0.0016665904139007502
130000,3MIDD_207,8,0.009917423881612599,0.0037930279833715743,0.019588751728564426
130000,4MIDD_085_170,8,0.003321363980785275,0.001573876655884174,0.006624851952210812
131000,3MIDD_048,8,-0.0025342056911138,-0.013897041612611363,0.0020217348677742126
131000,3MIDD_207,8,0.0095536672126908,0.00301156197183235,0.017786944199292463
131000,4MIDD_085_170,8,0.003351923466769275,0.0016667882842877498,0.004875226246163362
132000,3MIDD_048,8,-0.006550171474376575,-0.0140803290065398,0.001763620653673625
132000,3MIDD_207,8,0.00931605070528575,0.00272323763170065,0.02143720626569244
132000,4MIDD_085_170,8,0.003286338334808775,0.001417323299863838,0.00658850428665955
133000,3MIDD_048,8,-0.0035801339954820996,-0.013963842789457762,0.0019569129755975245
133000,3MIDD_207,8,0.009066577377387974,0.002246754283362775,0.017909823260452234
133000,4MIDD_085_170,8,0.0026807039444467747,0.00040939729507667635,0.004027537572249675
134000,3MIDD_048,8,-0.007407207991451675,-0.013648733989618576,0.0020285040550091253
134000,3MIDD_207,8,0.009478904749659674,0.0027036947008707247,0.018687977873639062
134000,4MIDD_085_170,8,0.003282822564702275,0.001151269052012862,0.007685291328816551
135000,3MIDD_048,8,-0.003704585589541525,-0.012594998446705662,0.0016037036128655501
135000,3MIDD_207,8,0.00891816943153415,0.0026028732959873123,0.0196791329326095
135000,4MIDD_085_170,8,0.0033135847828267,0.001852276027943413,0.008474658117561838
136000,3MIDD_048,8,-0.005432388351860024,-0.011413868572727326,0.0018371643865489377
136000,3MIDD_207,8,0.009580474972479401,0.0026310050048042495,0.017994319066616877
136000,4MIDD_085_170,8,0.0030987090934327752,0.0016690969177334005,0.0075209803724057625
137000,3MIDD_048,8,-0.006218677197713076,-0.012369055299583848,0.0013802971615867014
137000,3MIDD_207,8,0.010284499900764774,0.0015863488773161126,0.020423695091592576
137000,4MIDD_085_170,8,0.0030438112326786,0.0017650707205474625,0.0068758065216358
138000,3MIDD_048,8,-0.0029221562518247247,-0.010953494879704626,0.0014226457202927251
138000,3MIDD_207,8,0.009339779368723,0.0019996686463806127,0.020419627063937566
138000,4MIDD_085_170,8,0.003784664895159025,0.0022412414587781376,0.005998635262590263
139000,3MIDD_048,8,-0.00634029205672155,-0.011631730708908211,0.001920735911186125
139000,3MIDD_207,8,0.008013796079627775,0.0024231479432110133,0.01788477456335561
139000,4MIDD_085_170,8,0.00285649044630125,0.0010306755012299254,0.007398977735275263
140000,3MIDD_048,8,-0.00545462699840305,-0.011832046894241936,0.0018950568649744501
140000,3MIDD_207,8,0.00909137043753955,0.0020952691792194993,0.018208450189628286
140000,4MIDD_085_170,8,0.003240235929431725,0.0016804127801887494,0.005729346369103038
141000,3MIDD_048,8,-0.0062054166814289515,-0.014010651758667874,0.0018306553875894998
141000,3MIDD_207,8,0.008360740541153124,0.002213573607964938,0.017054705844169727
141000,4MIDD_085_170,8,0.003006999819072575,0.001421992919786962,0.008259283172241737
142000,3MIDD_048,8,-0.0048461244507751,-0.012065385776658437,0.00262716614718825
142000,3MIDD_207,8,0.008481860148293024,0.0020650755034111374,0.018401281825199702
142000,4MIDD_085_170,8,0.003551263090255325,0.0018221441169304377,0.010173918858129474
143000,3MIDD_048,8,-0.00435558452138075,-0.010533570692751687,0.001933735799995525
143000,3MIDD_207,8,0.008448320408712077,0.0019227122294156625,0.015441705251911837
143000,4MIDD_085_170,8,0.003674164411086375,0.0017692225048276502,0.006971306631555775
144000,3MIDD_048,8,-0.006402016773608125,-0.0141549479931545,0.0018220944861350253
144000,3MIDD_207,8,0.008722957027949051,0.0019976945311369256,0.01747066258027815
144000,4MIDD_085_170,8,0.0028088823665055,0.0014270612095376375,0.006249777132944112
145000,3MIDD_048,8,-0.003510482102851925,-0.011707327049813037,0.0014553602039439626
145000,3MIDD_207,8,0.009136334439546475,0.0016086678675173744,0.01754174028096969
145000,4MIDD_085_170,8,0.002939773639250625,0.001841260355805113,0.008953397447136987
146000,3MIDD_048,8,-0.005927829505241399,-0.012024013011265825,0.0013520719281220497
146000,3MIDD_207,8,0.008931542351439649,0.00199159666711715,0.017154218077924503
146000,4MIDD_085_170,8,0.0028932463421355746,0.00129856768291265,0.005438953508455387
147000,3MIDD_048,8,-0.0023810394256972,-0.01164683923638715,0.001955092616368025
147000,3MIDD_207,8,0.008814211517384873,0.0015063570579248121,0.015704732049042738
147000,4MIDD_085_170,8,0.002906724911327975,0.0018355506105053002,0.006499494628087013
148000,3MIDD_048,8,-0.005733832361260301,-0.014135578373568962,0.002169406595417837
148000,3MIDD_207,8,0.008626907111467874,0.0017237494143476995,0.01633692669218264
148000,4MIDD_085_170,8,0.003183493677616125,0.0012965497520179873,0.0064403611457455375
149000,3MIDD_048,8,-0.003057002304406,-0.013452726041582075,0.0027580624316052875
149000,3MIDD_207,8,0.00878238970304315,0.0015741108668194878,0.018310189086255414
149000,4MIDD_085_170,8,0.003065517780864525,0.001372775576839013,0.007522903353906438
150000,3MIDD_048,8,-0.004398779505759376,-0.012496075905933175,0.002068532588602825
150000,3MIDD_207,8,0.009196523382825974,0.0020070653271213506,0.015781365407236788
150000,4MIDD_085_170,8,0.0028344342853953005,0.0006513445992583247,0.006136025566458088
151000,3MIDD_048,8,-0.005112261589410075,-0.012179731033020186,0.001892685411236475
151000,3MIDD_207,8,0.00873980412548335,0.0018544206007250253,0.016984221645113373
151000,4MIDD_085_170,8,0.0028338110501474247,0.0005707300878630384,0.007442041013224963
152000,3MIDD_048,8,-0.00230503029600875,-0.012247960798083886,0.0019539725065990748
152000,3MIDD_207,8,0.0087378890228432,0.00186358582435305,0.016533995494398476
152000,4MIDD_085_170,8,0.0029568414524368002,0.0006647847250506751,0.0054291255785961
153000,3MIDD_048,8,-0.0033196784916765753,-0.011859180716315925,0.002947185028550125
153000,3MIDD_207,8,0.00977991256803785,0.0018724677746675255,0.016198531244062075
153000,4MIDD_085_170,8,0.002420727611732625,-7.821950265385022e-05,0.00770768937976535
154000,3MIDD_048,8,-0.0033211705451793,-0.01281856031272021,0.0025734632160174
154000,3MIDD_207,8,0.00893945067729335,0.0016185399091630374,0.016032339180097686
154000,4MIDD_085_170,8,0.002925038563197075,0.0006249034193180997,0.008507552507499714
155000,3MIDD_048,8,-0.0004964340281670501,-0.011245649511152974,0.003136468140329879
155000,3MIDD_207,8,0.007010101968077548,0.0017476752203656,0.0155880235986952
155000,4MIDD_085_170,8,0.002654445583453625,0.0007750582099158751,0.006265304497810088
156000,3MIDD_048,8,-0.0023718730203420497,-0.012480472927958789,0.0021503855195042876
156000,3MIDD_207,8,0.007402939923207674,0.0011195517423652252,0.0158671346977098
156000,4MIDD_085_170,8,0.00293121125019465,0.00031771108599574973,0.0046376928116939
157000,3MIDD_048,8,-0.003360539699870975,-0.012147101265914376,0.002508332025403788
157000,3MIDD_207,8,0.009133798719365923,0.0017580613683291374,0.017644346232218586
157000,4MIDD_085_170,8,0.003002697833972875,0.00042120677090448774,0.006757404569303387
158000,3MIDD_048,8,-0.004045374288052225,-0.012160431057359327,0.002983152769361062
158000,3MIDD_207,8,0.006974402053960024,0.0019593846306258256,0.016356770747724077
158000,4MIDD_085_170,8,0.00341566903106145,0.0003815560983450384,0.00625426122641125
159000,3MIDD_048,8,-0.0031270949635822257,-0.013561829254444177,0.0038101898092837623
159000,3MIDD_207,8,0.0089142517943644,0.0024487308024675383,0.018296113354761438
159000,4MIDD_085_170,8,0.003602656547923975,0.0007986002609167252,0.0090437073074795
160000,3MIDD_048,8,-0.00519379785550225,-0.013619617783778801,0.0016748640705371374
160000,3MIDD_207,8,0.007939804789443675,0.0015535890246917749,0.01690018625257114
160000,4MIDD_085_170,8,0.0029002665714158,0.0008009719726073999,0.0091258217043911
161000,3MIDD_048,8,-0.0052559915159025505,-0.011260928494966474,0.0032302946893608
161000,3MIDD_207,8,0.008157709750369375,0.0030229881085563374,0.01603583940726875
161000,4MIDD_085_170,8,0.00297519842988105,0.0010307469127023125,0.008100149080425337
162000,3MIDD_048,8,-0.00286786176396155,-0.012604442327886038,0.0045115615881371
162000,3MIDD_207,8,0.00851068152896135,0.0019180478970108016,0.016070461541655475
162000,4MIDD_085_170,8,0.002618225047821125,0.0014239263137063626,0.007475479879950813
163000,3MIDD_048,8,-0.001408222273413725,-0.013134390134735588,0.002911411715159725
163000,3MIDD_207,8,0.008435579239752099,0.002313443320582086,0.017123056269235624
163000,4MIDD_085_170,8,0.002982061472456325,0.0007107371432688999,0.0089689466315721
164000,3MIDD_048,8,-0.005265546975625125,-0.010676252355436575,0.003082160197008725
164000,3MIDD_207,8,0.0069443648579476745,0.0013995152643834867,0.0144593992251837
164000,4MIDD_085_170,8,0.0027676700512501,0.0013495025314838255,0.006161681961065426
165000,3MIDD_048,8,-0.002189589607172175,-0.011608526387300012,0.0015113909633072
165000,3MIDD_207,8,0.00846841327608665,0.001584631932187539,0.0173554071475936
165000,4MIDD_085_170,8,0.0028568650572045,0.0011391160667927876,0.0070783912911519375
166000,3MIDD_048,8,-0.005630457827851924,-0.010837883209181063,0.0030649677186380003
166000,3MIDD_207,8,0.007656058370742575,0.002826379209406163,0.0160411575186698
166000,4MIDD_085_170,8,0.002892222131687075,0.0012246929799985622,0.007139136654453812
167000,3MIDD_048,8,-0.0027543557243267496,-0.0112308175731783,0.00010743188801825882
167000,3MIDD_207,8,0.008563013794576775,0.0032163684019991126,0.01479214888139261
167000,4MIDD_085_170,8,0.0033142374664257247,0.0013090547044920877,0.006297032084820037
168000,3MIDD_048,8,-0.001719393823186175,-0.013150589087392986,0.0040474646532936125
168000,3MIDD_207,8,0.00665023807108835,0.002153019371071101,0.01614614370300914
168000,4MIDD_085_170,8,0.0032552402094744998,0.001765873392566162,0.008427948841946524
169000,3MIDD_048,8,-0.00462199362400505,-0.012377887042113674,0.0006762044125613873
169000,3MIDD_207,8,0.008168599928551625,0.0016438958442634866,0.014821618465783087
169000,4MIDD_085_170,8,0.0030745795007383996,0.0013102068256884126,0.007130428911455575
170000,3MIDD_048,8,-0.0031637943667301004,-0.011741885067249087,0.0013727548742626754
170000,3MIDD_207,8,0.007666576669778576,0.002012424606694312,0.015550087596515386
170000,4MIDD_085_170,8,0.003093137288009725,0.0014928538726170374,0.006962772513425137
171000,3MIDD_048,8,-0.0062906900870385255,-0.012673425488991762,0.0016032915853962373
171000,3MIDD_207,8,0.0054119969616554,0.001258504525854875,0.014461107851693425
171000,4MIDD_085_170,8,0.00364318459235475,0.0013650889090635501,0.004924008344475201
172000,3MIDD_048,8,-0.00305849695198938,-0.012184224744266087,0.0014372820221521623
172000,3MIDD_207,8,0.008372984619315975,0.0038292189015844366,0.014848701975058824
172000,4MIDD_085_170,8,0.003500566764006075,0.0017193688048297504,0.0055853269114549495
173000,3MIDD_048,8,-0.002210726068674375,-0.01249662340076335,0.0031283526781366875
173000,3MIDD_207,8,0.00701563379227395,0.0027607602176926253,0.01457626808112735
173000,4MIDD_085_170,8,0.00345181468643455,0.0010193434593263623,0.006627229989273875
174000,3MIDD_048,8,-0.003190617485536825,-0.012516405219210939,0.0020931339194557247
174000,3MIDD_207,8,0.008830117147061825,0.0027947147219324637,0.0152997650441486
174000,4MIDD_085_170,8,0.0034135114640317,0.0015076380527204625,0.005573266280679525
175000,3MIDD_048,8,-0.0021201533055814252,-0.012247127654146999,0.005290065792145112
175000,3MIDD_207,8,0.004458000381124301,0.0011778641187650007,0.016129432531495264
175000,4MIDD_085_170,8,0.0020871878939314995,0.0014586205274174746,0.00457163100145045
176000,3MIDD_048,8,-0.001665850714163025,-0.012540857888709057,0.003794384271070376
176000,3MIDD_207,8,0.006508945089165574,0.0029423831024577617,0.015314955016672387
176000,4MIDD_085_170,8,0.003462307518561775,0.001519721066660575,0.006364963544308126
177000,3MIDD_048,8,-0.0025161710267995754,-0.011971773077332387,0.003588476566364512
177000,3MIDD_207,8,0.004944894679621751,0.0012909804643539042,0.01431668813695375
177000,4MIDD_085_170,8,0.0028144521941501502,0.0016129448141581747,0.004737845857483075
178000,3MIDD_048,8,-0.0034332377614084003,-0.0125199196089127,0.0009188623327682621
178000,3MIDD_207,8,0.005553674553325776,0.0015621569255383871,0.013906082900157025
178000,4MIDD_085_170,8,0.0024888449925388,0.0012247405119321874,0.004689699775339587
179000,3MIDD_048,8,-0.0035891686499605994,-0.012439079731803075,0.0023519345284818633
179000,3MIDD_207,8,0.006965467921800875,0.002513745133455164,0.015178473145575824
179000,4MIDD_085_170,8,0.0026585472923562003,0.0010585257969050754,0.005947955036262192
180000,3MIDD_048,8,-0.001820554552906025,-0.012175761877781688,0.0007806042303939
180000,3MIDD_207,8,0.004256398591823325,0.001800692488134113,0.0143169642703362
180000,4MIDD_085_170,8,0.003227619764118275,0.0007756796604439375,0.0048658164835259
181000,3MIDD_048,8,-0.002604532521711555,-0.011236665020883487,0.0062250134467304995
181000,3MIDD_207,8,0.00544922709785,0.0028508240957973506,0.0158291008023906
181000,4MIDD_085_170,8,0.002976270873521975,0.0011073393918319373,0.004241675394326551
182000,3MIDD_048,8,-0.005123115870290725,-0.013231415446194324,-6.293861534816252e-05
182000,3MIDD_207,8,0.0046744438737501,0.002502652154379138,0.014199255185429211
182000,4MIDD_085_170,8,0.002534498562443275,0.0016350920042255503,0.0049632351912866374
183000,3MIDD_048,8,-0.005076425240848525,-0.0103895999951991,0.003771317099414951
183000,3MIDD_207,8,0.004524077847637875,0.0016839615057123243,0.015575557477191387
183000,4MIDD_085_170,8,0.0023452239216266743,0.00010454807070651312,0.005004856329482425
184000,3MIDD_048,8,-0.0018091947862488998,-0.012230251550528662,0.00039718003693343755
184000,3MIDD_207,8,0.0046036065572258,0.002888447454981777,0.014704884676346437
184000,4MIDD_085_170,8,0.0015798906167693002,0.000726906833354825,0.004578020682997751
185000,3MIDD_048,8,-0.0037025073946523996,-0.011106211200925187,0.003455828359175188
185000,3MIDD_207,8,0.005586115376052951,0.002638837715529976,0.015430590693793564
185000,4MIDD_085_170,8,0.0018286475118936,0.0003528761246292002,0.00412474735972015
186000,3MIDD_048,8,-0.003065910803853775,-0.0109032614116723,0.0014836247887505497
186000,3MIDD_207,8,0.004598665271504325,0.0035505848117804873,0.013969117165155188
186000,4MIDD_085_170,8,0.00244357644926435,0.00038170334310843777,0.004340515938803862
187000,3MIDD_048,8,-0.002480793647768125,-0.011676258136367338,0.0013032058206493
187000,3MIDD_207,8,0.004192466727513226,0.0024720525970620254,0.0147925933723281
187000,4MIDD_085_170,8,0.0024744835768140756,0.00023557168785301246,0.004676183439388838
188000,3MIDD_048,8,-0.0032653640965387004,-0.011279514139281738,0.0010290077584219001
188000,3MIDD_207,8,0.00465371699145685,0.003478072494100424,0.0153347390629188
188000,4MIDD_085_170,8,0.0015124015158976,0.0005762892463627382,0.004291721176291175
189000,3MIDD_048,8,-0.0035569538896123997,-0.01168213513577725,0.0021306888363141
189000,3MIDD_207,8,0.0037049622577631255,0.0024085033346296493,0.014417327936449887
189000,4MIDD_085_170,8,0.0011244619236215744,-0.0007119003924508002,0.0035352004914323003
190000,3MIDD_048,8,-0.004180095500672575,-0.010329437599180313,-0.0006165489973469749
190000,3MIDD_207,8,0.0042028994582305,0.002020024114483463,0.014261358642041339
190000,4MIDD_085_170,8,0.001897814681435175,0.0002604926365644498,0.004433883285031094
191000,3MIDD_048,8,-0.0054856303073771255,-0.010181548890100237,-0.0007259176238929499
191000,3MIDD_207,8,0.00462150634817585,0.0038812987995566484,0.014136817125475713
191000,4MIDD_085_170,8,0.002174742952267375,0.0004779286750322626,0.004011634731880537
192000,3MIDD_048,8,-0.002429816317978725,-0.011521325673735937,0.0022842735623465624
192000,3MIDD_207,8,0.005049287019556601,0.0030764557595549507,0.014865869935311136
192000,4MIDD_085_170,8,0.0021249405992223485,0.0002182834685578632,0.003989778212716937
193000,3MIDD_048,8,-0.004253996005640149,-0.012153298810214075,-0.001038186159052925
193000,3MIDD_207,8,0.0050257602364539265,0.0031305848576989753,0.014715683451025025
193000,4MIDD_085_170,8,0.0012024603141732749,-0.0002048777907651513,0.004605873755882062
194000,3MIDD_048,8,-0.0025796556978949247,-0.010499237562786437,0.0010115859701123628
194000,3MIDD_207,8,0.006561156417832351,0.0034743379358770253,0.0166881603633827
194000,4MIDD_085_170,8,0.0010470472647741004,-0.0010751119518109375,0.0037757740896397
195000,3MIDD_048,8,-0.0026262757561707,-0.008560456449204426,0.0011775365290357443
195000,3MIDD_207,8,0.004612702423807224,0.0022093036926020123,0.015144952822206785
195000,4MIDD_085_170,8,0.0006958680661602256,0.000171934921369975,0.00288460562226355
196000,3MIDD_048,8,-0.00223747110432835,-0.010876670070732362,0.0008263072729836498
196000,3MIDD_207,8,0.003754131733272,0.0026862528886660115,0.014707286840406912
196000,4MIDD_085_170,8,0.002402653233576001,0.0009145827928532754,0.00380839943206255
197000,3MIDD_048,8,-0.00236074696161105,-0.009773242707339237,0.00018512065002209994
197000,3MIDD_207,8,0.0044926460032516,0.001962096140410936,0.013541612394043862
197000,4MIDD_085_170,8,0.001481745759763876,-0.0016295441573492637,0.003386045225280963
198000,3MIDD_048,8,-0.0034951091450626994,-0.010356652739397251,-0.001368767572425675
198000,3MIDD_207,8,0.003969601359853326,0.0024080817243300363,0.01331428445018955
198000,4MIDD_085_170,8,0.0009910778746517997,0.0001260952669424999,0.0034177855458683995
199000,3MIDD_048,8,-0.0053067040308922495,-0.011315061923132464,-0.0002533074954538002
199000,3MIDD_207,8,0.004609377848659699,0.0030597959799196243,0.014998459288365488
199000,4MIDD_085_170,8,0.0013420278631698747,0.0004221604369183873,0.0032201479926306877
200000,3MIDD_048,8,-0.003941508304934704,-0.010445168835479524,0.0006504346016962123
200000,3MIDD_207,8,0.0043113350647628005,0.0026496266614099745,0.014876640189184574
200000,4MIDD_085_170,8,0.0015858128699289256,0.00014982703066437463,0.0037731961878275117
201000,3MIDD_048,8,-0.004474532983989275,-0.0089250393769348,-0.0017199655063457125
201000,3MIDD_207,8,0.003909514696568901,0.0023839646323455493,0.014313574169333576
201000,4MIDD_085_170,8,0.0021422111265419004,0.001329681496742925,0.0032331512381129
202000,3MIDD_048,8,-0.0025840510614149,-0.009848543556437137,-0.0008033279965935249
202000,3MIDD_207,8,0.004625171381284525,0.0021947098501827246,0.015032633557537775
202000,4MIDD_085_170,8,0.0014138460246875247,0.00030469289892579975,0.0027623658988770125
203000,3MIDD_048,8,-0.003967362458597275,-0.011348215480605012,-0.0006164028706387001
203000,3MIDD_207,8,0.003750001906234774,0.0017694274479526885,0.01371276735768769
203000,4MIDD_085_170,8,0.002186668962809201,3.787432867253648e-05,0.0037366663008515876
204000,3MIDD_048,8,-0.003089703732146975,-0.010275183505480089,-0.001505843182405625
204000,3MIDD_207,8,0.003690772440191125,0.001645297126043738,0.014621067976319712
204000,4MIDD_085_170,8,0.0018088178840783738,0.001053320839596224,0.003164747637097275
205000,3MIDD_048,8,-0.003381360563167575,-0.010110798941072325,-0.0006408535222875258
205000,3MIDD_207,8,0.004228006378795848,0.001746309407943188,0.013908070279917674
205000,4MIDD_085_170,8,0.0011046340895177248,-0.00011678265968050007,0.0030132410867813875
206000,3MIDD_048,8,-0.003098448648309016,-0.010952410646479976,0.0010041852361146874
206000,3MIDD_207,8,0.005284076234360825,0.002028521318202575,0.016207047401824097
206000,4MIDD_085_170,8,0.0009135835734200497,-0.0007011729133469754,0.002982771612307325
207000,3MIDD_048,8,-0.0032823144844355747,-0.010050815800306263,0.0004954365069029872
207000,3MIDD_207,8,0.0035681578572468744,0.001554303432672551,0.013520550245001664
207000,4MIDD_085_170,8,0.001205704009048525,-0.0007519772498144751,0.002934877967994338
208000,3MIDD_048,8,-0.004866354923902299,-0.011682135016793462,-0.0013827362482017375
208000,3MIDD_207,8,0.005623544669897698,0.002238737493788163,0.01395907075820795
208000,4MIDD_085_170,8,0.00189681677999175,0.0007172091399548254,0.0035679453131441624
209000,3MIDD_048,8,-0.004659593095973374,-0.01030070942489575,-0.001567737100781375
209000,3MIDD_207,8,0.00479279488961405,0.001721521614581301,0.01285711137774255
209000,4MIDD_085_170,8,0.002133468173651749,0.00116565216741615,0.0030664687191315
210000,3MIDD_048,8,-0.003785667586118425,-0.010233936253838513,-0.0012045240919764501
210000,3MIDD_207,8,0.00326692947420855,0.0013064191255699256,0.013539220371087438
210000,4MIDD_085_170,8,0.0022012692165481497,0.0007936805811416502,0.0035708555759334385
211000,3MIDD_048,8,-0.0033325605050082,-0.010342556370168662,8.55258113507376e-05
211000,3MIDD_207,8,0.005703603593875225,0.0024606391158309994,0.012997894514737447
211000,4MIDD_085_170,8,0.0010902217830565746,-0.0017379026187184002,0.003071023093168075
212000,3MIDD_048,8,-0.0028595555774979502,-0.009315414676188625,-0.0002854088358107751
212000,3MIDD_207,8,0.00446023648874195,0.0015963849383898755,0.013933398541938275
212000,4MIDD_085_170,8,0.0012952727253167501,-2.1349977107537176e-05,0.00337799265000575
213000,3MIDD_048,8,-0.0040143011254045995,-0.009799022352187875,-0.001980949722999175
213000,3MIDD_207,8,0.004724095677212775,0.0021287558485175626,0.0133355806683597
213000,4MIDD_085_170,8,0.0012143219107315247,0.00024070267608025013,0.0033871949057341
214000,3MIDD_048,8,-0.0029336479062077,-0.00935862783223265,-0.0016106033138478131
214000,3MIDD_207,8,0.003993634449037725,0.0008509203936469256,0.01514489066440029
214000,4MIDD_085_170,8,0.00145463902227985,-0.0002627550217598625,0.004519402660569713
215000,3MIDD_048,8,-0.0033083692033775247,-0.009662059305713412,-0.0010426037296424003
215000,3MIDD_207,8,0.006092867048708326,0.0015374929560512374,0.015335869795387612
215000,4MIDD_085_170,8,0.0016799545938908002,-0.0003605785389574254,0.0035108394195573498
216000,3MIDD_048,8,-0.00232813533156575,-0.00993565589909415,-2.4823459805050144e-05
216000,3MIDD_207,8,0.0048881796830241245,0.0014688760677711876,0.01555611981983835
216000,4MIDD_085_170,8,0.0020369260130131753,-0.00013693536065550018,0.003278869158710335
217000,3MIDD_048,8,-0.0032964928350864,-0.01052256347857485,-0.0015273822931305002
217000,3MIDD_207,8,0.0038091829072523006,0.001288640374912923,0.013901092905826825
217000,4MIDD_085_170,8,0.0020649025606587746,0.0014593767908898374,0.0036156292457882634
218000,3MIDD_048,8,-0.00227071077778205,-0.00904538864940975,-0.002039608369651001
218000,3MIDD_207,8,0.00505744431972525,0.0006042381150007515,0.014389516578851187
218000,4MIDD_085_170,8,0.00193943245854675,0.00018719030139657464,0.0038425914559817535
219000,3MIDD_048,8,-0.0039359766424936,-0.0092034109706077,-0.0020635266633158124
219000,3MIDD_207,8,0.005514474048685526,0.001167549351258537,0.01353113847374924
219000,4MIDD_085_170,8,0.0018836657166848001,0.0002771267735951115,0.003695408109792325
220000,3MIDD_048,8,-0.0031723049026567253,-0.009977692616328925,-0.0010934334163162497
220000,3MIDD_207,8,0.003839769320952425,0.001290083132759925,0.0144207815949816
220000,4MIDD_085_170,8,0.002205196637285475,0.0008394814132505249,0.003292354657353687
221000,3MIDD_048,8,-0.0034745181915497,-0.008956614973805475,-0.000574466232265175
221000,3MIDD_207,8,0.005053942230196427,0.0012813132362880747,0.013129729689070588
221000,4MIDD_085_170,8,0.0010768644446591258,0.0006817226114987371,0.0030785916171971878
222000,3MIDD_048,8,-0.002970282084661325,-0.009213255476638024,-0.0019481055210615126
222000,3MIDD_207,8,0.00431584318375415,0.0005003866820833375,0.014325354973139226
222000,4MIDD_085_170,8,0.0011789732163323741,0.0006475071484523241,0.0033682296362229874
223000,3MIDD_048,8,-0.0063210784264416744,-0.00946575734879845,-0.002464772638158325
223000,3MIDD_207,8,0.004650812188447526,0.0014563638106954505,0.013645297680530764
223000,4MIDD_085_170,8,0.0014979623191949758,0.0008172054371512871,0.0034058633655585247
224000,3MIDD_048,8,-0.0022046754072020747,-0.0074704343847890875,-0.00018628170338294992
224000,3MIDD_207,8,0.005186310769159751,0.0015046808891337007,0.013174183730287989
224000,4MIDD_085_170,8,0.001714065458589275,-4.8119703970075055e-05,0.006698660516406342
225000,3MIDD_048,8,-0.0041049131077623,-0.007508197334520138,-0.0014074316626641746
225000,3MIDD_207,8,0.004518776366702199,0.0010173159267641754,0.014492721611087287
225000,4MIDD_085_170,8,0.0015544344201343754,0.0002732336127610371,0.004088443640880726
226000,3MIDD_048,8,-0.0034500673984358254,-0.008173592895709462,-0.000916934445183462
226000,3MIDD_207,8,0.005084853270906351,0.0014853009396177497,0.013136578280508506
226000,4MIDD_085_170,8,0.0019362871051261494,7.547677372901239e-05,0.005762519428977475
227000,3MIDD_048,7,-0.0023237864625364497,-0.006234551132312225,-0.0015779785973635504
227000,3MIDD_207,7,0.00582322901585265,0.0017142331327974006,0.013063785106947626
227000,4MIDD_085_170,7,0.0009908432457062504,-0.00048324305369444945,0.004504253415893524
228000,3MIDD_048,6,-0.00437829948769525,-0.007396881214897425,0.0011345443832837866
228000,3MIDD_207,6,0.009358965012016074,0.004065667843041337,0.014070431366296512
228000,4MIDD_085_170,6,0.002076343056993101,0.001420948745990875,0.0041579103221458
229000,3MIDD_048,6,-0.003725769257171525,-0.007159955436931376,0.0036107781480085492
229000,3MIDD_207,6,0.010242390051064575,0.004313564203527736,0.015016166422568152
229000,4MIDD_085_170,6,0.0021966038644700746,0.0010775572606995375,0.005311708124042687
230000,3MIDD_048,6,-0.0039046748394002,-0.006666173961942724,-0.0011494320316471252
230000,3MIDD_207,6,0.009172807742485975,0.004075786363131063,0.012807225786175977
230000,4MIDD_085_170,6,0.0029169025171536496,0.001256522263748325,0.006686603438663575
231000,3MIDD_048,6,-0.004368186786925026,-0.006672181370115825,-0.0028011412093784122
231000,3MIDD_207,6,0.009570066695133599,0.003946037952551652,0.013377862730891189
231000,4MIDD_085_170,6,0.0024053606961875243,0.0016318568083919629,0.0069167946157506
232000,3MIDD_048,6,-0.003007396037561275,-0.006551737285421825,-0.0022197809287193993
232000,3MIDD_207,6,0.008755226204018474,0.004835442695945038,0.0123399259765258
232000,4MIDD_085_170,6,0.002559421560272175,0.002221862134541063,0.004395409100927287
233000,3MIDD_048,6,-0.003156604723524875,-0.006440831899894588,0.002671476112952088
233000,3MIDD_207,6,0.008873153945599475,0.0042543945764736,0.014119295124557878
233000,4MIDD_085_170,6,0.0032545528943031996,0.0016882437300730373,0.005350108458397225
234000,3MIDD_048,6,-0.00344967355429035,-0.007844957130808287,-0.0005109132883852751
234000,3MIDD_207,6,0.009739275198618499,0.004475893855071101,0.013685363073882562
234000,4MIDD_085_170,6,0.003173858691243975,0.002534457961590288,0.00693477050537915
235000,3MIDD_048,6,-0.0033184593623084247,-0.00651130151882355,-0.0022797060977748
235000,3MIDD_207,6,0.009480347192154926,0.005337050848893377,0.014575370688091062
235000,4MIDD_085_170,6,0.0036800984762901745,0.0023335925813684254,0.0058853019416023125
236000,3MIDD_048,6,-0.002896177615775525,-0.006499018536553287,-0.002133443931655252
236000,3MIDD_207,6,0.009485423965716324,0.0038962911836750384,0.014483495411912739
236000,4MIDD_085_170,6,0.0028298358278364003,0.0016664178931197753,0.005236178605128188
237000,3MIDD_048,6,-0.003927162405362575,-0.00633273679317325,-0.0004042377010213754
237000,3MIDD_207,6,0.010162401219918175,0.00422679795410379,0.014603364802270088
237000,4MIDD_085_170,6,0.0028235098991018504,0.002062852012317513,0.005856965141894499
238000,3MIDD_048,6,-0.004013004742076975,-0.00706232508369465,0.0020443509504106264
238000,3MIDD_207,6,0.00876278907226075,0.004077957516199198,0.01590551209258291
238000,4MIDD_085_170,6,0.0021220909646769,0.0014682853474684643,0.005302755882790375
239000,3MIDD_048,6,-0.0033007549635779,-0.0062981616599182754,0.004209338530151961
239000,3MIDD_207,6,0.009859112509492925,0.004300052838390302,0.017192618239979685
239000,4MIDD_085_170,6,0.0018003058433274251,0.0013163178670622753,0.005809953400850325
240000,3MIDD_048,6,-0.00355711237622835,-0.006468411233084475,0.0016051552857646134
240000,3MIDD_207,6,0.008670282797452125,0.004074712977355824,0.014247836166180501
240000,4MIDD_085_170,6,0.0027697701168675247,0.0014459559853184372,0.00584370331094775
241000,3MIDD_048,6,-0.004270271371358825,-0.006421865382766699,-0.002114485181163426
241000,3MIDD_207,6,0.0091600266093389,0.00542350449395085,0.013416836781356536
241000,4MIDD_085_170,6,0.003043908949553523,0.001516511634939262,0.006477397651201787
242000,3MIDD_048,6,-0.004665804795535225,-0.006886652483282625,-0.002970208348470275
242000,3MIDD_207,6,0.009950311459332326,0.005087756934788561,0.014182675682819062
242000,4MIDD_085_170,6,0.002861858642654101,0.0019094972454947125,0.005447324738044025
243000,3MIDD_048,6,-0.003305466461497375,-0.006037633922758337,0.0010126946752284124
243000,3MIDD_207,6,0.009333464448171175,0.0052308791158936,0.015174178552065662
243000,4MIDD_085_170,6,0.0033838818686809757,0.0016866863223114123,0.005241847157505825
244000,3MIDD_048,6,-0.0035343856952006003,-0.006588114081678125,0.0025302239736216606
244000,3MIDD_207,6,0.009310609865978125,0.004715323402416037,0.01551433292543199
244000,4MIDD_085_170,6,0.003861848178513251,0.0020817575231787877,0.008011049238840188
245000,3MIDD_048,6,-0.003481223776992675,-0.00641272575815165,0.00020064365492446419
245000,3MIDD_207,6,0.009365034198852925,0.004826246561939313,0.016479306006391373
245000,4MIDD_085_170,6,0.0033244189199189244,0.0017702637073888372,0.0053649333524603
246000,3MIDD_048,6,-0.0034225582479911996,-0.0060175268701008495,0.0024960540761734254
246000,3MIDD_207,6,0.00973627824780625,0.0036065196179622,0.015570604339379377
246000,4MIDD_085_170,6,0.0027076191159819247,0.0016966302885349377,0.005099248697250888
247000,3MIDD_048,6,-0.0034978555148506,-0.006416138578838837,0.00026685179294817405
247000,3MIDD_207,6,0.009627088147630549,0.0049031199256265754,0.016313454682728913
247000,4MIDD_085_170,6,0.003699377581203726,0.00195422828119675,0.005979945577749226
248000,3MIDD_048,6,-0.003388019163386125,-0.0055024839336828245,-0.0022001040825082377
248000,3MIDD_207,6,0.00976111545188995,0.004547118460842024,0.01341225728021436
248000,4MIDD_085_170,6,0.0027012878546599757,0.0008404207558263998,0.005768286384973863
249000,3MIDD_048,6,-0.003612449900035325,-0.006260082074896075,0.002963316139807237
249000,3MIDD_207,6,0.009463169223015575,0.00510474808910525,0.016206481640462567
249000,4MIDD_085_170,6,0.0035882868026999013,0.001551725880828588,0.005669330904236363
250000,3MIDD_048,6,-0.0037466715388352,-0.0062323882635669375,0.005108819350156774
250000,3MIDD_207,6,0.008750089620486824,0.005449358514262176,0.015634683304157387
250000,4MIDD_085_170,6,0.004652122456049624,0.0016463945942089499,0.006964903083592387
