seed,optimizer_step,condition,A,S,G,abs_A_norm,T
0,0,MIDD,1.1227482154451746e-09,-2.4680029178400514e-05,0.10148535573792725,1.1063154947641175e-08,-2.467890643018507e-05
0,0,shuffle,-1.0690791078572204e-06,-3.188603538633841e-05,0.1014853113395735,1.0534323575951235e-05,-3.295511449419563e-05
0,0,negative,-6.624931179714116e-11,-2.4682192140582496e-05,0.10148498601386924,6.527991420138476e-10,-2.4682258389894295e-05
0,0,uniform singleton,,,0.1014703290463233,,-2.4691477518020085e-05
0,10000,MIDD,1.8971898882350015e-05,-0.0009726945244261499,0.1934512311105032,9.807070636584829e-05,-0.0009537226255438
0,10000,shuffle,-0.0025359975132574998,0.0011073619185863,0.1990638839455835,0.012739616363311515,-0.0014286355946712
0,10000,negative,0.00025975785085569997,-0.000981700644432,0.1937914882524423,0.0013403986583627792,-0.0007219427935763
0,10000,uniform singleton,,,0.1949876001540237,,-0.0009485336420579
0,50000,MIDD,-0.02590976377004495,0.06655201696822675,0.4529231156654274,0.057205655604436835,0.0406422531981818
0,50000,shuffle,-0.0155378345884297,0.039699236610401596,0.38053549653227736,0.04083149858560374,0.0241614020219719
0,50000,negative,-0.002639997373534148,0.02993900427703705,0.2939386236708319,0.008981457899491825,0.0272990069035029
0,50000,uniform singleton,,,0.2285676536742964,,0.0393667561777715
0,100000,MIDD,-0.01409992501530835,0.04370476751964555,0.3227268165869055,0.043689970249223,0.0296048425043372
0,100000,shuffle,-0.00329384437567775,0.01801610055793525,0.2445480119528107,0.013469111236583464,0.0147222561822575
0,100000,negative,-0.009292028907361898,0.0228465668001718,0.21865482990347057,0.04249633502934303,0.0135545378928099
0,100000,uniform singleton,,,0.3201152361662271,,0.0049138658664313
1,0,MIDD,8.130956915081914e-10,-2.4750650899613927e-05,0.1014083554517112,8.018034489232721e-09,-2.474983780392242e-05
1,0,shuffle,-1.067745347717382e-06,-3.1952468935860664e-05,0.10140831225638056,1.0529169887157846e-05,-3.302021428357805e-05
1,0,negative,-3.8531376930116745e-10,-2.4750925519908337e-05,0.10140798829475031,3.7996392175853305e-09,-2.475131083367764e-05
1,0,uniform singleton,,,0.1013933337741029,,-2.4761746945266685e-05
1,10000,MIDD,3.3961256987249944e-05,-0.00522606873284355,0.2190898718291889,0.00015501062054446534,-0.0051921074758563
1,10000,shuffle,-0.00248673694822335,-0.00020886385185065002,0.22893085312195555,0.010862393226214122,-0.002695600800074
1,10000,negative,0.00038696659791530004,-0.0050931118513729,0.21983661066856486,0.0017602463790651664,-0.0047061452534576
1,10000,uniform singleton,,,0.207742247318031,,-0.0045933588076567
1,50000,MIDD,-0.0367779737029686,-0.0050311671792045015,0.30526451857759723,0.12047903200259993,-0.0418091408821731
1,50000,shuffle,0.02222007447224325,-0.0006504703322113507,0.3512582681293503,0.0632585094454225,0.0215696041400319
1,50000,negative,-0.02922630999943495,-0.01139002757004675,0.30832446275177905,0.09479075950896573,-0.0406163375694817
1,50000,uniform singleton,,,0.226655220303439,,0.0047049854118639
1,100000,MIDD,-0.01967410544292825,-0.0013149396796077496,0.25763460676350314,0.07636437390955085,-0.020989045122536
1,100000,shuffle,-0.0118571912473714,0.0262460931402056,0.28327291984839187,0.041857835382631665,0.0143889018928342
1,100000,negative,-0.0231722218323636,-0.007487511897884299,0.21097745140754365,0.10983269386263457,-0.0306597337302479
1,100000,uniform singleton,,,0.415903494958166,,0.0237105099294059
2,0,MIDD,1.851083792329486e-09,-2.3038452783286855e-05,0.10159603142025969,1.8220040354453784e-08,-2.3036601699494524e-05
2,0,shuffle,-1.0698437569594861e-06,-3.0246663005862273e-05,0.1015959833891556,1.0530374541102987e-05,-3.131650676282176e-05
2,0,negative,-1.1294131765442704e-09,-2.3038587600844035e-05,0.10159566246069826,1.1116746022313481e-08,-2.303971701402058e-05
2,0,uniform singleton,,,0.1015809826121272,,-2.3049576568844605e-05
2,10000,MIDD,3.597155814429997e-05,0.0041145565602159,0.2154288520388717,0.0001669765112883269,0.0041505281183602
2,10000,shuffle,-0.0021114695821065005,0.0076311536688025,0.2150462652934821,0.009818675898532322,0.005519684086696
2,10000,negative,0.00023496064764519983,0.0041584530814298,0.2161772207784749,0.001086889020032194,0.004393413729075
2,10000,uniform singleton,,,0.2193589998367546,,0.0036881993586904
2,50000,MIDD,-0.0164642886186489,-0.0007425830014346005,0.23032115405154366,0.07148404881196606,-0.0172068716200835
2,50000,shuffle,0.0011609086514277004,0.0133867443449474,0.25186177928335096,0.004609308545071654,0.0145476529963751
2,50000,negative,-0.00735996259390315,-0.007163165318897449,0.22344692430695734,0.032938303432597245,-0.0145231279128006
2,50000,uniform singleton,,,0.1033440627048452,,-0.0500321102349224
2,100000,MIDD,-0.0030750468691322,0.0191391649609019,0.2496515709009129,0.012317354375281264,0.0160641180917697
2,100000,shuffle,0.005343386101685849,0.01794165803511975,0.296168422417198,0.018041714434224466,0.0232850441368056
2,100000,negative,-0.0283290297095539,0.0022401483166421994,0.23602969256213147,0.12002316065423288,-0.0260888813929117
2,100000,uniform singleton,,,0.4375459178791867,,0.011928125719475
3,0,MIDD,1.4828308127396334e-09,-2.51241551020202e-05,0.10131135025017726,1.4636374000326177e-08,-2.5122672271207464e-05
3,0,shuffle,-1.0694821275778405e-06,-3.231922799049596e-05,0.10131130879027185,1.0556394348747518e-05,-3.33887101180738e-05
3,0,negative,-5.462815651580615e-10,-2.512355838242218e-05,0.10131098235872221,5.392125833147943e-09,-2.5124104663987335e-05
3,0,uniform singleton,,,0.1012963351496172,,-2.5133358339639508e-05
3,10000,MIDD,7.416208188839972e-05,0.0041284293187102,0.19625810553450215,0.00037788035141999286,0.0042025914005986
3,10000,shuffle,-0.00306059990425255,0.01035892856926525,0.2038564338201309,0.01501350654918753,0.0072983286650127
3,10000,negative,0.00021159747450234996,0.00411082566236535,0.19723691552813835,0.0010728086775021733,0.0043224231368677
3,10000,uniform singleton,,,0.1963046835668881,,0.0030609173345721
3,50000,MIDD,0.0014986713842410505,0.02245773856847815,0.14947606491880525,0.01002616295160782,0.0239564099527192
3,50000,shuffle,-0.013338450353105949,0.01143277809521595,0.13242153214335975,0.10072720151482406,-0.00190567225789
3,50000,negative,-0.0035256583752805498,0.01706741800272885,0.1262130565764669,0.02793418106584329,0.0135417596274483
3,50000,uniform singleton,,,0.1082098506120109,,0.0068535163558615
3,100000,MIDD,-0.00054332365920695,0.00093477732130425,0.11262989449842455,0.004823973791563393,0.0003914536620973
3,100000,shuffle,0.00042056875417010014,0.0030437799949931,0.12242575614991114,0.003435296357533712,0.0034643487491632
3,100000,negative,0.00317986179392175,-0.0012066802048047499,0.0835658693559643,0.0380521595530412,0.001973181589117
3,100000,uniform singleton,,,0.3698758758107742,,0.0030600352492695
4,0,MIDD,-1.3385298320173775e-10,-2.7890714072984803e-05,0.1009561236617536,1.3258530374066536e-09,-2.7890847925968004e-05
4,0,shuffle,-1.0643897969373887e-06,-3.507529319279266e-05,0.1009560789185603,1.0543097635517474e-05,-3.6139682989730046e-05
4,0,negative,3.678229414148473e-10,-2.7893135275856996e-05,0.10095575813643576,3.643407252885529e-09,-2.7892767452915583e-05
4,0,uniform singleton,,,0.1009411415606889,,-2.7903527349749023e-05
4,10000,MIDD,4.408653038774982e-05,-0.02699936084143285,0.22927081118816134,0.00019229020109135582,-0.0269552743110451
4,10000,shuffle,-0.004676016803973851,-0.02037598436364715,0.2308183507022325,0.020258427415964654,-0.025052001167621
4,10000,negative,0.00026597969073989883,-0.0270588917458469,0.22913581705646247,0.001160794912627551,-0.026792912055107
4,10000,uniform singleton,,,0.2249285548119188,,-0.0253611985362975
4,50000,MIDD,-0.0043948386702522,0.004195558904966299,0.24346383796317755,0.01805129955651522,-0.0001992797652859
4,50000,shuffle,0.0032020847729996,0.0060800996772946,0.2664207076430094,0.012018903490378216,0.0092821844502942
4,50000,negative,-0.0023760650346718,-0.0049868217253055,0.20809662907031007,0.011418085171716037,-0.0073628867599773
4,50000,uniform singleton,,,0.271764735792764,,-0.0365912221713565
4,100000,MIDD,-0.00183826130803045,0.01365612035861365,0.25096487614592566,0.0073247752285526095,0.0118178590505832
4,100000,shuffle,0.01406285308380135,0.00147607787072585,0.35660932558363256,0.03943489997292095,0.0155389309545272
4,100000,negative,0.00473238648805655,0.00432281267935895,0.2498491267019016,0.01894097670272358,0.0090551991674155
4,100000,uniform singleton,,,0.4421501296077944,,-0.0331279066765314
5,0,MIDD,2.0353098996042727e-09,-2.7755869209288453e-05,0.10121974286993446,2.010783511097839e-08,-2.775383389938885e-05
5,0,shuffle,-1.0669800301002716e-06,-3.4950154140913855e-05,0.10121969819891695,1.0541229119291015e-05,-3.601713417101413e-05
5,0,negative,2.661594365467834e-10,-2.7758776834877588e-05,0.1012193751491538,2.6295305237221522e-09,-2.7758510675441043e-05
5,0,uniform singleton,,,0.1012047403449327,,-2.7769157374015313e-05
5,10000,MIDD,2.8778688109150092e-05,-0.00253242478530485,0.2263832543485147,0.00012712374946622862,-0.0025036460971957
5,10000,shuffle,-0.00539029200337465,0.00509632741666785,0.2345475768272177,0.022981657181414726,-0.0002939645867068
5,10000,negative,0.00043684306697479997,-0.0024762636855463,0.2284391248643728,0.0019122953094578665,-0.0020394206185715
5,10000,uniform singleton,,,0.2169173238065452,,-0.0037121858108797
5,50000,MIDD,-0.00189252612478515,-3.002543508955004e-05,0.23331547918190915,0.008111446919085911,-0.0019225515598747
5,50000,shuffle,-0.01685692895039175,0.01109112368121425,0.30447577776541146,0.05536377663309381,-0.0057658052691775
5,50000,negative,0.0029201208884795,0.0075928687614982004,0.2881713966528574,0.010133278050483242,0.0105129896499777
5,50000,uniform singleton,,,0.4538311397152506,,0.0105853783412228
5,100000,MIDD,-0.00959045839595465,-0.00653574242186785,0.2287741229769628,0.041921080370267205,-0.0161262008178225
5,100000,shuffle,-0.013303637505861249,-0.01565554959481635,0.21946316894266935,0.06061899848596725,-0.0289591871006776
5,100000,negative,0.0210004524401399,-0.0040922957763849,0.20510640921844686,0.10238808489779344,0.016908156663755
5,100000,uniform singleton,,,0.1963876121248529,,-0.0144572512896879
6,0,MIDD,1.7058217160360872e-09,-2.5432369919381615e-05,0.10113757759678205,1.6866349348774223e-08,-2.5430664097665577e-05
6,0,shuffle,-1.068078166659608e-06,-3.2623191722861724e-05,0.1011375302330911,1.05606510678876e-05,-3.3691269889521335e-05
6,0,negative,-4.363565809208038e-11,-2.5433530424428147e-05,0.10113720914490375,4.3145009102991605e-10,-2.543357406008624e-05
6,0,uniform singleton,,,0.1011225760762965,,-2.5442903295404663e-05
6,10000,MIDD,-1.4741009257999505e-06,-0.0013001697285045,0.2264782086263521,6.508798063799371e-06,-0.0013016438294303
6,10000,shuffle,-0.0033735662676913497,0.00516700878250435,0.2317972661818053,0.0145539519221308,0.001793442514813
6,10000,negative,0.00031281802026115,-0.00123082909089535,0.22837057798296773,0.0013697824957314795,-0.0009180110706342
6,10000,uniform singleton,,,0.2460150294609475,,-0.0003658218428695
6,50000,MIDD,-0.017437835950601,0.0342948188331655,0.35344928544108545,0.04933617542567537,0.0168569828825645
6,50000,shuffle,-0.055041060678336945,0.015854838820876845,0.34239424752480396,0.16075346205794425,-0.0391862218574601
6,50000,negative,0.0028883235576627,0.012383153663342299,0.2747579064668714,0.010512249109784783,0.015271477221005
6,50000,uniform singleton,,,0.2832001052627473,,0.0081325036561501
6,100000,MIDD,-0.02167090756588795,0.05684386868940845,0.41108036959915745,0.052716960401245024,0.0351729611235205
6,100000,shuffle,-0.027027688048710953,0.045435539538538454,0.4280163754110105,0.06314638785200011,0.0184078514898275
6,100000,negative,0.0034959188779906496,0.037929999562265754,0.3621265659850914,0.009653859192795523,0.0414259184402564
6,100000,uniform singleton,,,0.2978926391698717,,0.0319171192241664
7,0,MIDD,5.879687145299105e-10,-2.339776954971015e-05,0.10128636855862255,5.805013279645877e-09,-2.3397181580995618e-05
7,0,shuffle,-1.0685123526291785e-06,-3.059472754543354e-05,0.10128632298441775,1.0549423862425752e-05,-3.166323989806272e-05
7,0,negative,1.3462812424792263e-10,-2.3399214525487256e-05,0.10128600343418655,1.329187841194673e-09,-2.3399079897363008e-05
7,0,uniform singleton,,,0.1012713600397336,,-2.34105445237337e-05
7,10000,MIDD,4.8900162038550054e-05,0.0027879704661069498,0.2249605352975591,0.00021737218029761968,0.0028368706281455
7,10000,shuffle,-0.0046891259997105,0.008874062482513,0.2281963613554723,0.020548644912028312,0.0041849364828025
7,10000,negative,0.00035630292984340016,0.002814274140345,0.22544015033542295,0.0015804768108665292,0.0031705770701884
7,10000,uniform singleton,,,0.221251145075282,,0.0028071409857704
7,50000,MIDD,-0.001186454255920951,-0.02293384113574545,0.3232898665427738,0.0036699395146800057,-0.0241202953916664
7,50000,shuffle,0.00330690712265455,0.00555303789186845,0.4196795351279339,0.007879600613945787,0.008859945014523
7,50000,negative,-0.003128334011093751,-0.034416941157235745,0.3482047807318509,0.008984178805697818,-0.0375452751683295
7,50000,uniform singleton,,,0.3618182275004635,,-0.0242378291040818
7,100000,MIDD,0.0010070715149163509,-0.02037967728741465,0.4029647218415663,0.002499155534792203,-0.0193726057724983
7,100000,shuffle,-0.006326724222168151,-0.00198219519679925,0.3536735472473081,0.01788859888281143,-0.0083089194189674
7,100000,negative,0.0029744515691655002,-0.0099105322144326,0.39091810922628323,0.007608886615799466,-0.0069360806452671
7,100000,uniform singleton,,,0.3010417320730398,,-0.0031962826418037
8,0,MIDD,1.4716234384538836e-09,-2.8330430436824457e-05,0.10251846471124025,1.4354715929456686e-08,-2.8328958813386e-05
8,0,shuffle,-1.0739960822226123e-06,-3.557586431598333e-05,0.10251842312028635,1.0476127602572244e-05,-3.6649860398205943e-05
8,0,negative,6.201963534901799e-10,-2.8330515176822983e-05,0.10251809359546446,6.049628233797143e-09,-2.832989498046949e-05
8,0,uniform singleton,,,0.1025033462097576,,-2.834197066053035e-05
8,10000,MIDD,4.209604709639995e-05,0.0014988091472088,0.18222064226958426,0.00023101689562767227,0.0015409051943052
8,10000,shuffle,-0.0022812067507393496,0.0019166206252038498,0.18298002652162898,0.012466971363509457,-0.0003645861255355
8,10000,negative,0.00028056395679785,0.00149504409311625,0.1826555250626308,0.0015360277588189425,0.0017756080499141
8,10000,uniform singleton,,,0.1810099925259231,,0.0014318044854212
8,50000,MIDD,-0.0028199173023262993,-0.0152355836984147,0.2570227151307988,0.010971471143673991,-0.018055501000741
8,50000,shuffle,-0.0079092429861299,-0.011321954976397899,0.2423539336642767,0.032635092265868734,-0.0192311979625278
8,50000,negative,-0.0029234135859418,-0.0107574372420191,0.25862104181634005,0.011303850473303192,-0.0136808508279609
8,50000,uniform singleton,,,0.4613895764318289,,0.0170346737222552
8,100000,MIDD,0.00784433226659655,-0.009551286549286851,0.440510100829497,0.01780738342168631,-0.0017069542826903
8,100000,shuffle,0.003523923560743252,-0.05131145183138375,0.36183563627074655,0.009739017408739826,-0.0477875282706405
8,100000,negative,0.0056228229223129495,-0.01934874754405625,0.38283292063388025,0.014687407010355568,-0.0137259246217433
8,100000,uniform singleton,,,0.2492912974212535,,-0.0026362244216352
9,0,MIDD,4.304679101577711e-10,-2.8746380201935963e-05,0.1012226651299597,4.252683029093274e-09,-2.8745949734025805e-05
9,0,shuffle,-1.0671040680767254e-06,-3.594043363263838e-05,0.10122262326313415,1.0542149903611229e-05,-3.70075377007151e-05
9,0,negative,1.7008285896352596e-11,-2.8746514532882327e-05,0.10122230059708165,1.6802903901635846e-10,-2.874649752459643e-05
9,0,uniform singleton,,,0.1012076650629895,,-2.8756593366691645e-05
9,10000,MIDD,-1.9888366386049995e-05,-0.00569307586246945,0.19006547728848716,0.00010463955195747004,-0.0057129642288555
9,10000,shuffle,-0.0022093433651816,0.0016814016747884,0.1945002363864317,0.011359078046527882,-0.0005279416903932
9,10000,negative,0.00021277912577150017,-0.0056778547883558,0.19084531070905705,0.00111492980875952,-0.0054650756625843
9,10000,uniform singleton,,,0.1921451812207257,,-0.0055710327283305
9,50000,MIDD,-0.01399931187185215,0.00847180556796025,0.30796748631969606,0.045457109901918966,-0.0055275063038919
9,50000,shuffle,0.00021016697353905007,0.00884947215097185,0.3082580635543737,0.0006817890540014331,0.0090596391245109
9,50000,negative,0.0089606015528623,-0.007360795276873999,0.2585156659354678,0.034661735181260145,0.0015998062759883
9,50000,uniform singleton,,,0.1919567707279791,,0.0208472551746181
9,100000,MIDD,-0.01025011386568515,0.012732401665587149,0.1926036074991668,0.05321870134612869,0.002482287799902
9,100000,shuffle,0.0141213326319885,0.0073949293619755,0.24282667049814985,0.05815396061321894,0.021516261993964
9,100000,negative,0.00800235934651165,-0.00997182171632905,0.168489732129916,0.04749464104044831,-0.0019694623698174
9,100000,uniform singleton,,,0.1946525465717425,,0.0129568304310606
10,0,MIDD,6.345827112433198e-10,-2.8417937032776366e-05,0.1019918902829455,6.22189381413427e-09,-2.841730245006512e-05
10,0,shuffle,-1.0724939501028075e-06,-3.564195270261388e-05,0.10199184683297136,1.0515487104172112e-05,-3.6714446652716685e-05
10,0,negative,-2.2855418722693682e-10,-2.8418588922959842e-05,0.10199152164407069,2.240913593039073e-09,-2.841881747714707e-05
10,0,uniform singleton,,,0.1019768127458561,,-2.8428081376055545e-05
10,10000,MIDD,0.0001861185558251501,-0.00136646732712455,0.2440894078215736,0.0007625015664801011,-0.0011803487712994
10,10000,shuffle,-0.0040598638062668,0.0081994496089638,0.26378906969117466,0.0153905687260651,0.004139585802697
10,10000,negative,0.0005694514996081,-0.0013871462399588,0.24701772128703908,0.002305306261595649,-0.0008176947403507
10,10000,uniform singleton,,,0.2289634375597475,,-0.0002446278217389
10,50000,MIDD,-0.01329082029461215,-0.016305039795426753,0.43667167342325963,0.03043664405895536,-0.0295958600900389
10,50000,shuffle,-0.00296684789726395,-0.00963064772863295,0.3821921961796561,0.007762711868322218,-0.0125974956258969
10,50000,negative,0.0029013063028680997,-0.0206391572590119,0.36148372410531937,0.008026104937501406,-0.0177378509561438
10,50000,uniform singleton,,,0.1793545646414864,,0.0016444947842591
10,100000,MIDD,-0.0133868254047903,-0.0114988848271829,0.38564982630135436,0.03471238541238074,-0.0248857102319732
10,100000,shuffle,-0.02453159378319475,-0.03249995498577505,0.3196882242633722,0.07673599438865981,-0.0570315487689698
10,100000,negative,-0.0013270882303857996,-0.0143306109963238,0.2998847186793494,0.004425327960124516,-0.0156576992267096
10,100000,uniform singleton,,,0.362684693520357,,-0.037016669608319
11,0,MIDD,1.087631243009942e-09,-3.069002074615336e-05,0.101280927593137,1.0738756731959888e-08,-3.068893311491035e-05
11,0,shuffle,-1.0680744896762822e-06,-3.788529460091965e-05,0.10128088215318859,1.0545667326048822e-05,-3.8953369090595934e-05
11,0,negative,-8.322969820494751e-10,-3.069068083210118e-05,0.101280559327123,8.21773682510248e-09,-3.069151312908323e-05
11,0,uniform singleton,,,0.1012659177884824,,-3.069926842472711e-05
11,10000,MIDD,4.4866797909950094e-05,-0.00589913039796075,0.20919960279850963,0.00021446884845743947,-0.0058542636000508
11,10000,shuffle,-0.0035911530183365,-0.0007040738311467,0.2082018348824366,0.01724842156345204,-0.0042952268494832
11,10000,negative,0.0003156186535301,-0.0059143630323968,0.209473887894526,0.0015067207502685003,-0.0055987443788667
11,10000,uniform singleton,,,0.2214195570678016,,-0.0041317060321551
11,50000,MIDD,-0.013713331602232901,0.004155889918928201,0.6434138011933503,0.021313393615117606,-0.0095574416833047
11,50000,shuffle,-0.033557411367379296,-0.029733342339305198,0.5371443343434126,0.06247373233192297,-0.0632907537066845
11,50000,negative,-0.004518520542463201,-0.035693419228863696,0.5088939219448241,0.008879101022065485,-0.0402119397713269
11,50000,uniform singleton,,,0.133854664277785,,0.0044559619872624
11,100000,MIDD,-0.010862300736807549,0.027345220861025546,0.24456315423552935,0.04441511547707013,0.016482920124218
11,100000,shuffle,-0.02704353080308685,0.00818975380492365,0.2896937384667602,0.09335214128623583,-0.0188537769981632
11,100000,negative,0.010758138081997,0.0105402967753312,0.20448948003325515,0.052609738555975866,0.0212984348573282
11,100000,uniform singleton,,,0.1872526155891969,,0.0252359082408412
12,0,MIDD,2.8023837177596926e-09,-2.5175980062043093e-05,0.101433942867504,2.76276721434387e-08,-2.517317767832533e-05
12,0,shuffle,-1.0680241134636882e-06,-3.237799684831309e-05,0.10143389850877621,1.0529262200952289e-05,-3.344602096177677e-05
12,0,negative,-1.1733978515976516e-09,-2.517644161883448e-05,0.10143357339752346,1.1568140727913077e-08,-2.5177615016686077e-05
12,0,uniform singleton,,,0.1014189164267697,,-2.5187742556799203e-05
12,10000,MIDD,-2.6419186199349957e-05,0.00705457196650885,0.17065887392581686,0.0001548069877153533,0.0070281527803095
12,10000,shuffle,-0.0053567911070661,0.0146487395496069,0.19305034748129246,0.027748155737379338,0.0092919484425408
12,10000,negative,0.0006992902129148498,0.00734645546038925,0.17444372406564074,0.004008686564451677,0.0080457456733041
12,10000,uniform singleton,,,0.1991088256320344,,0.0077150808215959
12,50000,MIDD,-0.02961439648934475,-0.03892933926516495,0.8966245212132202,0.03302876041051564,-0.0685437357545097
12,50000,shuffle,-0.01114274806198915,-0.0010093279120450506,0.6752693164639867,0.016501191140058876,-0.0121520759740342
12,50000,negative,-0.004670744993110551,-0.028473551648746154,0.7727903617479406,0.006044000060438122,-0.0331442966418567
12,50000,uniform singleton,,,0.3240688479395781,,0.0187736455108504
12,100000,MIDD,-0.012305015672120652,-0.02886845030141385,0.4544372030056773,0.027077483072984507,-0.0411734659735345
12,100000,shuffle,-0.012053582626191751,-0.03605088643970955,0.3694441749034728,0.03262626249105449,-0.0481044690659013
12,100000,negative,0.004462185256277399,-0.0264754855906774,0.35770649070955896,0.012474431893662466,-0.0220133003344
12,100000,uniform singleton,,,0.3318644681372965,,0.0152132486587208
13,0,MIDD,5.346807405615957e-10,-2.6285531031348096e-05,0.10131028855811886,5.277654897358865e-09,-2.6284996350607536e-05
13,0,shuffle,-1.067580522067407e-06,-3.3482447868220824e-05,0.10131024149001819,1.0537735438845959e-05,-3.455002839028823e-05
13,0,negative,-4.174724540586698e-10,-2.628615542590059e-05,0.10130991854837705,4.120746122792708e-09,-2.6286572898354647e-05
13,0,uniform singleton,,,0.1012952761891032,,-2.6295126458803307e-05
13,10000,MIDD,-3.055969505864984e-05,0.00693597305323295,0.19219820284396916,0.00015900094072918513,0.0069054133581743
13,10000,shuffle,-0.00350888598052805,0.01803559340806785,0.20195814225269876,0.017374322923497585,0.0145267074275398
13,10000,negative,0.0003639529408446,0.0071550437953097,0.1942431217237,0.0018736979596235214,0.0075189967361543
13,10000,uniform singleton,,,0.1898594681047958,,0.0067940762737557
13,50000,MIDD,-0.009594690838269,-0.0296782408663434,0.3168883751410949,0.03027782522472449,-0.0392729317046124
13,50000,shuffle,0.003246696746796198,-0.031727156543468096,0.31609285583497715,0.010271338585681935,-0.0284804597966719
13,50000,negative,0.0052519312069553015,-0.0412844625694387,0.326380033558094,0.01609145985341191,-0.0360325313624834
13,50000,uniform singleton,,,0.4651568764732278,,-0.0336394541070778
13,100000,MIDD,-0.01395129324573275,-0.01245657523628755,0.31341171411306884,0.04451426866801658,-0.0264078684820203
13,100000,shuffle,0.006110726885249301,-0.0443912814836057,0.2778777027115366,0.02199070607544505,-0.0382805545983564
13,100000,negative,-0.004900377871417951,-0.022607521684809152,0.25501707674931173,0.01921588128090397,-0.0275078995562271
13,100000,uniform singleton,,,0.219895786448925,,-0.03644189800978
