optimizer_step,group,n_seeds,positive_exact_fraction,negative_exact_fraction,zero_exact_fraction,positive_fraction,negative_fraction,near_zero_fraction,median_A,median_sign,sign_entropy_bits
0,3MIDD_048,14,0.9285714285714286,0.07142857142857142,0.0,0.0,0.0,1.0,9.299022327728174e-10,1.0,-0.0
0,3MIDD_207,14,0.7857142857142857,0.21428571428571427,0.0,0.0,0.0,1.0,1.8451097948478555e-09,1.0,-0.0
0,4MIDD_085_170,14,0.6428571428571429,0.35714285714285715,0.0,0.0,0.0,1.0,4.331290591392376e-10,1.0,-0.0
1000,3MIDD_048,14,0.7142857142857143,0.2857142857142857,0.0,0.0,0.0,1.0,5.977640445749711e-07,1.0,-0.0
1000,3MIDD_207,14,0.8571428571428571,0.14285714285714285,0.0,0.0,0.0,1.0,4.97601060724974e-07,1.0,-0.0
1000,4MIDD_085_170,14,0.7142857142857143,0.2857142857142857,0.0,0.0,0.0,1.0,9.345038742489264e-08,1.0,-0.0
2000,3MIDD_048,14,0.5,0.5,0.0,0.0,0.0,1.0,6.076168459249413e-07,1.0,-0.0
2000,3MIDD_207,14,0.5,0.5,0.0,0.0,0.0,1.0,2.936142311251149e-07,1.0,-0.0
2000,4MIDD_085_170,14,0.35714285714285715,0.6428571428571429,0.0,0.0,0.0,1.0,-7.913602041247601e-07,-1.0,-0.0
3000,3MIDD_048,14,0.35714285714285715,0.6428571428571429,0.0,0.0,0.0,1.0,-1.4146791120224814e-05,-1.0,-0.0
3000,3MIDD_207,14,0.35714285714285715,0.6428571428571429,0.0,0.0,0.0,1.0,-7.98219170037532e-06,-1.0,-0.0
3000,4MIDD_085_170,14,0.5,0.5,0.0,0.0,0.0,1.0,3.9767192532426214e-07,1.0,-0.0
4000,3MIDD_048,14,0.7857142857142857,0.21428571428571427,0.0,0.0,0.0,1.0,1.0312538990875022e-05,1.0,-0.0
4000,3MIDD_207,14,0.7142857142857143,0.2857142857142857,0.0,0.0,0.0,1.0,9.280699340350027e-06,1.0,-0.0
4000,4MIDD_085_170,14,0.7142857142857143,0.2857142857142857,0.0,0.0,0.0,1.0,1.2406398192525139e-05,1.0,-0.0
5000,3MIDD_048,14,0.7857142857142857,0.21428571428571427,0.0,0.0,0.0,1.0,2.2050956891624986e-05,1.0,-0.0
5000,3MIDD_207,14,0.7142857142857143,0.2857142857142857,0.0,0.0,0.0,1.0,2.0328086057374943e-05,1.0,-0.0
5000,4MIDD_085_170,14,0.6428571428571429,0.35714285714285715,0.0,0.0,0.0,1.0,1.0003762381525578e-05,1.0,-0.0
6000,3MIDD_048,14,0.5714285714285714,0.42857142857142855,0.0,0.0,0.0,1.0,1.630721468125013e-05,1.0,-0.0
6000,3MIDD_207,14,0.5714285714285714,0.42857142857142855,0.0,0.0,0.0,1.0,5.900335900325005e-06,1.0,-0.0
6000,4MIDD_085_170,14,0.5,0.5,0.0,0.0,0.0,1.0,1.880041076749941e-06,1.0,-0.0
7000,3MIDD_048,14,0.7142857142857143,0.2857142857142857,0.0,0.0,0.0,1.0,3.2788854970625044e-05,1.0,-0.0
7000,3MIDD_207,14,0.8571428571428571,0.14285714285714285,0.0,0.0,0.0,1.0,3.2722466351975e-05,1.0,-0.0
7000,4MIDD_085_170,14,0.35714285714285715,0.6428571428571429,0.0,0.0,0.0,1.0,-1.9454041289825014e-05,-1.0,-0.0
8000,3MIDD_048,14,0.8571428571428571,0.14285714285714285,0.0,0.0,0.0,1.0,3.790927228010041e-05,1.0,-0.0
8000,3MIDD_207,14,0.8571428571428571,0.14285714285714285,0.0,0.0,0.0,1.0,2.515468700307541e-05,1.0,-0.0
8000,4MIDD_085_170,14,0.5,0.5,0.0,0.0,0.0,1.0,4.94884763502503e-06,1.0,-0.0
9000,3MIDD_048,14,0.9285714285714286,0.07142857142857142,0.0,0.0,0.0,1.0,7.052581943479985e-05,1.0,-0.0
9000,3MIDD_207,14,0.8571428571428571,0.14285714285714285,0.0,0.0,0.0,1.0,3.719364135224996e-05,1.0,-0.0
9000,4MIDD_085_170,14,0.42857142857142855,0.5714285714285714,0.0,0.0,0.0,1.0,-1.2220066107771477e-05,-1.0,-0.0
10000,3MIDD_048,14,0.7142857142857143,0.2857142857142857,0.0,0.0,0.0,1.0,3.496606859784983e-05,1.0,-0.0
10000,3MIDD_207,14,0.7142857142857143,0.2857142857142857,0.0,0.0,0.0,1.0,2.1543789061474966e-05,1.0,-0.0
10000,4MIDD_085_170,14,0.42857142857142855,0.5714285714285714,0.0,0.0,0.0,1.0,-7.3773591107249696e-06,-1.0,-0.0
11000,3MIDD_048,14,0.9285714285714286,0.07142857142857142,0.0,0.0,0.0,1.0,4.925587744492553e-05,1.0,-0.0
11000,3MIDD_207,14,0.9285714285714286,0.07142857142857142,0.0,0.0,0.0,1.0,4.4514947603174965e-05,1.0,-0.0
11000,4MIDD_085_170,14,0.6428571428571429,0.35714285714285715,0.0,0.0,0.0,1.0,3.321000330767503e-05,1.0,-0.0
12000,3MIDD_048,14,1.0,0.0,0.0,0.0,0.0,1.0,8.645195186020044e-05,1.0,-0.0
12000,3MIDD_207,14,0.9285714285714286,0.07142857142857142,0.0,0.0,0.0,1.0,9.008126071454974e-05,1.0,-0.0
12000,4MIDD_085_170,14,0.7142857142857143,0.2857142857142857,0.0,0.0,0.0,1.0,1.7268569929474272e-05,1.0,-0.0
13000,3MIDD_048,14,0.7857142857142857,0.21428571428571427,0.0,0.0,0.0,1.0,7.235845982322508e-05,1.0,-0.0
13000,3MIDD_207,14,0.8571428571428571,0.14285714285714285,0.0,0.0,0.0,1.0,7.16183276783999e-05,1.0,-0.0
13000,4MIDD_085_170,14,0.42857142857142855,0.5714285714285714,0.0,0.0,0.0,1.0,-8.898064176125699e-06,-1.0,-0.0
14000,3MIDD_048,14,1.0,0.0,0.0,0.0,0.0,1.0,7.948096661049991e-05,1.0,-0.0
14000,3MIDD_207,14,0.9285714285714286,0.07142857142857142,0.0,0.0,0.0,1.0,0.00011679910065987497,1.0,-0.0
14000,4MIDD_085_170,14,0.5,0.5,0.0,0.0,0.0,1.0,6.993240315475262e-06,1.0,-0.0
15000,3MIDD_048,14,0.9285714285714286,0.07142857142857142,0.0,0.0,0.0,1.0,9.222689339470012e-05,1.0,-0.0
15000,3MIDD_207,14,1.0,0.0,0.0,0.0,0.0,1.0,7.961754525137479e-05,1.0,-0.0
15000,4MIDD_085_170,14,0.6428571428571429,0.35714285714285715,0.0,0.0,0.0,1.0,2.520814350467481e-05,1.0,-0.0
16000,3MIDD_048,14,1.0,0.0,0.0,0.0,0.0,1.0,0.0001531509139181249,1.0,-0.0
16000,3MIDD_207,14,1.0,0.0,0.0,0.0,0.0,1.0,8.131768442812531e-05,1.0,-0.0
16000,4MIDD_085_170,14,0.7142857142857143,0.2857142857142857,0.0,0.0,0.0,1.0,4.36262894624249e-05,1.0,-0.0
17000,3MIDD_048,14,0.8571428571428571,0.14285714285714285,0.0,0.07142857142857142,0.0,0.9285714285714286,0.0001493420111252754,1.0,0.37123232664087563
17000,3MIDD_207,14,0.8571428571428571,0.14285714285714285,0.0,0.14285714285714285,0.0,0.8571428571428571,0.00012364363274109996,1.0,0.5916727785823275
17000,4MIDD_085_170,14,0.6428571428571429,0.35714285714285715,0.0,0.0,0.0,1.0,8.936519796544996e-05,1.0,-0.0
18000,3MIDD_048,14,1.0,0.0,0.0,0.0,0.0,1.0,0.00013371051467035017,1.0,-0.0
18000,3MIDD_207,14,0.8571428571428571,0.14285714285714285,0.0,0.0,0.0,1.0,9.387398500404986e-05,1.0,-0.0
18000,4MIDD_085_170,14,0.7857142857142857,0.21428571428571427,0.0,0.0,0.0,1.0,6.722922500117506e-05,1.0,-0.0
19000,3MIDD_048,14,1.0,0.0,0.0,0.0,0.0,1.0,0.000182132602784175,1.0,-0.0
19000,3MIDD_207,14,0.8571428571428571,0.14285714285714285,0.0,0.0,0.0,1.0,0.0002005480798033751,1.0,-0.0
19000,4MIDD_085_170,14,0.7857142857142857,0.21428571428571427,0.0,0.0,0.0,1.0,9.404308526897518e-05,1.0,-0.0
20000,3MIDD_048,14,0.7857142857142857,0.21428571428571427,0.0,0.07142857142857142,0.0,0.9285714285714286,0.00011131039785777493,1.0,0.37123232664087563
20000,3MIDD_207,14,0.7142857142857143,0.2857142857142857,0.0,0.0,0.0,1.0,0.00014951897088477488,1.0,-0.0
20000,4MIDD_085_170,14,0.7142857142857143,0.2857142857142857,0.0,0.0,0.0,1.0,8.634304776577507e-05,1.0,-0.0
21000,3MIDD_048,14,1.0,0.0,0.0,0.14285714285714285,0.0,0.8571428571428571,0.00022125146390705036,1.0,0.5916727785823275
21000,3MIDD_207,14,0.8571428571428571,0.14285714285714285,0.0,0.35714285714285715,0.0,0.6428571428571429,0.00019920600188837482,1.0,0.9402859586706311
21000,4MIDD_085_170,14,0.7857142857142857,0.21428571428571427,0.0,0.21428571428571427,0.0,0.7857142857142857,8.569488675052488e-05,1.0,0.74959525725948
22000,3MIDD_048,14,0.7857142857142857,0.21428571428571427,0.0,0.07142857142857142,0.07142857142857142,0.8571428571428571,0.00019082436134487517,1.0,0.7345299214394703
22000,3MIDD_207,14,0.7142857142857143,0.2857142857142857,0.0,0.07142857142857142,0.0,0.9285714285714286,0.000160797141702825,1.0,0.37123232664087563
22000,4MIDD_085_170,14,0.5714285714285714,0.42857142857142855,0.0,0.0,0.0,1.0,6.10355772053e-05,1.0,-0.0
23000,3MIDD_048,14,0.6428571428571429,0.35714285714285715,0.0,0.07142857142857142,0.0,0.9285714285714286,5.040234686815037e-05,1.0,0.37123232664087563
23000,3MIDD_207,14,0.7142857142857143,0.2857142857142857,0.0,0.14285714285714285,0.07142857142857142,0.7857142857142857,0.000197229122429575,1.0,0.9463729359854419
23000,4MIDD_085_170,14,0.5,0.5,0.0,0.07142857142857142,0.07142857142857142,0.8571428571428571,4.618154089202503e-05,1.0,0.7345299214394703
24000,3MIDD_048,14,0.7142857142857143,0.2857142857142857,0.0,0.14285714285714285,0.07142857142857142,0.7857142857142857,0.00017709550279782545,1.0,0.9463729359854419
24000,3MIDD_207,14,0.7142857142857143,0.2857142857142857,0.0,0.14285714285714285,0.0,0.8571428571428571,0.0002005714115010002,1.0,0.5916727785823275
24000,4MIDD_085_170,14,0.42857142857142855,0.5714285714285714,0.0,0.07142857142857142,0.14285714285714285,0.7857142857142857,-2.8539094822425037e-05,-1.0,0.9463729359854419
25000,3MIDD_048,14,0.7142857142857143,0.2857142857142857,0.0,0.35714285714285715,0.07142857142857142,0.5714285714285714,0.00010086801002637486,1.0,1.2638091738835462
25000,3MIDD_207,14,0.7142857142857143,0.2857142857142857,0.0,0.35714285714285715,0.07142857142857142,0.5714285714285714,0.00026870047854014997,1.0,1.2638091738835462
25000,4MIDD_085_170,14,0.6428571428571429,0.35714285714285715,0.0,0.14285714285714285,0.0,0.8571428571428571,0.000152724458046675,1.0,0.5916727785823275
26000,3MIDD_048,14,0.7857142857142857,0.21428571428571427,0.0,0.42857142857142855,0.07142857142857142,0.5,0.0004097768217696,1.0,1.2958363892911637
26000,3MIDD_207,14,0.8571428571428571,0.14285714285714285,0.0,0.42857142857142855,0.07142857142857142,0.5,0.000318514727116775,1.0,1.2958363892911637
26000,4MIDD_085_170,14,0.7142857142857143,0.2857142857142857,0.0,0.35714285714285715,0.07142857142857142,0.5714285714285714,0.00024323204420542504,1.0,1.2638091738835462
27000,3MIDD_048,14,0.8571428571428571,0.14285714285714285,0.0,0.5,0.07142857142857142,0.42857142857142855,0.0004121586609701004,1.0,1.2958363892911637
27000,3MIDD_207,14,0.7142857142857143,0.2857142857142857,0.0,0.42857142857142855,0.14285714285714285,0.42857142857142855,0.00042385467804012495,1.0,1.4488156357251847
27000,4MIDD_085_170,14,0.7142857142857143,0.2857142857142857,0.0,0.42857142857142855,0.0,0.5714285714285714,0.0001404928355061251,1.0,0.9852281360342515
28000,3MIDD_048,14,0.6428571428571429,0.35714285714285715,0.0,0.35714285714285715,0.21428571428571427,0.42857142857142855,0.0002179753617070001,1.0,1.5306189948485174
28000,3MIDD_207,14,0.7857142857142857,0.21428571428571427,0.0,0.5,0.07142857142857142,0.42857142857142855,0.0005058324337846997,1.0,1.2958363892911637
28000,4MIDD_085_170,14,0.5714285714285714,0.42857142857142855,0.0,0.2857142857142857,0.07142857142857142,0.6428571428571429,8.644284905264974e-05,1.0,1.1981174211304033
29000,3MIDD_048,14,0.42857142857142855,0.5714285714285714,0.0,0.21428571428571427,0.2857142857142857,0.5,-0.00011907277306537486,-1.0,1.4926140680171256
29000,3MIDD_207,14,0.7142857142857143,0.2857142857142857,0.0,0.35714285714285715,0.07142857142857142,0.5714285714285714,0.00030054630548659994,1.0,1.2638091738835462
29000,4MIDD_085_170,14,0.7142857142857143,0.2857142857142857,0.0,0.42857142857142855,0.14285714285714285,0.42857142857142855,0.0002600245441571748,1.0,1.4488156357251847
30000,3MIDD_048,14,0.6428571428571429,0.35714285714285715,0.0,0.2857142857142857,0.2857142857142857,0.42857142857142855,0.00026710869800285046,1.0,1.5566567074628228
30000,3MIDD_207,14,0.8571428571428571,0.14285714285714285,0.0,0.6428571428571429,0.07142857142857142,0.2857142857142857,0.00069392430562635,1.0,1.1981174211304033
30000,4MIDD_085_170,14,0.5714285714285714,0.42857142857142855,0.0,0.35714285714285715,0.21428571428571427,0.42857142857142855,0.00013374507236407488,1.0,1.5306189948485174
31000,3MIDD_048,14,0.5714285714285714,0.42857142857142855,0.0,0.35714285714285715,0.2857142857142857,0.35714285714285715,0.00020493312565667498,1.0,1.5774062828523454
31000,3MIDD_207,14,0.7857142857142857,0.21428571428571427,0.0,0.6428571428571429,0.07142857142857142,0.2857142857142857,0.0008551357270659998,1.0,1.1981174211304033
31000,4MIDD_085_170,14,0.5,0.5,0.0,0.2857142857142857,0.21428571428571427,0.5,-7.97127625097485e-06,-1.0,1.4926140680171258
32000,3MIDD_048,14,0.5714285714285714,0.42857142857142855,0.0,0.5,0.35714285714285715,0.14285714285714285,0.00039477484402127526,1.0,1.4315602842833155
32000,3MIDD_207,14,0.7142857142857143,0.2857142857142857,0.0,0.5714285714285714,0.14285714285714285,0.2857142857142857,0.0006630295326084251,1.0,1.3787834934861753
32000,4MIDD_085_170,14,0.5714285714285714,0.42857142857142855,0.0,0.42857142857142855,0.2857142857142857,0.2857142857142857,0.0001381605010257244,1.0,1.5566567074628228
33000,3MIDD_048,14,0.42857142857142855,0.5714285714285714,0.0,0.2857142857142857,0.5,0.21428571428571427,-0.0007921830369028253,-1.0,1.4926140680171258
33000,3MIDD_207,14,0.7857142857142857,0.21428571428571427,0.0,0.5714285714285714,0.14285714285714285,0.2857142857142857,0.0010414343983814749,1.0,1.3787834934861753
33000,4MIDD_085_170,14,0.5714285714285714,0.42857142857142855,0.0,0.42857142857142855,0.2857142857142857,0.2857142857142857,0.00012456023219997508,1.0,1.5566567074628228
34000,3MIDD_048,14,0.5,0.5,0.0,0.2857142857142857,0.42857142857142855,0.2857142857142857,-8.933816507679989e-05,-1.0,1.5566567074628228
34000,3MIDD_207,14,0.7142857142857143,0.2857142857142857,0.0,0.7142857142857143,0.14285714285714285,0.14285714285714285,0.0009470932184704002,1.0,1.1488348542809166
34000,4MIDD_085_170,14,0.6428571428571429,0.35714285714285715,0.0,0.42857142857142855,0.2857142857142857,0.2857142857142857,0.00010965560433110009,1.0,1.5566567074628228
35000,3MIDD_048,14,0.42857142857142855,0.5714285714285714,0.0,0.2857142857142857,0.5,0.21428571428571427,-0.0008640950353376255,-1.0,1.4926140680171258
35000,3MIDD_207,14,0.9285714285714286,0.07142857142857142,0.0,0.7857142857142857,0.07142857142857142,0.14285714285714285,0.0017568828641055002,1.0,0.9463729359854419
35000,4MIDD_085_170,14,0.5,0.5,0.0,0.2857142857142857,0.2857142857142857,0.42857142857142855,5.719059668322555e-05,1.0,1.5566567074628228
36000,3MIDD_048,14,0.2857142857142857,0.7142857142857143,0.0,0.21428571428571427,0.6428571428571429,0.14285714285714285,-0.0032473519802380998,-1.0,1.287054028118727
36000,3MIDD_207,14,0.8571428571428571,0.14285714285714285,0.0,0.7857142857142857,0.0,0.21428571428571427,0.00361310382962985,1.0,0.74959525725948
36000,4MIDD_085_170,14,0.5714285714285714,0.42857142857142855,0.0,0.35714285714285715,0.42857142857142855,0.21428571428571427,0.00015079790420739997,1.0,1.5306189948485174
37000,3MIDD_048,14,0.2857142857142857,0.7142857142857143,0.0,0.21428571428571427,0.6428571428571429,0.14285714285714285,-0.004380785805084844,-1.0,1.287054028118727
37000,3MIDD_207,14,1.0,0.0,0.0,0.8571428571428571,0.0,0.14285714285714285,0.008734682080441375,1.0,0.5916727785823275
37000,4MIDD_085_170,14,0.6428571428571429,0.35714285714285715,0.0,0.5,0.2857142857142857,0.21428571428571427,0.0003292664989414997,1.0,1.4926140680171258
38000,3MIDD_048,14,0.21428571428571427,0.7857142857142857,0.0,0.21428571428571427,0.6428571428571429,0.14285714285714285,-0.009030568826966724,-1.0,1.287054028118727
38000,3MIDD_207,14,0.9285714285714286,0.07142857142857142,0.0,0.7857142857142857,0.07142857142857142,0.14285714285714285,0.010218325623494326,1.0,0.9463729359854419
38000,4MIDD_085_170,14,0.6428571428571429,0.35714285714285715,0.0,0.5,0.2857142857142857,0.21428571428571427,0.0017563471400181756,1.0,1.4926140680171258
39000,3MIDD_048,14,0.2857142857142857,0.7142857142857143,0.0,0.21428571428571427,0.7142857142857143,0.07142857142857142,-0.005210220697329975,-1.0,1.0949143184120975
39000,3MIDD_207,14,0.7857142857142857,0.21428571428571427,0.0,0.7857142857142857,0.14285714285714285,0.07142857142857142,0.012563692415472526,1.0,0.9463729359854419
39000,4MIDD_085_170,14,0.7142857142857143,0.2857142857142857,0.0,0.6428571428571429,0.2857142857142857,0.07142857142857142,0.0028223866649884997,1.0,1.1981174211304033
40000,3MIDD_048,14,0.2857142857142857,0.7142857142857143,0.0,0.21428571428571427,0.7142857142857143,0.07142857142857142,-0.005533279658549925,-1.0,1.0949143184120975
40000,3MIDD_207,14,1.0,0.0,0.0,0.9285714285714286,0.0,0.07142857142857142,0.017414012517802273,1.0,0.37123232664087563
40000,4MIDD_085_170,14,0.8571428571428571,0.14285714285714285,0.0,0.6428571428571429,0.14285714285714285,0.21428571428571427,0.0022713482593391754,1.0,1.287054028118727
41000,3MIDD_048,14,0.21428571428571427,0.7857142857142857,0.0,0.21428571428571427,0.7142857142857143,0.07142857142857142,-0.009951184605894524,-1.0,1.0949143184120975
41000,3MIDD_207,14,0.9285714285714286,0.07142857142857142,0.0,0.8571428571428571,0.0,0.14285714285714285,0.01524992248119625,1.0,0.5916727785823275
41000,4MIDD_085_170,14,0.8571428571428571,0.14285714285714285,0.0,0.6428571428571429,0.14285714285714285,0.21428571428571427,0.004246552782011475,1.0,1.287054028118727
42000,3MIDD_048,14,0.14285714285714285,0.8571428571428571,0.0,0.07142857142857142,0.7857142857142857,0.14285714285714285,-0.01056023721909425,-1.0,0.9463729359854419
42000,3MIDD_207,14,1.0,0.0,0.0,0.8571428571428571,0.0,0.14285714285714285,0.014551731366012,1.0,0.5916727785823275
42000,4MIDD_085_170,14,0.7857142857142857,0.21428571428571427,0.0,0.6428571428571429,0.21428571428571427,0.14285714285714285,0.004354176455329899,1.0,1.287054028118727
43000,3MIDD_048,14,0.21428571428571427,0.7857142857142857,0.0,0.07142857142857142,0.7857142857142857,0.14285714285714285,-0.013599718012022949,-1.0,0.9463729359854419
43000,3MIDD_207,14,1.0,0.0,0.0,0.9285714285714286,0.0,0.07142857142857142,0.016771394783743926,1.0,0.37123232664087563
43000,4MIDD_085_170,14,0.6428571428571429,0.35714285714285715,0.0,0.5714285714285714,0.35714285714285715,0.07142857142857142,0.0016509449938633,1.0,1.2638091738835462
44000,3MIDD_048,14,0.21428571428571427,0.7857142857142857,0.0,0.07142857142857142,0.7857142857142857,0.14285714285714285,-0.011821679210887025,-1.0,0.9463729359854419
44000,3MIDD_207,14,1.0,0.0,0.0,0.8571428571428571,0.0,0.14285714285714285,0.0126257130511467,1.0,0.5916727785823275
44000,4MIDD_085_170,14,0.7142857142857143,0.2857142857142857,0.0,0.6428571428571429,0.2857142857142857,0.07142857142857142,0.003956283512419025,1.0,1.1981174211304033
45000,3MIDD_048,14,0.07142857142857142,0.9285714285714286,0.0,0.07142857142857142,0.8571428571428571,0.07142857142857142,-0.012318328948549326,-1.0,0.7345299214394703
45000,3MIDD_207,14,0.9285714285714286,0.07142857142857142,0.0,0.9285714285714286,0.0,0.07142857142857142,0.009755047376611023,1.0,0.37123232664087563
45000,4MIDD_085_170,14,0.8571428571428571,0.14285714285714285,0.0,0.7142857142857143,0.14285714285714285,0.14285714285714285,0.0048720427675012,1.0,1.1488348542809166
46000,3MIDD_048,14,0.07142857142857142,0.9285714285714286,0.0,0.07142857142857142,0.8571428571428571,0.07142857142857142,-0.01110872477921995,-1.0,0.7345299214394703
46000,3MIDD_207,14,0.8571428571428571,0.14285714285714285,0.0,0.8571428571428571,0.07142857142857142,0.07142857142857142,0.013047196181796374,1.0,0.7345299214394703
46000,4MIDD_085_170,14,0.5,0.5,0.0,0.5,0.35714285714285715,0.14285714285714285,0.0010844007848471759,1.0,1.4315602842833155
47000,3MIDD_048,14,0.14285714285714285,0.8571428571428571,0.0,0.07142857142857142,0.7857142857142857,0.14285714285714285,-0.013733240829566425,-1.0,0.9463729359854419
47000,3MIDD_207,14,0.8571428571428571,0.14285714285714285,0.0,0.8571428571428571,0.07142857142857142,0.07142857142857142,0.017782665144022623,1.0,0.7345299214394703
47000,4MIDD_085_170,14,0.5714285714285714,0.42857142857142855,0.0,0.5714285714285714,0.35714285714285715,0.07142857142857142,0.006788539815336427,1.0,1.2638091738835462
48000,3MIDD_048,14,0.07142857142857142,0.9285714285714286,0.0,0.07142857142857142,0.8571428571428571,0.07142857142857142,-0.01409869886966825,-1.0,0.7345299214394703
48000,3MIDD_207,14,0.7857142857142857,0.21428571428571427,0.0,0.7857142857142857,0.21428571428571427,0.0,0.016291425644735152,1.0,0.74959525725948
48000,4MIDD_085_170,14,0.6428571428571429,0.35714285714285715,0.0,0.5714285714285714,0.35714285714285715,0.07142857142857142,0.004436739926413525,1.0,1.2638091738835462
49000,3MIDD_048,14,0.07142857142857142,0.9285714285714286,0.0,0.0,0.9285714285714286,0.07142857142857142,-0.009130487071063375,-1.0,0.37123232664087563
49000,3MIDD_207,14,0.9285714285714286,0.07142857142857142,0.0,0.9285714285714286,0.07142857142857142,0.0,0.0169125716918118,1.0,0.37123232664087563
49000,4MIDD_085_170,14,0.6428571428571429,0.35714285714285715,0.0,0.5714285714285714,0.2857142857142857,0.14285714285714285,0.0017789912407385746,1.0,1.3787834934861753
50000,3MIDD_048,14,0.07142857142857142,0.9285714285714286,0.0,0.07142857142857142,0.9285714285714286,0.0,-0.013502159918351901,-1.0,0.37123232664087563
50000,3MIDD_207,14,1.0,0.0,0.0,1.0,0.0,0.0,0.0190985650511742,1.0,-0.0
50000,4MIDD_085_170,14,0.7142857142857143,0.2857142857142857,0.0,0.7142857142857143,0.2857142857142857,0.0,0.0031510425619993,1.0,0.863120568566631
51000,3MIDD_048,14,0.07142857142857142,0.9285714285714286,0.0,0.07142857142857142,0.9285714285714286,0.0,-0.006641276878264001,-1.0,0.37123232664087563
51000,3MIDD_207,14,1.0,0.0,0.0,0.9285714285714286,0.0,0.07142857142857142,0.01585235441428797,1.0,0.37123232664087563
51000,4MIDD_085_170,14,0.5,0.5,0.0,0.5,0.5,0.0,0.0007394390051853241,1.0,1.0
52000,3MIDD_048,14,0.0,1.0,0.0,0.0,0.9285714285714286,0.07142857142857142,-0.007364137124521651,-1.0,0.37123232664087563
52000,3MIDD_207,14,1.0,0.0,0.0,0.9285714285714286,0.0,0.07142857142857142,0.019271696536456724,1.0,0.37123232664087563
52000,4MIDD_085_170,14,0.7142857142857143,0.2857142857142857,0.0,0.6428571428571429,0.2857142857142857,0.07142857142857142,0.0021892126829959743,1.0,1.1981174211304033
53000,3MIDD_048,14,0.0,1.0,0.0,0.0,1.0,0.0,-0.010672069429235724,-1.0,-0.0
53000,3MIDD_207,14,0.9285714285714286,0.07142857142857142,0.0,0.9285714285714286,0.0,0.07142857142857142,0.017790060303502726,1.0,0.37123232664087563
53000,4MIDD_085_170,14,0.7142857142857143,0.2857142857142857,0.0,0.5714285714285714,0.21428571428571427,0.21428571428571427,0.0036337090715423495,1.0,1.41379956460568
54000,3MIDD_048,14,0.0,1.0,0.0,0.0,1.0,0.0,-0.01059536349491715,-1.0,-0.0
54000,3MIDD_207,14,1.0,0.0,0.0,1.0,0.0,0.0,0.019961585601510276,1.0,-0.0
54000,4MIDD_085_170,14,0.7142857142857143,0.2857142857142857,0.0,0.7142857142857143,0.21428571428571427,0.07142857142857142,0.005569993541493182,1.0,1.0949143184120975
55000,3MIDD_048,14,0.0,1.0,0.0,0.0,0.9285714285714286,0.07142857142857142,-0.008652342129321899,-1.0,0.37123232664087563
55000,3MIDD_207,14,0.9285714285714286,0.07142857142857142,0.0,0.9285714285714286,0.07142857142857142,0.0,0.019880304142292374,1.0,0.37123232664087563
55000,4MIDD_085_170,14,0.7857142857142857,0.21428571428571427,0.0,0.7857142857142857,0.21428571428571427,0.0,0.006803854328852724,1.0,0.74959525725948
56000,3MIDD_048,14,0.07142857142857142,0.9285714285714286,0.0,0.07142857142857142,0.9285714285714286,0.0,-0.0074647322365085245,-1.0,0.37123232664087563
56000,3MIDD_207,14,0.8571428571428571,0.14285714285714285,0.0,0.8571428571428571,0.14285714285714285,0.0,0.017879691618870975,1.0,0.5916727785823275
56000,4MIDD_085_170,14,0.7857142857142857,0.21428571428571427,0.0,0.7857142857142857,0.21428571428571427,0.0,0.0034014866698876,1.0,0.74959525725948
57000,3MIDD_048,14,0.0,1.0,0.0,0.0,0.8571428571428571,0.14285714285714285,-0.011364219199252524,-1.0,0.5916727785823275
57000,3MIDD_207,14,0.8571428571428571,0.14285714285714285,0.0,0.8571428571428571,0.14285714285714285,0.0,0.01886346081409075,1.0,0.5916727785823275
57000,4MIDD_085_170,14,0.8571428571428571,0.14285714285714285,0.0,0.8571428571428571,0.07142857142857142,0.07142857142857142,0.0054415322343188,1.0,0.7345299214394703
58000,3MIDD_048,14,0.07142857142857142,0.9285714285714286,0.0,0.07142857142857142,0.8571428571428571,0.07142857142857142,-0.010473389914186674,-1.0,0.7345299214394703
58000,3MIDD_207,14,0.7857142857142857,0.21428571428571427,0.0,0.7857142857142857,0.21428571428571427,0.0,0.01541858091262325,1.0,0.74959525725948
58000,4MIDD_085_170,14,0.8571428571428571,0.14285714285714285,0.0,0.7857142857142857,0.14285714285714285,0.07142857142857142,0.0056906772583852,1.0,0.9463729359854419
59000,3MIDD_048,14,0.21428571428571427,0.7857142857142857,0.0,0.14285714285714285,0.7857142857142857,0.07142857142857142,-0.01033340787782375,-1.0,0.9463729359854419
59000,3MIDD_207,14,0.8571428571428571,0.14285714285714285,0.0,0.8571428571428571,0.14285714285714285,0.0,0.012632437968154326,1.0,0.5916727785823275
59000,4MIDD_085_170,14,0.8571428571428571,0.14285714285714285,0.0,0.7857142857142857,0.07142857142857142,0.14285714285714285,0.00373267135551115,1.0,0.9463729359854419
60000,3MIDD_048,14,0.14285714285714285,0.8571428571428571,0.0,0.07142857142857142,0.8571428571428571,0.07142857142857142,-0.0098577974653741,-1.0,0.7345299214394703
60000,3MIDD_207,14,0.9285714285714286,0.07142857142857142,0.0,0.8571428571428571,0.07142857142857142,0.07142857142857142,0.011291501558150497,1.0,0.7345299214394703
60000,4MIDD_085_170,14,0.8571428571428571,0.14285714285714285,0.0,0.8571428571428571,0.14285714285714285,0.0,0.0029383297254640998,1.0,0.5916727785823275
61000,3MIDD_048,14,0.07142857142857142,0.9285714285714286,0.0,0.07142857142857142,0.8571428571428571,0.07142857142857142,-0.008810035567330475,-1.0,0.7345299214394703
61000,3MIDD_207,14,0.8571428571428571,0.14285714285714285,0.0,0.7857142857142857,0.14285714285714285,0.07142857142857142,0.01273600592469185,1.0,0.9463729359854419
61000,4MIDD_085_170,14,0.7857142857142857,0.21428571428571427,0.0,0.7142857142857143,0.07142857142857142,0.21428571428571427,0.004482478977179929,1.0,1.0949143184120975
62000,3MIDD_048,14,0.21428571428571427,0.7857142857142857,0.0,0.14285714285714285,0.7857142857142857,0.07142857142857142,-0.010006853250131825,-1.0,0.9463729359854419
62000,3MIDD_207,14,0.7857142857142857,0.21428571428571427,0.0,0.7857142857142857,0.21428571428571427,0.0,0.010273586189556597,1.0,0.74959525725948
62000,4MIDD_085_170,14,0.7857142857142857,0.21428571428571427,0.0,0.7142857142857143,0.21428571428571427,0.07142857142857142,0.0021190640767809,1.0,1.0949143184120975
63000,3MIDD_048,14,0.14285714285714285,0.8571428571428571,0.0,0.14285714285714285,0.8571428571428571,0.0,-0.00909777058739165,-1.0,0.5916727785823275
63000,3MIDD_207,14,0.7857142857142857,0.21428571428571427,0.0,0.7857142857142857,0.14285714285714285,0.07142857142857142,0.015479667193089327,1.0,0.9463729359854419
63000,4MIDD_085_170,14,0.7857142857142857,0.21428571428571427,0.0,0.7857142857142857,0.21428571428571427,0.0,0.00500873359726405,1.0,0.74959525725948
64000,3MIDD_048,14,0.14285714285714285,0.8571428571428571,0.0,0.07142857142857142,0.8571428571428571,0.07142857142857142,-0.0086791170918184,-1.0,0.7345299214394703
64000,3MIDD_207,14,0.7857142857142857,0.21428571428571427,0.0,0.7142857142857143,0.21428571428571427,0.07142857142857142,0.013648368600844901,1.0,1.0949143184120975
64000,4MIDD_085_170,14,0.7142857142857143,0.2857142857142857,0.0,0.7142857142857143,0.2857142857142857,0.0,0.0036803037435579,1.0,0.863120568566631
65000,3MIDD_048,14,0.2857142857142857,0.7142857142857143,0.0,0.21428571428571427,0.7142857142857143,0.07142857142857142,-0.007467510194478225,-1.0,1.0949143184120975
65000,3MIDD_207,14,0.7857142857142857,0.21428571428571427,0.0,0.7857142857142857,0.21428571428571427,0.0,0.01694728912790975,1.0,0.74959525725948
65000,4MIDD_085_170,14,0.7142857142857143,0.2857142857142857,0.0,0.6428571428571429,0.2857142857142857,0.07142857142857142,0.004967644266147476,1.0,1.1981174211304033
66000,3MIDD_048,14,0.21428571428571427,0.7857142857142857,0.0,0.21428571428571427,0.7857142857142857,0.0,-0.008757526435052176,-1.0,0.74959525725948
66000,3MIDD_207,14,0.7857142857142857,0.21428571428571427,0.0,0.7857142857142857,0.14285714285714285,0.07142857142857142,0.010560095647797446,1.0,0.9463729359854419
66000,4MIDD_085_170,14,0.7857142857142857,0.21428571428571427,0.0,0.7857142857142857,0.21428571428571427,0.0,0.00445441960330765,1.0,0.74959525725948
67000,3MIDD_048,14,0.14285714285714285,0.8571428571428571,0.0,0.07142857142857142,0.8571428571428571,0.07142857142857142,-0.0078039210899332745,-1.0,0.7345299214394703
67000,3MIDD_207,14,0.7142857142857143,0.2857142857142857,0.0,0.7142857142857143,0.2857142857142857,0.0,0.014103199899994924,1.0,0.863120568566631
67000,4MIDD_085_170,14,0.7142857142857143,0.2857142857142857,0.0,0.7142857142857143,0.2857142857142857,0.0,0.0033412564426188495,1.0,0.863120568566631
68000,3MIDD_048,14,0.14285714285714285,0.8571428571428571,0.0,0.14285714285714285,0.7857142857142857,0.07142857142857142,-0.009724320236702824,-1.0,0.9463729359854419
68000,3MIDD_207,14,0.7857142857142857,0.21428571428571427,0.0,0.7857142857142857,0.14285714285714285,0.07142857142857142,0.01474984537430075,1.0,0.9463729359854419
68000,4MIDD_085_170,14,0.7142857142857143,0.2857142857142857,0.0,0.7142857142857143,0.2857142857142857,0.0,0.005932073625314902,1.0,0.863120568566631
69000,3MIDD_048,14,0.21428571428571427,0.7857142857142857,0.0,0.21428571428571427,0.7857142857142857,0.0,-0.007190466992820776,-1.0,0.74959525725948
69000,3MIDD_207,14,0.7857142857142857,0.21428571428571427,0.0,0.7857142857142857,0.21428571428571427,0.0,0.010857534378940823,1.0,0.74959525725948
69000,4MIDD_085_170,14,0.7857142857142857,0.21428571428571427,0.0,0.7857142857142857,0.21428571428571427,0.0,0.004245412331730548,1.0,0.74959525725948
70000,3MIDD_048,14,0.21428571428571427,0.7857142857142857,0.0,0.21428571428571427,0.7857142857142857,0.0,-0.009398320415299151,-1.0,0.74959525725948
70000,3MIDD_207,14,0.8571428571428571,0.14285714285714285,0.0,0.8571428571428571,0.14285714285714285,0.0,0.012425439920466172,1.0,0.5916727785823275
70000,4MIDD_085_170,14,0.7142857142857143,0.2857142857142857,0.0,0.7142857142857143,0.2857142857142857,0.0,0.0062607721138299224,1.0,0.863120568566631
71000,3MIDD_048,14,0.21428571428571427,0.7857142857142857,0.0,0.21428571428571427,0.7857142857142857,0.0,-0.009484954340902726,-1.0,0.74959525725948
71000,3MIDD_207,14,0.8571428571428571,0.14285714285714285,0.0,0.8571428571428571,0.14285714285714285,0.0,0.015251713138788476,1.0,0.5916727785823275
71000,4MIDD_085_170,14,0.7857142857142857,0.21428571428571427,0.0,0.6428571428571429,0.21428571428571427,0.14285714285714285,0.0053804676836003255,1.0,1.287054028118727
72000,3MIDD_048,14,0.21428571428571427,0.7857142857142857,0.0,0.21428571428571427,0.7857142857142857,0.0,-0.008760055248414224,-1.0,0.74959525725948
72000,3MIDD_207,14,0.7857142857142857,0.21428571428571427,0.0,0.7142857142857143,0.21428571428571427,0.07142857142857142,0.011506558980770326,1.0,1.0949143184120975
72000,4MIDD_085_170,14,0.6428571428571429,0.35714285714285715,0.0,0.6428571428571429,0.21428571428571427,0.14285714285714285,0.0044603691067028745,1.0,1.287054028118727
73000,3MIDD_048,14,0.2857142857142857,0.7142857142857143,0.0,0.2857142857142857,0.7142857142857143,0.0,-0.008386505588586099,-1.0,0.863120568566631
73000,3MIDD_207,14,0.8571428571428571,0.14285714285714285,0.0,0.8571428571428571,0.14285714285714285,0.0,0.014860849940812002,1.0,0.5916727785823275
73000,4MIDD_085_170,14,0.7857142857142857,0.21428571428571427,0.0,0.7857142857142857,0.14285714285714285,0.07142857142857142,0.00671326053743315,1.0,0.9463729359854419
74000,3MIDD_048,14,0.2857142857142857,0.7142857142857143,0.0,0.21428571428571427,0.7142857142857143,0.07142857142857142,-0.009025999539089124,-1.0,1.0949143184120975
74000,3MIDD_207,14,0.7857142857142857,0.21428571428571427,0.0,0.7857142857142857,0.21428571428571427,0.0,0.012103148928383302,1.0,0.74959525725948
74000,4MIDD_085_170,14,0.7142857142857143,0.2857142857142857,0.0,0.7142857142857143,0.2857142857142857,0.0,0.006746646772967053,1.0,0.863120568566631
75000,3MIDD_048,14,0.21428571428571427,0.7857142857142857,0.0,0.21428571428571427,0.7857142857142857,0.0,-0.010230040713114976,-1.0,0.74959525725948
75000,3MIDD_207,14,0.7857142857142857,0.21428571428571427,0.0,0.7857142857142857,0.21428571428571427,0.0,0.010647070899562626,1.0,0.74959525725948
75000,4MIDD_085_170,14,0.7142857142857143,0.2857142857142857,0.0,0.6428571428571429,0.21428571428571427,0.14285714285714285,0.005569855222820425,1.0,1.287054028118727
76000,3MIDD_048,14,0.2857142857142857,0.7142857142857143,0.0,0.2857142857142857,0.7142857142857143,0.0,-0.008186735305118676,-1.0,0.863120568566631
76000,3MIDD_207,14,0.8571428571428571,0.14285714285714285,0.0,0.8571428571428571,0.14285714285714285,0.0,0.01279577964396805,1.0,0.5916727785823275
76000,4MIDD_085_170,14,0.7142857142857143,0.2857142857142857,0.0,0.7142857142857143,0.21428571428571427,0.07142857142857142,0.006273574110262526,1.0,1.0949143184120975
77000,3MIDD_048,14,0.2857142857142857,0.7142857142857143,0.0,0.2857142857142857,0.7142857142857143,0.0,-0.008562989957967625,-1.0,0.863120568566631
77000,3MIDD_207,14,0.8571428571428571,0.14285714285714285,0.0,0.8571428571428571,0.14285714285714285,0.0,0.01859093246547605,1.0,0.5916727785823275
77000,4MIDD_085_170,14,0.7857142857142857,0.21428571428571427,0.0,0.7857142857142857,0.14285714285714285,0.07142857142857142,0.004367700979320749,1.0,0.9463729359854419
78000,3MIDD_048,14,0.14285714285714285,0.8571428571428571,0.0,0.14285714285714285,0.7857142857142857,0.07142857142857142,-0.008558663290272977,-1.0,0.9463729359854419
78000,3MIDD_207,14,0.8571428571428571,0.14285714285714285,0.0,0.8571428571428571,0.14285714285714285,0.0,0.015966110099670878,1.0,0.5916727785823275
78000,4MIDD_085_170,14,0.8571428571428571,0.14285714285714285,0.0,0.7857142857142857,0.14285714285714285,0.07142857142857142,0.0052847434037525,1.0,0.9463729359854419
79000,3MIDD_048,14,0.2857142857142857,0.7142857142857143,0.0,0.2857142857142857,0.7142857142857143,0.0,-0.00679883991475545,-1.0,0.863120568566631
79000,3MIDD_207,14,0.8571428571428571,0.14285714285714285,0.0,0.7857142857142857,0.14285714285714285,0.07142857142857142,0.0134980456949497,1.0,0.9463729359854419
79000,4MIDD_085_170,14,0.7857142857142857,0.21428571428571427,0.0,0.7857142857142857,0.14285714285714285,0.07142857142857142,0.005949803357109651,1.0,0.9463729359854419
80000,3MIDD_048,14,0.2857142857142857,0.7142857142857143,0.0,0.2857142857142857,0.7142857142857143,0.0,-0.00973931323794425,-1.0,0.863120568566631
80000,3MIDD_207,14,0.8571428571428571,0.14285714285714285,0.0,0.8571428571428571,0.14285714285714285,0.0,0.013921409535708574,1.0,0.5916727785823275
80000,4MIDD_085_170,14,0.7857142857142857,0.21428571428571427,0.0,0.7142857142857143,0.21428571428571427,0.07142857142857142,0.0046701866703487,1.0,1.0949143184120975
81000,3MIDD_048,14,0.2857142857142857,0.7142857142857143,0.0,0.2857142857142857,0.7142857142857143,0.0,-0.01009850278605775,-1.0,0.863120568566631
81000,3MIDD_207,14,0.8571428571428571,0.14285714285714285,0.0,0.8571428571428571,0.07142857142857142,0.07142857142857142,0.0158618102297782,1.0,0.7345299214394703
81000,4MIDD_085_170,14,0.7857142857142857,0.21428571428571427,0.0,0.7857142857142857,0.07142857142857142,0.14285714285714285,0.005084777109840625,1.0,0.9463729359854419
82000,3MIDD_048,14,0.21428571428571427,0.7857142857142857,0.0,0.21428571428571427,0.7857142857142857,0.0,-0.008426993654707449,-1.0,0.74959525725948
82000,3MIDD_207,14,0.8571428571428571,0.14285714285714285,0.0,0.8571428571428571,0.14285714285714285,0.0,0.01578013586722645,1.0,0.5916727785823275
82000,4MIDD_085_170,14,0.7857142857142857,0.21428571428571427,0.0,0.7142857142857143,0.21428571428571427,0.07142857142857142,0.004998589046519399,1.0,1.0949143184120975
83000,3MIDD_048,14,0.2857142857142857,0.7142857142857143,0.0,0.2857142857142857,0.7142857142857143,0.0,-0.0088435566557966,-1.0,0.863120568566631
83000,3MIDD_207,14,0.8571428571428571,0.14285714285714285,0.0,0.8571428571428571,0.14285714285714285,0.0,0.016897975773788425,1.0,0.5916727785823275
83000,4MIDD_085_170,14,0.7857142857142857,0.21428571428571427,0.0,0.7857142857142857,0.21428571428571427,0.0,0.00525999259495385,1.0,0.74959525725948
84000,3MIDD_048,14,0.21428571428571427,0.7857142857142857,0.0,0.21428571428571427,0.7857142857142857,0.0,-0.008921839967979898,-1.0,0.74959525725948
84000,3MIDD_207,14,0.8571428571428571,0.14285714285714285,0.0,0.8571428571428571,0.14285714285714285,0.0,0.014090825478233301,1.0,0.5916727785823275
84000,4MIDD_085_170,14,0.7857142857142857,0.21428571428571427,0.0,0.7857142857142857,0.14285714285714285,0.07142857142857142,0.0048331094782335755,1.0,0.9463729359854419
85000,3MIDD_048,14,0.2857142857142857,0.7142857142857143,0.0,0.2857142857142857,0.7142857142857143,0.0,-0.009395472144304175,-1.0,0.863120568566631
85000,3MIDD_207,14,0.8571428571428571,0.14285714285714285,0.0,0.8571428571428571,0.14285714285714285,0.0,0.013623521279265503,1.0,0.5916727785823275
85000,4MIDD_085_170,14,0.7142857142857143,0.2857142857142857,0.0,0.7142857142857143,0.14285714285714285,0.14285714285714285,0.004927689894323825,1.0,1.1488348542809166
86000,3MIDD_048,14,0.2857142857142857,0.7142857142857143,0.0,0.2857142857142857,0.7142857142857143,0.0,-0.0102757246295551,-1.0,0.863120568566631
86000,3MIDD_207,14,0.9285714285714286,0.07142857142857142,0.0,0.8571428571428571,0.07142857142857142,0.07142857142857142,0.015133817359179702,1.0,0.7345299214394703
86000,4MIDD_085_170,14,0.7857142857142857,0.21428571428571427,0.0,0.7857142857142857,0.21428571428571427,0.0,0.0040900549476532,1.0,0.74959525725948
87000,3MIDD_048,14,0.21428571428571427,0.7857142857142857,0.0,0.21428571428571427,0.7857142857142857,0.0,-0.009098738579045832,-1.0,0.74959525725948
87000,3MIDD_207,14,0.8571428571428571,0.14285714285714285,0.0,0.8571428571428571,0.14285714285714285,0.0,0.011804997783086173,1.0,0.5916727785823275
87000,4MIDD_085_170,14,0.7857142857142857,0.21428571428571427,0.0,0.7857142857142857,0.14285714285714285,0.07142857142857142,0.00570054821556685,1.0,0.9463729359854419
88000,3MIDD_048,14,0.2857142857142857,0.7142857142857143,0.0,0.2857142857142857,0.7142857142857143,0.0,-0.010483034299593626,-1.0,0.863120568566631
88000,3MIDD_207,14,0.8571428571428571,0.14285714285714285,0.0,0.8571428571428571,0.14285714285714285,0.0,0.014437335066561748,1.0,0.5916727785823275
88000,4MIDD_085_170,14,0.7857142857142857,0.21428571428571427,0.0,0.7857142857142857,0.21428571428571427,0.0,0.0049907854159827,1.0,0.74959525725948
89000,3MIDD_048,14,0.21428571428571427,0.7857142857142857,0.0,0.21428571428571427,0.7857142857142857,0.0,-0.010802296326233654,-1.0,0.74959525725948
89000,3MIDD_207,14,0.9285714285714286,0.07142857142857142,0.0,0.9285714285714286,0.07142857142857142,0.0,0.01198944107556205,1.0,0.37123232664087563
89000,4MIDD_085_170,14,0.7857142857142857,0.21428571428571427,0.0,0.7857142857142857,0.21428571428571427,0.0,0.004361344139793199,1.0,0.74959525725948
90000,3MIDD_048,14,0.21428571428571427,0.7857142857142857,0.0,0.14285714285714285,0.7142857142857143,0.14285714285714285,-0.009639098139813874,-1.0,1.1488348542809166
90000,3MIDD_207,14,0.9285714285714286,0.07142857142857142,0.0,0.9285714285714286,0.07142857142857142,0.0,0.01325262552887355,1.0,0.37123232664087563
90000,4MIDD_085_170,14,0.7857142857142857,0.21428571428571427,0.0,0.7857142857142857,0.14285714285714285,0.07142857142857142,0.004806619988942575,1.0,0.9463729359854419
91000,3MIDD_048,14,0.21428571428571427,0.7857142857142857,0.0,0.14285714285714285,0.7857142857142857,0.07142857142857142,-0.010412915539600673,-1.0,0.9463729359854419
91000,3MIDD_207,14,0.9285714285714286,0.07142857142857142,0.0,0.9285714285714286,0.07142857142857142,0.0,0.0113609089704574,1.0,0.37123232664087563
91000,4MIDD_085_170,14,0.7857142857142857,0.21428571428571427,0.0,0.7857142857142857,0.21428571428571427,0.0,0.004647270825306225,1.0,0.74959525725948
92000,3MIDD_048,14,0.14285714285714285,0.8571428571428571,0.0,0.14285714285714285,0.8571428571428571,0.0,-0.0119181022384525,-1.0,0.5916727785823275
92000,3MIDD_207,14,0.9285714285714286,0.07142857142857142,0.0,0.9285714285714286,0.07142857142857142,0.0,0.0139817249832534,1.0,0.37123232664087563
92000,4MIDD_085_170,14,0.7857142857142857,0.21428571428571427,0.0,0.7857142857142857,0.14285714285714285,0.07142857142857142,0.004033360279453575,1.0,0.9463729359854419
93000,3MIDD_048,14,0.14285714285714285,0.8571428571428571,0.0,0.14285714285714285,0.8571428571428571,0.0,-0.01208957549791285,-1.0,0.5916727785823275
93000,3MIDD_207,14,0.9285714285714286,0.07142857142857142,0.0,0.9285714285714286,0.07142857142857142,0.0,0.013593925799497501,1.0,0.37123232664087563
93000,4MIDD_085_170,14,0.7857142857142857,0.21428571428571427,0.0,0.7857142857142857,0.14285714285714285,0.07142857142857142,0.004495664435134401,1.0,0.9463729359854419
94000,3MIDD_048,14,0.21428571428571427,0.7857142857142857,0.0,0.21428571428571427,0.7142857142857143,0.07142857142857142,-0.010075195758417201,-1.0,1.0949143184120975
94000,3MIDD_207,14,0.9285714285714286,0.07142857142857142,0.0,0.9285714285714286,0.07142857142857142,0.0,0.009006127620619375,1.0,0.37123232664087563
94000,4MIDD_085_170,14,0.7857142857142857,0.21428571428571427,0.0,0.7142857142857143,0.14285714285714285,0.14285714285714285,0.005575234207138075,1.0,1.1488348542809166
95000,3MIDD_048,14,0.21428571428571427,0.7857142857142857,0.0,0.21428571428571427,0.7857142857142857,0.0,-0.010481746156641051,-1.0,0.74959525725948
95000,3MIDD_207,14,0.9285714285714286,0.07142857142857142,0.0,0.9285714285714286,0.07142857142857142,0.0,0.009593944867791075,1.0,0.37123232664087563
95000,4MIDD_085_170,14,0.7857142857142857,0.21428571428571427,0.0,0.7857142857142857,0.14285714285714285,0.07142857142857142,0.004818083455891675,1.0,0.9463729359854419
96000,3MIDD_048,14,0.14285714285714285,0.8571428571428571,0.0,0.14285714285714285,0.8571428571428571,0.0,-0.010404437577908175,-1.0,0.5916727785823275
96000,3MIDD_207,14,0.9285714285714286,0.07142857142857142,0.0,0.9285714285714286,0.07142857142857142,0.0,0.010032636457412925,1.0,0.37123232664087563
96000,4MIDD_085_170,14,0.8571428571428571,0.14285714285714285,0.0,0.7857142857142857,0.14285714285714285,0.07142857142857142,0.00366810041918555,1.0,0.9463729359854419
97000,3MIDD_048,14,0.21428571428571427,0.7857142857142857,0.0,0.14285714285714285,0.7857142857142857,0.07142857142857142,-0.010549757165557274,-1.0,0.9463729359854419
97000,3MIDD_207,14,0.9285714285714286,0.07142857142857142,0.0,0.9285714285714286,0.07142857142857142,0.0,0.009438932747616948,1.0,0.37123232664087563
97000,4MIDD_085_170,14,0.7857142857142857,0.21428571428571427,0.0,0.7142857142857143,0.14285714285714285,0.14285714285714285,0.0045435808462377,1.0,1.1488348542809166
98000,3MIDD_048,14,0.14285714285714285,0.8571428571428571,0.0,0.14285714285714285,0.8571428571428571,0.0,-0.010611209854619049,-1.0,0.5916727785823275
98000,3MIDD_207,14,0.9285714285714286,0.07142857142857142,0.0,0.8571428571428571,0.07142857142857142,0.07142857142857142,0.008700774556313325,1.0,0.7345299214394703
98000,4MIDD_085_170,14,0.7857142857142857,0.21428571428571427,0.0,0.7857142857142857,0.14285714285714285,0.07142857142857142,0.0041280379038131,1.0,0.9463729359854419
99000,3MIDD_048,14,0.14285714285714285,0.8571428571428571,0.0,0.14285714285714285,0.8571428571428571,0.0,-0.010535376889218037,-1.0,0.5916727785823275
99000,3MIDD_207,14,0.9285714285714286,0.07142857142857142,0.0,0.9285714285714286,0.07142857142857142,0.0,0.009150205556002551,1.0,0.37123232664087563
99000,4MIDD_085_170,14,0.7857142857142857,0.21428571428571427,0.0,0.7857142857142857,0.14285714285714285,0.07142857142857142,0.006242129788163325,1.0,0.9463729359854419
100000,3MIDD_048,14,0.14285714285714285,0.8571428571428571,0.0,0.14285714285714285,0.8571428571428571,0.0,-0.010556183949265528,-1.0,0.5916727785823275
100000,3MIDD_207,14,0.9285714285714286,0.07142857142857142,0.0,0.9285714285714286,0.07142857142857142,0.0,0.010601615209272025,1.0,0.37123232664087563
100000,4MIDD_085_170,14,0.7857142857142857,0.21428571428571427,0.0,0.7857142857142857,0.21428571428571427,0.0,0.005835671188926375,1.0,0.74959525725948
101000,3MIDD_048,8,0.25,0.75,0.0,0.25,0.625,0.125,-0.0086121987438602,-1.0,1.2987949406953985
101000,3MIDD_207,8,1.0,0.0,0.0,1.0,0.0,0.0,0.01002478320814375,1.0,-0.0
101000,4MIDD_085_170,8,0.75,0.25,0.0,0.75,0.125,0.125,0.004205971295574351,1.0,1.061278124459133
102000,3MIDD_048,8,0.25,0.75,0.0,0.25,0.625,0.125,-0.0074568798281329,-1.0,1.2987949406953985
102000,3MIDD_207,8,1.0,0.0,0.0,1.0,0.0,0.0,0.008935360325125524,1.0,-0.0
102000,4MIDD_085_170,8,0.875,0.125,0.0,0.75,0.125,0.125,0.004800927311800051,1.0,1.061278124459133
103000,3MIDD_048,8,0.25,0.75,0.0,0.25,0.75,0.0,-0.009432859241992825,-1.0,0.8112781244591328
103000,3MIDD_207,8,1.0,0.0,0.0,1.0,0.0,0.0,0.011069070829062,1.0,-0.0
103000,4MIDD_085_170,8,0.875,0.125,0.0,0.75,0.125,0.125,0.003950538322561226,1.0,1.061278124459133
104000,3MIDD_048,8,0.25,0.75,0.0,0.25,0.75,0.0,-0.006787468185981575,-1.0,0.8112781244591328
104000,3MIDD_207,8,1.0,0.0,0.0,1.0,0.0,0.0,0.010137221481104526,1.0,-0.0
104000,4MIDD_085_170,8,0.875,0.125,0.0,0.75,0.125,0.125,0.0039007562490914497,1.0,1.061278124459133
105000,3MIDD_048,8,0.25,0.75,0.0,0.25,0.625,0.125,-0.007159874067731675,-1.0,1.2987949406953985
105000,3MIDD_207,8,1.0,0.0,0.0,1.0,0.0,0.0,0.007841518985928,1.0,-0.0
105000,4MIDD_085_170,8,0.875,0.125,0.0,0.75,0.125,0.125,0.00364126052485915,1.0,1.061278124459133
106000,3MIDD_048,8,0.25,0.75,0.0,0.25,0.75,0.0,-0.004583006099495099,-1.0,0.8112781244591328
106000,3MIDD_207,8,1.0,0.0,0.0,1.0,0.0,0.0,0.008444846484642976,1.0,-0.0
106000,4MIDD_085_170,8,0.75,0.25,0.0,0.75,0.25,0.0,0.003794868132627975,1.0,0.8112781244591328
107000,3MIDD_048,8,0.375,0.625,0.0,0.375,0.625,0.0,-0.005260150972697676,-1.0,0.954434002924965
107000,3MIDD_207,8,1.0,0.0,0.0,1.0,0.0,0.0,0.008124905023645825,1.0,-0.0
107000,4MIDD_085_170,8,0.875,0.125,0.0,0.875,0.125,0.0,0.004444121704692301,1.0,0.5435644431995964
108000,3MIDD_048,8,0.375,0.625,0.0,0.375,0.5,0.125,-0.00434654958834615,-1.0,1.4056390622295665
108000,3MIDD_207,8,0.875,0.125,0.0,0.875,0.0,0.125,0.008209035979854475,1.0,0.5435644431995964
108000,4MIDD_085_170,8,0.875,0.125,0.0,0.75,0.125,0.125,0.004112697818763,1.0,1.061278124459133
109000,3MIDD_048,8,0.25,0.75,0.0,0.25,0.625,0.125,-0.007935058725811224,-1.0,1.2987949406953985
109000,3MIDD_207,8,0.875,0.125,0.0,0.875,0.125,0.0,0.00937756877847475,1.0,0.5435644431995964
109000,4MIDD_085_170,8,0.75,0.25,0.0,0.75,0.125,0.125,0.0038955133212368004,1.0,1.061278124459133
110000,3MIDD_048,8,0.25,0.75,0.0,0.25,0.75,0.0,-0.00444317313792435,-1.0,0.8112781244591328
110000,3MIDD_207,8,0.875,0.125,0.0,0.875,0.125,0.0,0.010647679084542675,1.0,0.5435644431995964
110000,4MIDD_085_170,8,0.625,0.375,0.0,0.625,0.25,0.125,0.0026035180149583752,1.0,1.2987949406953985
111000,3MIDD_048,8,0.375,0.625,0.0,0.375,0.5,0.125,-0.003538558530864676,-1.0,1.4056390622295665
111000,3MIDD_207,8,1.0,0.0,0.0,1.0,0.0,0.0,0.009347931451615277,1.0,-0.0
111000,4MIDD_085_170,8,0.75,0.25,0.0,0.75,0.25,0.0,0.003504854449333625,1.0,0.8112781244591328
112000,3MIDD_048,8,0.25,0.75,0.0,0.25,0.625,0.125,-0.005170328431772175,-1.0,1.2987949406953985
112000,3MIDD_207,8,1.0,0.0,0.0,1.0,0.0,0.0,0.0096644474295696,1.0,-0.0
112000,4MIDD_085_170,8,0.75,0.25,0.0,0.75,0.125,0.125,0.0036625686028986747,1.0,1.061278124459133
113000,3MIDD_048,8,0.375,0.625,0.0,0.375,0.5,0.125,-0.00093016447582745,-1.0,1.4056390622295665
113000,3MIDD_207,8,1.0,0.0,0.0,1.0,0.0,0.0,0.012732423215967676,1.0,-0.0
113000,4MIDD_085_170,8,0.875,0.125,0.0,0.75,0.125,0.125,0.00461733816295195,1.0,1.061278124459133
114000,3MIDD_048,8,0.375,0.625,0.0,0.25,0.5,0.25,-0.000897080109459,-1.0,1.5
114000,3MIDD_207,8,0.875,0.125,0.0,0.875,0.125,0.0,0.011352600873216,1.0,0.5435644431995964
114000,4MIDD_085_170,8,0.75,0.25,0.0,0.75,0.125,0.125,0.0037151486933812,1.0,1.061278124459133
115000,3MIDD_048,8,0.375,0.625,0.0,0.125,0.5,0.375,-0.005769198921905375,-1.0,1.4056390622295665
115000,3MIDD_207,8,0.875,0.125,0.0,0.875,0.125,0.0,0.010785420162745848,1.0,0.5435644431995964
115000,4MIDD_085_170,8,0.625,0.375,0.0,0.625,0.25,0.125,0.0030641379819218496,1.0,1.2987949406953985
116000,3MIDD_048,8,0.25,0.75,0.0,0.25,0.75,0.0,-0.0047646792502682,-1.0,0.8112781244591328
116000,3MIDD_207,8,1.0,0.0,0.0,1.0,0.0,0.0,0.01078596833093335,1.0,-0.0
116000,4MIDD_085_170,8,0.75,0.25,0.0,0.75,0.125,0.125,0.0033464616872363254,1.0,1.061278124459133
117000,3MIDD_048,8,0.25,0.75,0.0,0.25,0.625,0.125,-0.00611325289566355,-1.0,1.2987949406953985
117000,3MIDD_207,8,0.875,0.125,0.0,0.875,0.125,0.0,0.010329057912165575,1.0,0.5435644431995964
117000,4MIDD_085_170,8,0.625,0.375,0.0,0.625,0.25,0.125,0.00280863394615585,1.0,1.2987949406953985
118000,3MIDD_048,8,0.25,0.75,0.0,0.125,0.625,0.25,-0.0010224781578498,-1.0,1.2987949406953985
118000,3MIDD_207,8,0.875,0.125,0.0,0.875,0.125,0.0,0.010030140849348002,1.0,0.5435644431995964
118000,4MIDD_085_170,8,0.75,0.25,0.0,0.75,0.25,0.0,0.002642492565800275,1.0,0.8112781244591328
119000,3MIDD_048,8,0.25,0.75,0.0,0.25,0.625,0.125,-0.005275935396816726,-1.0,1.2987949406953985
119000,3MIDD_207,8,1.0,0.0,0.0,1.0,0.0,0.0,0.010568165834695175,1.0,-0.0
119000,4MIDD_085_170,8,0.875,0.125,0.0,0.75,0.125,0.125,0.003950769136217251,1.0,1.061278124459133
120000,3MIDD_048,8,0.375,0.625,0.0,0.375,0.625,0.0,-0.005002197715426825,-1.0,0.954434002924965
120000,3MIDD_207,8,1.0,0.0,0.0,1.0,0.0,0.0,0.010764485277792824,1.0,-0.0
120000,4MIDD_085_170,8,0.75,0.25,0.0,0.75,0.125,0.125,0.003928184128149525,1.0,1.061278124459133
121000,3MIDD_048,8,0.125,0.875,0.0,0.125,0.625,0.25,-0.0057420212440452995,-1.0,1.2987949406953985
121000,3MIDD_207,8,0.875,0.125,0.0,0.875,0.125,0.0,0.0109371138757871,1.0,0.5435644431995964
121000,4MIDD_085_170,8,0.625,0.375,0.0,0.625,0.25,0.125,0.0028034476354213502,1.0,1.2987949406953985
122000,3MIDD_048,8,0.25,0.75,0.0,0.25,0.625,0.125,-0.003088899130682076,-1.0,1.2987949406953985
122000,3MIDD_207,8,0.875,0.125,0.0,0.875,0.125,0.0,0.010275162491348126,1.0,0.5435644431995964
122000,4MIDD_085_170,8,0.75,0.25,0.0,0.75,0.125,0.125,0.003415108516785675,1.0,1.061278124459133
123000,3MIDD_048,8,0.25,0.75,0.0,0.25,0.625,0.125,-0.0054732967241716505,-1.0,1.2987949406953985
123000,3MIDD_207,8,1.0,0.0,0.0,1.0,0.0,0.0,0.009587334328795076,1.0,-0.0
123000,4MIDD_085_170,8,0.75,0.25,0.0,0.75,0.125,0.125,0.00348998383181865,1.0,1.061278124459133
124000,3MIDD_048,8,0.375,0.625,0.0,0.375,0.5,0.125,-0.00450171726405865,-1.0,1.4056390622295665
124000,3MIDD_207,8,0.875,0.125,0.0,0.875,0.125,0.0,0.010172224455537851,1.0,0.5435644431995964
124000,4MIDD_085_170,8,0.875,0.125,0.0,0.75,0.125,0.125,0.003410881708920125,1.0,1.061278124459133
125000,3MIDD_048,8,0.375,0.625,0.0,0.375,0.5,0.125,-0.0051831268717994,-1.0,1.4056390622295665
125000,3MIDD_207,8,0.875,0.125,0.0,0.875,0.125,0.0,0.010932418219602948,1.0,0.5435644431995964
125000,4MIDD_085_170,8,0.75,0.25,0.0,0.75,0.25,0.0,0.0026981158908673756,1.0,0.8112781244591328
126000,3MIDD_048,8,0.25,0.75,0.0,0.25,0.625,0.125,-0.005902176546726925,-1.0,1.2987949406953985
126000,3MIDD_207,8,0.875,0.125,0.0,0.875,0.125,0.0,0.010505431781203549,1.0,0.5435644431995964
126000,4MIDD_085_170,8,0.875,0.125,0.0,0.75,0.125,0.125,0.00336193572386475,1.0,1.061278124459133
127000,3MIDD_048,8,0.25,0.75,0.0,0.125,0.625,0.25,-0.005651438171567175,-1.0,1.2987949406953985
127000,3MIDD_207,8,0.875,0.125,0.0,0.875,0.125,0.0,0.0096259656912421,1.0,0.5435644431995964
127000,4MIDD_085_170,8,0.75,0.25,0.0,0.75,0.25,0.0,0.0030354367184720244,1.0,0.8112781244591328
128000,3MIDD_048,8,0.25,0.75,0.0,0.25,0.625,0.125,-0.0026065579925102747,-1.0,1.2987949406953985
128000,3MIDD_207,8,0.875,0.125,0.0,0.875,0.125,0.0,0.0097340492056212,1.0,0.5435644431995964
128000,4MIDD_085_170,8,0.75,0.25,0.0,0.75,0.125,0.125,0.003042762703309425,1.0,1.061278124459133
129000,3MIDD_048,8,0.25,0.75,0.0,0.25,0.625,0.125,-0.00690486283037455,-1.0,1.2987949406953985
129000,3MIDD_207,8,1.0,0.0,0.0,0.875,0.0,0.125,0.0106600182933997,1.0,0.5435644431995964
129000,4MIDD_085_170,8,0.75,0.25,0.0,0.75,0.125,0.125,0.0029055231046737247,1.0,1.061278124459133
130000,3MIDD_048,8,0.25,0.75,0.0,0.25,0.625,0.125,-0.0036466407108819,-1.0,1.2987949406953985
130000,3MIDD_207,8,1.0,0.0,0.0,0.875,0.0,0.125,0.009917423881612599,1.0,0.5435644431995964
130000,4MIDD_085_170,8,0.75,0.25,0.0,0.75,0.125,0.125,0.003321363980785275,1.0,1.061278124459133
131000,3MIDD_048,8,0.25,0.75,0.0,0.25,0.625,0.125,-0.0025342056911138,-1.0,1.2987949406953985
131000,3MIDD_207,8,0.875,0.125,0.0,0.875,0.125,0.0,0.0095536672126908,1.0,0.5435644431995964
131000,4MIDD_085_170,8,0.75,0.25,0.0,0.75,0.25,0.0,0.003351923466769275,1.0,0.8112781244591328
132000,3MIDD_048,8,0.25,0.75,0.0,0.25,0.625,0.125,-0.006550171474376575,-1.0,1.2987949406953985
132000,3MIDD_207,8,0.875,0.125,0.0,0.875,0.125,0.0,0.00931605070528575,1.0,0.5435644431995964
132000,4MIDD_085_170,8,0.75,0.25,0.0,0.75,0.125,0.125,0.003286338334808775,1.0,1.061278124459133
133000,3MIDD_048,8,0.25,0.75,0.0,0.25,0.625,0.125,-0.0035801339954820996,-1.0,1.2987949406953985
133000,3MIDD_207,8,0.875,0.125,0.0,0.875,0.125,0.0,0.009066577377387974,1.0,0.5435644431995964
133000,4MIDD_085_170,8,0.875,0.125,0.0,0.625,0.125,0.25,0.0026807039444467747,1.0,1.2987949406953985
134000,3MIDD_048,8,0.25,0.75,0.0,0.25,0.625,0.125,-0.007407207991451675,-1.0,1.2987949406953985
134000,3MIDD_207,8,0.875,0.125,0.0,0.875,0.125,0.0,0.009478904749659674,1.0,0.5435644431995964
134000,4MIDD_085_170,8,0.75,0.25,0.0,0.75,0.25,0.0,0.003282822564702275,1.0,0.8112781244591328
135000,3MIDD_048,8,0.25,0.75,0.0,0.25,0.625,0.125,-0.003704585589541525,-1.0,1.2987949406953985
135000,3MIDD_207,8,0.875,0.125,0.0,0.875,0.125,0.0,0.00891816943153415,1.0,0.5435644431995964
135000,4MIDD_085_170,8,0.875,0.125,0.0,0.75,0.125,0.125,0.0033135847828267,1.0,1.061278124459133
136000,3MIDD_048,8,0.25,0.75,0.0,0.25,0.625,0.125,-0.005432388351860024,-1.0,1.2987949406953985
136000,3MIDD_207,8,0.875,0.125,0.0,0.875,0.125,0.0,0.009580474972479401,1.0,0.5435644431995964
136000,4MIDD_085_170,8,0.75,0.25,0.0,0.75,0.125,0.125,0.0030987090934327752,1.0,1.061278124459133
137000,3MIDD_048,8,0.25,0.75,0.0,0.25,0.625,0.125,-0.006218677197713076,-1.0,1.2987949406953985
137000,3MIDD_207,8,0.875,0.125,0.0,0.875,0.125,0.0,0.010284499900764774,1.0,0.5435644431995964
137000,4MIDD_085_170,8,0.75,0.25,0.0,0.75,0.25,0.0,0.0030438112326786,1.0,0.8112781244591328
138000,3MIDD_048,8,0.25,0.75,0.0,0.25,0.625,0.125,-0.0029221562518247247,-1.0,1.2987949406953985
138000,3MIDD_207,8,0.875,0.125,0.0,0.875,0.125,0.0,0.009339779368723,1.0,0.5435644431995964
138000,4MIDD_085_170,8,0.875,0.125,0.0,0.75,0.125,0.125,0.003784664895159025,1.0,1.061278124459133
139000,3MIDD_048,8,0.25,0.75,0.0,0.25,0.625,0.125,-0.00634029205672155,-1.0,1.2987949406953985
139000,3MIDD_207,8,0.875,0.125,0.0,0.875,0.125,0.0,0.008013796079627775,1.0,0.5435644431995964
139000,4MIDD_085_170,8,0.75,0.25,0.0,0.75,0.25,0.0,0.00285649044630125,1.0,0.8112781244591328
140000,3MIDD_048,8,0.25,0.75,0.0,0.25,0.75,0.0,-0.00545462699840305,-1.0,0.8112781244591328
140000,3MIDD_207,8,0.875,0.125,0.0,0.875,0.125,0.0,0.00909137043753955,1.0,0.5435644431995964
140000,4MIDD_085_170,8,0.75,0.25,0.0,0.75,0.125,0.125,0.003240235929431725,1.0,1.061278124459133
141000,3MIDD_048,8,0.25,0.75,0.0,0.25,0.5,0.25,-0.0062054166814289515,-1.0,1.5
141000,3MIDD_207,8,0.875,0.125,0.0,0.875,0.125,0.0,0.008360740541153124,1.0,0.5435644431995964
141000,4MIDD_085_170,8,0.75,0.25,0.0,0.75,0.25,0.0,0.003006999819072575,1.0,0.8112781244591328
142000,3MIDD_048,8,0.25,0.75,0.0,0.25,0.5,0.25,-0.0048461244507751,-1.0,1.5
142000,3MIDD_207,8,1.0,0.0,0.0,1.0,0.0,0.0,0.008481860148293024,1.0,-0.0
142000,4MIDD_085_170,8,0.75,0.25,0.0,0.75,0.125,0.125,0.003551263090255325,1.0,1.061278124459133
143000,3MIDD_048,8,0.375,0.625,0.0,0.25,0.5,0.25,-0.00435558452138075,-1.0,1.5
143000,3MIDD_207,8,0.875,0.125,0.0,0.875,0.125,0.0,0.008448320408712077,1.0,0.5435644431995964
143000,4MIDD_085_170,8,0.75,0.25,0.0,0.75,0.25,0.0,0.003674164411086375,1.0,0.8112781244591328
144000,3MIDD_048,8,0.25,0.75,0.0,0.25,0.625,0.125,-0.006402016773608125,-1.0,1.2987949406953985
144000,3MIDD_207,8,0.875,0.125,0.0,0.875,0.125,0.0,0.008722957027949051,1.0,0.5435644431995964
144000,4MIDD_085_170,8,0.75,0.25,0.0,0.75,0.25,0.0,0.0028088823665055,1.0,0.8112781244591328
145000,3MIDD_048,8,0.25,0.75,0.0,0.25,0.625,0.125,-0.003510482102851925,-1.0,1.2987949406953985
145000,3MIDD_207,8,0.875,0.125,0.0,0.875,0.125,0.0,0.009136334439546475,1.0,0.5435644431995964
145000,4MIDD_085_170,8,0.75,0.25,0.0,0.75,0.125,0.125,0.002939773639250625,1.0,1.061278124459133
146000,3MIDD_048,8,0.25,0.75,0.0,0.25,0.5,0.25,-0.005927829505241399,-1.0,1.5
146000,3MIDD_207,8,0.875,0.125,0.0,0.875,0.125,0.0,0.008931542351439649,1.0,0.5435644431995964
146000,4MIDD_085_170,8,0.75,0.25,0.0,0.75,0.25,0.0,0.0028932463421355746,1.0,0.8112781244591328
147000,3MIDD_048,8,0.375,0.625,0.0,0.375,0.625,0.0,-0.0023810394256972,-1.0,0.954434002924965
147000,3MIDD_207,8,0.875,0.125,0.0,0.875,0.125,0.0,0.008814211517384873,1.0,0.5435644431995964
147000,4MIDD_085_170,8,0.875,0.125,0.0,0.75,0.125,0.125,0.002906724911327975,1.0,1.061278124459133
148000,3MIDD_048,8,0.25,0.75,0.0,0.25,0.5,0.25,-0.005733832361260301,-1.0,1.5
148000,3MIDD_207,8,0.875,0.125,0.0,0.875,0.125,0.0,0.008626907111467874,1.0,0.5435644431995964
148000,4MIDD_085_170,8,0.75,0.25,0.0,0.75,0.125,0.125,0.003183493677616125,1.0,1.061278124459133
149000,3MIDD_048,8,0.375,0.625,0.0,0.25,0.625,0.125,-0.003057002304406,-1.0,1.2987949406953985
149000,3MIDD_207,8,0.875,0.125,0.0,0.75,0.125,0.125,0.00878238970304315,1.0,1.061278124459133
149000,4MIDD_085_170,8,0.75,0.25,0.0,0.75,0.125,0.125,0.003065517780864525,1.0,1.061278124459133
150000,3MIDD_048,8,0.375,0.625,0.0,0.375,0.625,0.0,-0.004398779505759376,-1.0,0.954434002924965
150000,3MIDD_207,8,0.875,0.125,0.0,0.875,0.125,0.0,0.009196523382825974,1.0,0.5435644431995964
150000,4MIDD_085_170,8,0.75,0.25,0.0,0.75,0.125,0.125,0.0028344342853953005,1.0,1.061278124459133
151000,3MIDD_048,8,0.375,0.625,0.0,0.375,0.5,0.125,-0.005112261589410075,-1.0,1.4056390622295665
151000,3MIDD_207,8,0.875,0.125,0.0,0.875,0.125,0.0,0.00873980412548335,1.0,0.5435644431995964
151000,4MIDD_085_170,8,0.75,0.25,0.0,0.75,0.125,0.125,0.0028338110501474247,1.0,1.061278124459133
152000,3MIDD_048,8,0.375,0.625,0.0,0.25,0.625,0.125,-0.00230503029600875,-1.0,1.2987949406953985
152000,3MIDD_207,8,0.875,0.125,0.0,0.875,0.125,0.0,0.0087378890228432,1.0,0.5435644431995964
152000,4MIDD_085_170,8,0.75,0.25,0.0,0.75,0.25,0.0,0.0029568414524368002,1.0,0.8112781244591328
153000,3MIDD_048,8,0.375,0.625,0.0,0.375,0.5,0.125,-0.0033196784916765753,-1.0,1.4056390622295665
153000,3MIDD_207,8,0.875,0.125,0.0,0.875,0.125,0.0,0.00977991256803785,1.0,0.5435644431995964
153000,4MIDD_085_170,8,0.75,0.25,0.0,0.625,0.25,0.125,0.002420727611732625,1.0,1.2987949406953985
154000,3MIDD_048,8,0.375,0.625,0.0,0.375,0.625,0.0,-0.0033211705451793,-1.0,0.954434002924965
154000,3MIDD_207,8,1.0,0.0,0.0,0.875,0.0,0.125,0.00893945067729335,1.0,0.5435644431995964
154000,4MIDD_085_170,8,0.75,0.25,0.0,0.75,0.125,0.125,0.002925038563197075,1.0,1.061278124459133
155000,3MIDD_048,8,0.375,0.625,0.0,0.375,0.5,0.125,-0.0004964340281670501,-1.0,1.4056390622295665
155000,3MIDD_207,8,0.875,0.125,0.0,0.75,0.0,0.25,0.007010101968077548,1.0,0.8112781244591328
155000,4MIDD_085_170,8,0.75,0.25,0.0,0.75,0.125,0.125,0.002654445583453625,1.0,1.061278124459133
156000,3MIDD_048,8,0.375,0.625,0.0,0.375,0.625,0.0,-0.0023718730203420497,-1.0,0.954434002924965
156000,3MIDD_207,8,0.75,0.25,0.0,0.75,0.25,0.0,0.007402939923207674,1.0,0.8112781244591328
156000,4MIDD_085_170,8,0.75,0.25,0.0,0.75,0.25,0.0,0.00293121125019465,1.0,0.8112781244591328
157000,3MIDD_048,8,0.375,0.625,0.0,0.375,0.625,0.0,-0.003360539699870975,-1.0,0.954434002924965
157000,3MIDD_207,8,0.75,0.25,0.0,0.75,0.125,0.125,0.009133798719365923,1.0,1.061278124459133
157000,4MIDD_085_170,8,0.875,0.125,0.0,0.625,0.125,0.25,0.003002697833972875,1.0,1.2987949406953985
158000,3MIDD_048,8,0.375,0.625,0.0,0.375,0.625,0.0,-0.004045374288052225,-1.0,0.954434002924965
158000,3MIDD_207,8,0.875,0.125,0.0,0.875,0.125,0.0,0.006974402053960024,1.0,0.5435644431995964
158000,4MIDD_085_170,8,0.875,0.125,0.0,0.625,0.125,0.25,0.00341566903106145,1.0,1.2987949406953985
159000,3MIDD_048,8,0.375,0.625,0.0,0.375,0.625,0.0,-0.0031270949635822257,-1.0,0.954434002924965
159000,3MIDD_207,8,0.875,0.125,0.0,0.875,0.125,0.0,0.0089142517943644,1.0,0.5435644431995964
159000,4MIDD_085_170,8,0.75,0.25,0.0,0.75,0.125,0.125,0.003602656547923975,1.0,1.061278124459133
160000,3MIDD_048,8,0.375,0.625,0.0,0.375,0.625,0.0,-0.00519379785550225,-1.0,0.954434002924965
160000,3MIDD_207,8,0.875,0.125,0.0,0.875,0.125,0.0,0.007939804789443675,1.0,0.5435644431995964
160000,4MIDD_085_170,8,0.875,0.125,0.0,0.75,0.125,0.125,0.0029002665714158,1.0,1.061278124459133
161000,3MIDD_048,8,0.375,0.625,0.0,0.375,0.625,0.0,-0.0052559915159025505,-1.0,0.954434002924965
161000,3MIDD_207,8,0.875,0.125,0.0,0.875,0.125,0.0,0.008157709750369375,1.0,0.5435644431995964
161000,4MIDD_085_170,8,0.75,0.25,0.0,0.75,0.125,0.125,0.00297519842988105,1.0,1.061278124459133
162000,3MIDD_048,8,0.375,0.625,0.0,0.375,0.625,0.0,-0.00286786176396155,-1.0,0.954434002924965
162000,3MIDD_207,8,0.875,0.125,0.0,0.75,0.125,0.125,0.00851068152896135,1.0,1.061278124459133
162000,4MIDD_085_170,8,0.875,0.125,0.0,0.875,0.125,0.0,0.002618225047821125,1.0,0.5435644431995964
163000,3MIDD_048,8,0.375,0.625,0.0,0.375,0.625,0.0,-0.001408222273413725,-1.0,0.954434002924965
163000,3MIDD_207,8,0.875,0.125,0.0,0.875,0.125,0.0,0.008435579239752099,1.0,0.5435644431995964
163000,4MIDD_085_170,8,0.75,0.25,0.0,0.75,0.125,0.125,0.002982061472456325,1.0,1.061278124459133
164000,3MIDD_048,8,0.375,0.625,0.0,0.375,0.625,0.0,-0.005265546975625125,-1.0,0.954434002924965
164000,3MIDD_207,8,0.75,0.25,0.0,0.75,0.25,0.0,0.0069443648579476745,1.0,0.8112781244591328
164000,4MIDD_085_170,8,0.75,0.25,0.0,0.75,0.125,0.125,0.0027676700512501,1.0,1.061278124459133
165000,3MIDD_048,8,0.375,0.625,0.0,0.375,0.625,0.0,-0.002189589607172175,-1.0,0.954434002924965
165000,3MIDD_207,8,0.75,0.25,0.0,0.75,0.25,0.0,0.00846841327608665,1.0,0.8112781244591328
165000,4MIDD_085_170,8,0.875,0.125,0.0,0.75,0.125,0.125,0.0028568650572045,1.0,1.061278124459133
166000,3MIDD_048,8,0.375,0.625,0.0,0.375,0.625,0.0,-0.005630457827851924,-1.0,0.954434002924965
166000,3MIDD_207,8,0.875,0.125,0.0,0.875,0.125,0.0,0.007656058370742575,1.0,0.5435644431995964
166000,4MIDD_085_170,8,0.75,0.25,0.0,0.75,0.25,0.0,0.002892222131687075,1.0,0.8112781244591328
167000,3MIDD_048,8,0.25,0.75,0.0,0.25,0.75,0.0,-0.0027543557243267496,-1.0,0.8112781244591328
167000,3MIDD_207,8,0.875,0.125,0.0,0.875,0.125,0.0,0.008563013794576775,1.0,0.5435644431995964
167000,4MIDD_085_170,8,0.875,0.125,0.0,0.75,0.125,0.125,0.0033142374664257247,1.0,1.061278124459133
168000,3MIDD_048,8,0.375,0.625,0.0,0.375,0.625,0.0,-0.001719393823186175,-1.0,0.954434002924965
168000,3MIDD_207,8,0.875,0.125,0.0,0.75,0.125,0.125,0.00665023807108835,1.0,1.061278124459133
168000,4MIDD_085_170,8,0.875,0.125,0.0,0.75,0.125,0.125,0.0032552402094744998,1.0,1.061278124459133
169000,3MIDD_048,8,0.25,0.75,0.0,0.25,0.625,0.125,-0.00462199362400505,-1.0,1.2987949406953985
169000,3MIDD_207,8,0.875,0.125,0.0,0.875,0.125,0.0,0.008168599928551625,1.0,0.5435644431995964
169000,4MIDD_085_170,8,0.75,0.25,0.0,0.75,0.125,0.125,0.0030745795007383996,1.0,1.061278124459133
170000,3MIDD_048,8,0.375,0.625,0.0,0.375,0.625,0.0,-0.0031637943667301004,-1.0,0.954434002924965
170000,3MIDD_207,8,0.75,0.25,0.0,0.75,0.125,0.125,0.007666576669778576,1.0,1.061278124459133
170000,4MIDD_085_170,8,0.875,0.125,0.0,0.75,0.0,0.25,0.003093137288009725,1.0,0.8112781244591328
171000,3MIDD_048,8,0.375,0.625,0.0,0.25,0.625,0.125,-0.0062906900870385255,-1.0,1.2987949406953985
171000,3MIDD_207,8,0.875,0.125,0.0,0.75,0.125,0.125,0.0054119969616554,1.0,1.061278124459133
171000,4MIDD_085_170,8,0.75,0.25,0.0,0.75,0.25,0.0,0.00364318459235475,1.0,0.8112781244591328
172000,3MIDD_048,8,0.375,0.625,0.0,0.25,0.625,0.125,-0.00305849695198938,-1.0,1.2987949406953985
172000,3MIDD_207,8,0.875,0.125,0.0,0.875,0.125,0.0,0.008372984619315975,1.0,0.5435644431995964
172000,4MIDD_085_170,8,0.875,0.125,0.0,0.75,0.125,0.125,0.003500566764006075,1.0,1.061278124459133
173000,3MIDD_048,8,0.375,0.625,0.0,0.375,0.625,0.0,-0.002210726068674375,-1.0,0.954434002924965
173000,3MIDD_207,8,0.875,0.125,0.0,0.875,0.125,0.0,0.00701563379227395,1.0,0.5435644431995964
173000,4MIDD_085_170,8,0.875,0.125,0.0,0.75,0.125,0.125,0.00345181468643455,1.0,1.061278124459133
174000,3MIDD_048,8,0.375,0.625,0.0,0.375,0.625,0.0,-0.003190617485536825,-1.0,0.954434002924965
174000,3MIDD_207,8,0.875,0.125,0.0,0.875,0.125,0.0,0.008830117147061825,1.0,0.5435644431995964
174000,4MIDD_085_170,8,0.875,0.125,0.0,0.75,0.125,0.125,0.0034135114640317,1.0,1.061278124459133
175000,3MIDD_048,8,0.375,0.625,0.0,0.375,0.625,0.0,-0.0021201533055814252,-1.0,0.954434002924965
175000,3MIDD_207,8,0.875,0.125,0.0,0.875,0.125,0.0,0.004458000381124301,1.0,0.5435644431995964
175000,4MIDD_085_170,8,0.875,0.125,0.0,0.75,0.125,0.125,0.0020871878939314995,1.0,1.061278124459133
176000,3MIDD_048,8,0.375,0.625,0.0,0.375,0.625,0.0,-0.001665850714163025,-1.0,0.954434002924965
176000,3MIDD_207,8,0.875,0.125,0.0,0.875,0.125,0.0,0.006508945089165574,1.0,0.5435644431995964
176000,4MIDD_085_170,8,0.75,0.25,0.0,0.75,0.125,0.125,0.003462307518561775,1.0,1.061278124459133
177000,3MIDD_048,8,0.375,0.625,0.0,0.375,0.625,0.0,-0.0025161710267995754,-1.0,0.954434002924965
177000,3MIDD_207,8,0.75,0.25,0.0,0.75,0.25,0.0,0.004944894679621751,1.0,0.8112781244591328
177000,4MIDD_085_170,8,0.875,0.125,0.0,0.75,0.0,0.25,0.0028144521941501502,1.0,0.8112781244591328
178000,3MIDD_048,8,0.25,0.75,0.0,0.25,0.75,0.0,-0.0034332377614084003,-1.0,0.8112781244591328
178000,3MIDD_207,8,0.75,0.25,0.0,0.75,0.125,0.125,0.005553674553325776,1.0,1.061278124459133
178000,4MIDD_085_170,8,0.875,0.125,0.0,0.75,0.125,0.125,0.0024888449925388,1.0,1.061278124459133
179000,3MIDD_048,8,0.375,0.625,0.0,0.375,0.625,0.0,-0.0035891686499605994,-1.0,0.954434002924965
179000,3MIDD_207,8,0.875,0.125,0.0,0.875,0.125,0.0,0.006965467921800875,1.0,0.5435644431995964
179000,4MIDD_085_170,8,1.0,0.0,0.0,0.75,0.0,0.25,0.0026585472923562003,1.0,0.8112781244591328
180000,3MIDD_048,8,0.25,0.75,0.0,0.25,0.75,0.0,-0.001820554552906025,-1.0,0.8112781244591328
180000,3MIDD_207,8,0.875,0.125,0.0,0.875,0.125,0.0,0.004256398591823325,1.0,0.5435644431995964
180000,4MIDD_085_170,8,0.875,0.125,0.0,0.875,0.125,0.0,0.003227619764118275,1.0,0.5435644431995964
181000,3MIDD_048,8,0.375,0.625,0.0,0.375,0.625,0.0,-0.002604532521711555,-1.0,0.954434002924965
181000,3MIDD_207,8,0.875,0.125,0.0,0.875,0.125,0.0,0.00544922709785,1.0,0.5435644431995964
181000,4MIDD_085_170,8,0.875,0.125,0.0,0.875,0.125,0.0,0.002976270873521975,1.0,0.5435644431995964
182000,3MIDD_048,8,0.25,0.75,0.0,0.25,0.75,0.0,-0.005123115870290725,-1.0,0.8112781244591328
182000,3MIDD_207,8,0.875,0.125,0.0,0.75,0.125,0.125,0.0046744438737501,1.0,1.061278124459133
182000,4MIDD_085_170,8,1.0,0.0,0.0,1.0,0.0,0.0,0.002534498562443275,1.0,-0.0
183000,3MIDD_048,8,0.375,0.625,0.0,0.375,0.625,0.0,-0.005076425240848525,-1.0,0.954434002924965
183000,3MIDD_207,8,0.875,0.125,0.0,0.875,0.125,0.0,0.004524077847637875,1.0,0.5435644431995964
183000,4MIDD_085_170,8,0.75,0.25,0.0,0.625,0.125,0.25,0.0023452239216266743,1.0,1.2987949406953985
184000,3MIDD_048,8,0.25,0.75,0.0,0.25,0.625,0.125,-0.0018091947862488998,-1.0,1.2987949406953985
184000,3MIDD_207,8,0.875,0.125,0.0,0.875,0.125,0.0,0.0046036065572258,1.0,0.5435644431995964
184000,4MIDD_085_170,8,0.875,0.125,0.0,0.75,0.125,0.125,0.0015798906167693002,1.0,1.061278124459133
185000,3MIDD_048,8,0.375,0.625,0.0,0.375,0.625,0.0,-0.0037025073946523996,-1.0,0.954434002924965
185000,3MIDD_207,8,0.875,0.125,0.0,0.875,0.125,0.0,0.005586115376052951,1.0,0.5435644431995964
185000,4MIDD_085_170,8,0.75,0.25,0.0,0.625,0.125,0.25,0.0018286475118936,1.0,1.2987949406953985
186000,3MIDD_048,8,0.375,0.625,0.0,0.375,0.625,0.0,-0.003065910803853775,-1.0,0.954434002924965
186000,3MIDD_207,8,0.875,0.125,0.0,0.875,0.125,0.0,0.004598665271504325,1.0,0.5435644431995964
186000,4MIDD_085_170,8,0.75,0.25,0.0,0.75,0.125,0.125,0.00244357644926435,1.0,1.061278124459133
187000,3MIDD_048,8,0.375,0.625,0.0,0.375,0.625,0.0,-0.002480793647768125,-1.0,0.954434002924965
187000,3MIDD_207,8,0.875,0.125,0.0,0.875,0.125,0.0,0.004192466727513226,1.0,0.5435644431995964
187000,4MIDD_085_170,8,0.75,0.25,0.0,0.625,0.125,0.25,0.0024744835768140756,1.0,1.2987949406953985
188000,3MIDD_048,8,0.375,0.625,0.0,0.25,0.625,0.125,-0.0032653640965387004,-1.0,1.2987949406953985
188000,3MIDD_207,8,0.875,0.125,0.0,0.875,0.125,0.0,0.00465371699145685,1.0,0.5435644431995964
188000,4MIDD_085_170,8,0.875,0.125,0.0,0.75,0.0,0.25,0.0015124015158976,1.0,0.8112781244591328
189000,3MIDD_048,8,0.375,0.625,0.0,0.375,0.625,0.0,-0.0035569538896123997,-1.0,0.954434002924965
189000,3MIDD_207,8,0.875,0.125,0.0,0.875,0.125,0.0,0.0037049622577631255,1.0,0.5435644431995964
189000,4MIDD_085_170,8,0.625,0.375,0.0,0.5,0.375,0.125,0.0011244619236215744,1.0,1.4056390622295665
190000,3MIDD_048,8,0.25,0.75,0.0,0.25,0.75,0.0,-0.004180095500672575,-1.0,0.8112781244591328
190000,3MIDD_207,8,0.75,0.25,0.0,0.75,0.25,0.0,0.0042028994582305,1.0,0.8112781244591328
190000,4MIDD_085_170,8,0.75,0.25,0.0,0.625,0.125,0.25,0.001897814681435175,1.0,1.2987949406953985
191000,3MIDD_048,8,0.25,0.75,0.0,0.25,0.75,0.0,-0.0054856303073771255,-1.0,0.8112781244591328
191000,3MIDD_207,8,0.875,0.125,0.0,0.875,0.125,0.0,0.00462150634817585,1.0,0.5435644431995964
191000,4MIDD_085_170,8,0.875,0.125,0.0,0.75,0.125,0.125,0.002174742952267375,1.0,1.061278124459133
192000,3MIDD_048,8,0.375,0.625,0.0,0.375,0.625,0.0,-0.002429816317978725,-1.0,0.954434002924965
192000,3MIDD_207,8,0.875,0.125,0.0,0.875,0.125,0.0,0.005049287019556601,1.0,0.5435644431995964
192000,4MIDD_085_170,8,0.75,0.25,0.0,0.625,0.125,0.25,0.0021249405992223485,1.0,1.2987949406953985
193000,3MIDD_048,8,0.25,0.75,0.0,0.25,0.75,0.0,-0.004253996005640149,-1.0,0.8112781244591328
193000,3MIDD_207,8,0.875,0.125,0.0,0.875,0.125,0.0,0.0050257602364539265,1.0,0.5435644431995964
193000,4MIDD_085_170,8,0.75,0.25,0.0,0.625,0.25,0.125,0.0012024603141732749,1.0,1.2987949406953985
194000,3MIDD_048,8,0.375,0.625,0.0,0.375,0.625,0.0,-0.0025796556978949247,-1.0,0.954434002924965
194000,3MIDD_207,8,0.875,0.125,0.0,0.875,0.125,0.0,0.006561156417832351,1.0,0.5435644431995964
194000,4MIDD_085_170,8,0.625,0.375,0.0,0.5,0.375,0.125,0.0010470472647741004,1.0,1.4056390622295665
195000,3MIDD_048,8,0.375,0.625,0.0,0.25,0.625,0.125,-0.0026262757561707,-1.0,1.2987949406953985
195000,3MIDD_207,8,0.875,0.125,0.0,0.875,0.125,0.0,0.004612702423807224,1.0,0.5435644431995964
195000,4MIDD_085_170,8,0.875,0.125,0.0,0.625,0.125,0.25,0.0006958680661602256,1.0,1.2987949406953985
196000,3MIDD_048,8,0.25,0.75,0.0,0.25,0.625,0.125,-0.00223747110432835,-1.0,1.2987949406953985
196000,3MIDD_207,8,0.875,0.125,0.0,0.875,0.125,0.0,0.003754131733272,1.0,0.5435644431995964
196000,4MIDD_085_170,8,0.875,0.125,0.0,0.75,0.125,0.125,0.002402653233576001,1.0,1.061278124459133
197000,3MIDD_048,8,0.25,0.75,0.0,0.25,0.625,0.125,-0.00236074696161105,-1.0,1.2987949406953985
197000,3MIDD_207,8,0.875,0.125,0.0,0.875,0.125,0.0,0.0044926460032516,1.0,0.5435644431995964
197000,4MIDD_085_170,8,0.625,0.375,0.0,0.625,0.375,0.0,0.001481745759763876,1.0,0.954434002924965
198000,3MIDD_048,8,0.25,0.75,0.0,0.125,0.75,0.125,-0.0034951091450626994,-1.0,1.061278124459133
198000,3MIDD_207,8,0.875,0.125,0.0,0.875,0.125,0.0,0.003969601359853326,1.0,0.5435644431995964
198000,4MIDD_085_170,8,0.75,0.25,0.0,0.5,0.125,0.375,0.0009910778746517997,1.0,1.4056390622295665
199000,3MIDD_048,8,0.25,0.75,0.0,0.125,0.625,0.25,-0.0053067040308922495,-1.0,1.2987949406953985
199000,3MIDD_207,8,0.875,0.125,0.0,0.875,0.125,0.0,0.004609377848659699,1.0,0.5435644431995964
199000,4MIDD_085_170,8,0.875,0.125,0.0,0.625,0.125,0.25,0.0013420278631698747,1.0,1.2987949406953985
200000,3MIDD_048,8,0.25,0.75,0.0,0.25,0.625,0.125,-0.003941508304934704,-1.0,1.2987949406953985
200000,3MIDD_207,8,0.875,0.125,0.0,0.875,0.125,0.0,0.0043113350647628005,1.0,0.5435644431995964
200000,4MIDD_085_170,8,0.75,0.25,0.0,0.625,0.125,0.25,0.0015858128699289256,1.0,1.2987949406953985
201000,3MIDD_048,8,0.125,0.875,0.0,0.125,0.875,0.0,-0.004474532983989275,-1.0,0.5435644431995964
201000,3MIDD_207,8,0.875,0.125,0.0,0.875,0.125,0.0,0.003909514696568901,1.0,0.5435644431995964
201000,4MIDD_085_170,8,0.875,0.125,0.0,0.75,0.125,0.125,0.0021422111265419004,1.0,1.061278124459133
202000,3MIDD_048,8,0.125,0.875,0.0,0.125,0.75,0.125,-0.0025840510614149,-1.0,1.061278124459133
202000,3MIDD_207,8,0.875,0.125,0.0,0.875,0.125,0.0,0.004625171381284525,1.0,0.5435644431995964
202000,4MIDD_085_170,8,0.75,0.25,0.0,0.75,0.125,0.125,0.0014138460246875247,1.0,1.061278124459133
203000,3MIDD_048,8,0.25,0.75,0.0,0.25,0.75,0.0,-0.003967362458597275,-1.0,0.8112781244591328
203000,3MIDD_207,8,0.875,0.125,0.0,0.875,0.125,0.0,0.003750001906234774,1.0,0.5435644431995964
203000,4MIDD_085_170,8,0.75,0.25,0.0,0.625,0.125,0.25,0.002186668962809201,1.0,1.2987949406953985
204000,3MIDD_048,8,0.125,0.875,0.0,0.125,0.875,0.0,-0.003089703732146975,-1.0,0.5435644431995964
204000,3MIDD_207,8,0.875,0.125,0.0,0.875,0.125,0.0,0.003690772440191125,1.0,0.5435644431995964
204000,4MIDD_085_170,8,0.875,0.125,0.0,0.875,0.125,0.0,0.0018088178840783738,1.0,0.5435644431995964
205000,3MIDD_048,8,0.125,0.875,0.0,0.125,0.875,0.0,-0.003381360563167575,-1.0,0.5435644431995964
205000,3MIDD_207,8,0.875,0.125,0.0,0.875,0.125,0.0,0.004228006378795848,1.0,0.5435644431995964
205000,4MIDD_085_170,8,0.75,0.25,0.0,0.625,0.25,0.125,0.0011046340895177248,1.0,1.2987949406953985
206000,3MIDD_048,8,0.375,0.625,0.0,0.25,0.625,0.125,-0.003098448648309016,-1.0,1.2987949406953985
206000,3MIDD_207,8,0.875,0.125,0.0,0.875,0.125,0.0,0.005284076234360825,1.0,0.5435644431995964
206000,4MIDD_085_170,8,0.75,0.25,0.0,0.5,0.25,0.25,0.0009135835734200497,1.0,1.5
207000,3MIDD_048,8,0.25,0.75,0.0,0.25,0.75,0.0,-0.0032823144844355747,-1.0,0.8112781244591328
207000,3MIDD_207,8,0.875,0.125,0.0,0.875,0.125,0.0,0.0035681578572468744,1.0,0.5435644431995964
207000,4MIDD_085_170,8,0.625,0.375,0.0,0.5,0.25,0.25,0.001205704009048525,1.0,1.5
208000,3MIDD_048,8,0.125,0.875,0.0,0.125,0.75,0.125,-0.004866354923902299,-1.0,1.061278124459133
208000,3MIDD_207,8,0.875,0.125,0.0,0.875,0.125,0.0,0.005623544669897698,1.0,0.5435644431995964
208000,4MIDD_085_170,8,0.875,0.125,0.0,0.875,0.125,0.0,0.00189681677999175,1.0,0.5435644431995964
209000,3MIDD_048,8,0.125,0.875,0.0,0.125,0.875,0.0,-0.004659593095973374,-1.0,0.5435644431995964
209000,3MIDD_207,8,0.875,0.125,0.0,0.875,0.125,0.0,0.00479279488961405,1.0,0.5435644431995964
209000,4MIDD_085_170,8,0.875,0.125,0.0,0.875,0.125,0.0,0.002133468173651749,1.0,0.5435644431995964
210000,3MIDD_048,8,0.25,0.75,0.0,0.25,0.75,0.0,-0.003785667586118425,-1.0,0.8112781244591328
210000,3MIDD_207,8,0.875,0.125,0.0,0.875,0.125,0.0,0.00326692947420855,1.0,0.5435644431995964
210000,4MIDD_085_170,8,0.875,0.125,0.0,0.875,0.125,0.0,0.0022012692165481497,1.0,0.5435644431995964
211000,3MIDD_048,8,0.25,0.75,0.0,0.25,0.75,0.0,-0.0033325605050082,-1.0,0.8112781244591328
211000,3MIDD_207,8,0.875,0.125,0.0,0.875,0.125,0.0,0.005703603593875225,1.0,0.5435644431995964
211000,4MIDD_085_170,8,0.625,0.375,0.0,0.5,0.375,0.125,0.0010902217830565746,1.0,1.4056390622295665
212000,3MIDD_048,8,0.25,0.75,0.0,0.25,0.75,0.0,-0.0028595555774979502,-1.0,0.8112781244591328
212000,3MIDD_207,8,0.875,0.125,0.0,0.875,0.125,0.0,0.00446023648874195,1.0,0.5435644431995964
212000,4MIDD_085_170,8,0.75,0.25,0.0,0.625,0.25,0.125,0.0012952727253167501,1.0,1.2987949406953985
213000,3MIDD_048,8,0.125,0.875,0.0,0.125,0.875,0.0,-0.0040143011254045995,-1.0,0.5435644431995964
213000,3MIDD_207,8,0.875,0.125,0.0,0.875,0.125,0.0,0.004724095677212775,1.0,0.5435644431995964
213000,4MIDD_085_170,8,0.875,0.125,0.0,0.5,0.125,0.375,0.0012143219107315247,1.0,1.4056390622295665
214000,3MIDD_048,8,0.125,0.875,0.0,0.125,0.875,0.0,-0.0029336479062077,-1.0,0.5435644431995964
214000,3MIDD_207,8,0.875,0.125,0.0,0.75,0.125,0.125,0.003993634449037725,1.0,1.061278124459133
214000,4MIDD_085_170,8,0.625,0.375,0.0,0.625,0.25,0.125,0.00145463902227985,1.0,1.2987949406953985
215000,3MIDD_048,8,0.125,0.875,0.0,0.125,0.875,0.0,-0.0033083692033775247,-1.0,0.5435644431995964
215000,3MIDD_207,8,0.875,0.125,0.0,0.875,0.125,0.0,0.006092867048708326,1.0,0.5435644431995964
215000,4MIDD_085_170,8,0.75,0.25,0.0,0.625,0.25,0.125,0.0016799545938908002,1.0,1.2987949406953985
216000,3MIDD_048,8,0.25,0.75,0.0,0.25,0.75,0.0,-0.00232813533156575,-1.0,0.8112781244591328
216000,3MIDD_207,8,0.875,0.125,0.0,0.875,0.125,0.0,0.0048881796830241245,1.0,0.5435644431995964
216000,4MIDD_085_170,8,0.75,0.25,0.0,0.75,0.25,0.0,0.0020369260130131753,1.0,0.8112781244591328
217000,3MIDD_048,8,0.125,0.875,0.0,0.125,0.75,0.125,-0.0032964928350864,-1.0,1.061278124459133
217000,3MIDD_207,8,0.875,0.125,0.0,0.75,0.125,0.125,0.0038091829072523006,1.0,1.061278124459133
217000,4MIDD_085_170,8,0.75,0.25,0.0,0.75,0.125,0.125,0.0020649025606587746,1.0,1.061278124459133
218000,3MIDD_048,8,0.125,0.875,0.0,0.125,0.875,0.0,-0.00227071077778205,-1.0,0.5435644431995964
218000,3MIDD_207,8,0.875,0.125,0.0,0.75,0.125,0.125,0.00505744431972525,1.0,1.061278124459133
218000,4MIDD_085_170,8,0.75,0.25,0.0,0.625,0.125,0.25,0.00193943245854675,1.0,1.2987949406953985
219000,3MIDD_048,8,0.125,0.875,0.0,0.125,0.875,0.0,-0.0039359766424936,-1.0,0.5435644431995964
219000,3MIDD_207,8,0.875,0.125,0.0,0.875,0.125,0.0,0.005514474048685526,1.0,0.5435644431995964
219000,4MIDD_085_170,8,0.75,0.25,0.0,0.625,0.125,0.25,0.0018836657166848001,1.0,1.2987949406953985
220000,3MIDD_048,8,0.25,0.75,0.0,0.25,0.75,0.0,-0.0031723049026567253,-1.0,0.8112781244591328
220000,3MIDD_207,8,0.875,0.125,0.0,0.875,0.125,0.0,0.003839769320952425,1.0,0.5435644431995964
220000,4MIDD_085_170,8,0.875,0.125,0.0,0.75,0.125,0.125,0.002205196637285475,1.0,1.061278124459133
221000,3MIDD_048,8,0.25,0.75,0.0,0.25,0.75,0.0,-0.0034745181915497,-1.0,0.8112781244591328
221000,3MIDD_207,8,0.875,0.125,0.0,0.875,0.125,0.0,0.005053942230196427,1.0,0.5435644431995964
221000,4MIDD_085_170,8,0.875,0.125,0.0,0.75,0.125,0.125,0.0010768644446591258,1.0,1.061278124459133
222000,3MIDD_048,8,0.125,0.875,0.0,0.125,0.875,0.0,-0.002970282084661325,-1.0,0.5435644431995964
222000,3MIDD_207,8,0.875,0.125,0.0,0.75,0.125,0.125,0.00431584318375415,1.0,1.061278124459133
222000,4MIDD_085_170,8,0.875,0.125,0.0,0.875,0.125,0.0,0.0011789732163323741,1.0,0.5435644431995964
223000,3MIDD_048,8,0.125,0.875,0.0,0.125,0.875,0.0,-0.0063210784264416744,-1.0,0.5435644431995964
223000,3MIDD_207,8,0.875,0.125,0.0,0.875,0.125,0.0,0.004650812188447526,1.0,0.5435644431995964
223000,4MIDD_085_170,8,0.875,0.125,0.0,0.75,0.125,0.125,0.0014979623191949758,1.0,1.061278124459133
224000,3MIDD_048,8,0.25,0.75,0.0,0.25,0.75,0.0,-0.0022046754072020747,-1.0,0.8112781244591328
224000,3MIDD_207,8,0.875,0.125,0.0,0.875,0.125,0.0,0.005186310769159751,1.0,0.5435644431995964
224000,4MIDD_085_170,8,0.75,0.25,0.0,0.625,0.25,0.125,0.001714065458589275,1.0,1.2987949406953985
225000,3MIDD_048,8,0.25,0.75,0.0,0.125,0.75,0.125,-0.0041049131077623,-1.0,1.061278124459133
225000,3MIDD_207,8,0.75,0.25,0.0,0.75,0.125,0.125,0.004518776366702199,1.0,1.061278124459133
225000,4MIDD_085_170,8,0.875,0.125,0.0,0.625,0.125,0.25,0.0015544344201343754,1.0,1.2987949406953985
226000,3MIDD_048,8,0.25,0.75,0.0,0.25,0.75,0.0,-0.0034500673984358254,-1.0,0.8112781244591328
226000,3MIDD_207,8,0.875,0.125,0.0,0.75,0.125,0.125,0.005084853270906351,1.0,1.061278124459133
226000,4MIDD_085_170,8,0.75,0.25,0.0,0.625,0.125,0.25,0.0019362871051261494,1.0,1.2987949406953985
227000,3MIDD_048,7,0.14285714285714285,0.8571428571428571,0.0,0.14285714285714285,0.8571428571428571,0.0,-0.0023237864625364497,-1.0,0.5916727785823275
227000,3MIDD_207,7,0.8571428571428571,0.14285714285714285,0.0,0.7142857142857143,0.14285714285714285,0.14285714285714285,0.00582322901585265,1.0,1.1488348542809166
227000,4MIDD_085_170,7,0.7142857142857143,0.2857142857142857,0.0,0.7142857142857143,0.2857142857142857,0.0,0.0009908432457062504,1.0,0.863120568566631
228000,3MIDD_048,6,0.3333333333333333,0.6666666666666666,0.0,0.3333333333333333,0.6666666666666666,0.0,-0.00437829948769525,-1.0,0.9182958340544896
228000,3MIDD_207,6,1.0,0.0,0.0,0.8333333333333334,0.0,0.16666666666666666,0.009358965012016074,1.0,0.6500224216483541
228000,4MIDD_085_170,6,1.0,0.0,0.0,1.0,0.0,0.0,0.002076343056993101,1.0,-0.0
229000,3MIDD_048,6,0.3333333333333333,0.6666666666666666,0.0,0.3333333333333333,0.6666666666666666,0.0,-0.003725769257171525,-1.0,0.9182958340544896
229000,3MIDD_207,6,1.0,0.0,0.0,0.8333333333333334,0.0,0.16666666666666666,0.010242390051064575,1.0,0.6500224216483541
229000,4MIDD_085_170,6,0.8333333333333334,0.16666666666666666,0.0,0.8333333333333334,0.16666666666666666,0.0,0.0021966038644700746,1.0,0.6500224216483541
230000,3MIDD_048,6,0.16666666666666666,0.8333333333333334,0.0,0.16666666666666666,0.8333333333333334,0.0,-0.0039046748394002,-1.0,0.6500224216483541
230000,3MIDD_207,6,1.0,0.0,0.0,0.8333333333333334,0.0,0.16666666666666666,0.009172807742485975,1.0,0.6500224216483541
230000,4MIDD_085_170,6,0.8333333333333334,0.16666666666666666,0.0,0.8333333333333334,0.0,0.16666666666666666,0.0029169025171536496,1.0,0.6500224216483541
231000,3MIDD_048,6,0.16666666666666666,0.8333333333333334,0.0,0.16666666666666666,0.8333333333333334,0.0,-0.004368186786925026,-1.0,0.6500224216483541
231000,3MIDD_207,6,1.0,0.0,0.0,1.0,0.0,0.0,0.009570066695133599,1.0,-0.0
231000,4MIDD_085_170,6,0.8333333333333334,0.16666666666666666,0.0,0.8333333333333334,0.16666666666666666,0.0,0.0024053606961875243,1.0,0.6500224216483541
232000,3MIDD_048,6,0.16666666666666666,0.8333333333333334,0.0,0.16666666666666666,0.8333333333333334,0.0,-0.003007396037561275,-1.0,0.6500224216483541
232000,3MIDD_207,6,1.0,0.0,0.0,1.0,0.0,0.0,0.008755226204018474,1.0,-0.0
232000,4MIDD_085_170,6,1.0,0.0,0.0,1.0,0.0,0.0,0.002559421560272175,1.0,-0.0
233000,3MIDD_048,6,0.3333333333333333,0.6666666666666666,0.0,0.3333333333333333,0.6666666666666666,0.0,-0.003156604723524875,-1.0,0.9182958340544896
233000,3MIDD_207,6,1.0,0.0,0.0,0.8333333333333334,0.0,0.16666666666666666,0.008873153945599475,1.0,0.6500224216483541
233000,4MIDD_085_170,6,1.0,0.0,0.0,1.0,0.0,0.0,0.0032545528943031996,1.0,-0.0
234000,3MIDD_048,6,0.3333333333333333,0.6666666666666666,0.0,0.16666666666666666,0.6666666666666666,0.16666666666666666,-0.00344967355429035,-1.0,1.2516291673878228
234000,3MIDD_207,6,1.0,0.0,0.0,1.0,0.0,0.0,0.009739275198618499,1.0,-0.0
234000,4MIDD_085_170,6,1.0,0.0,0.0,1.0,0.0,0.0,0.003173858691243975,1.0,-0.0
235000,3MIDD_048,6,0.16666666666666666,0.8333333333333334,0.0,0.16666666666666666,0.8333333333333334,0.0,-0.0033184593623084247,-1.0,0.6500224216483541
235000,3MIDD_207,6,1.0,0.0,0.0,0.8333333333333334,0.0,0.16666666666666666,0.009480347192154926,1.0,0.6500224216483541
235000,4MIDD_085_170,6,1.0,0.0,0.0,1.0,0.0,0.0,0.0036800984762901745,1.0,-0.0
236000,3MIDD_048,6,0.16666666666666666,0.8333333333333334,0.0,0.16666666666666666,0.8333333333333334,0.0,-0.002896177615775525,-1.0,0.6500224216483541
236000,3MIDD_207,6,0.8333333333333334,0.16666666666666666,0.0,0.8333333333333334,0.0,0.16666666666666666,0.009485423965716324,1.0,0.6500224216483541
236000,4MIDD_085_170,6,0.8333333333333334,0.16666666666666666,0.0,0.8333333333333334,0.16666666666666666,0.0,0.0028298358278364003,1.0,0.6500224216483541
237000,3MIDD_048,6,0.3333333333333333,0.6666666666666666,0.0,0.16666666666666666,0.6666666666666666,0.16666666666666666,-0.003927162405362575,-1.0,1.2516291673878228
237000,3MIDD_207,6,1.0,0.0,0.0,0.8333333333333334,0.0,0.16666666666666666,0.010162401219918175,1.0,0.6500224216483541
237000,4MIDD_085_170,6,1.0,0.0,0.0,1.0,0.0,0.0,0.0028235098991018504,1.0,-0.0
238000,3MIDD_048,6,0.3333333333333333,0.6666666666666666,0.0,0.3333333333333333,0.6666666666666666,0.0,-0.004013004742076975,-1.0,0.9182958340544896
238000,3MIDD_207,6,1.0,0.0,0.0,1.0,0.0,0.0,0.00876278907226075,1.0,-0.0
238000,4MIDD_085_170,6,1.0,0.0,0.0,0.8333333333333334,0.0,0.16666666666666666,0.0021220909646769,1.0,0.6500224216483541
239000,3MIDD_048,6,0.3333333333333333,0.6666666666666666,0.0,0.3333333333333333,0.6666666666666666,0.0,-0.0033007549635779,-1.0,0.9182958340544896
239000,3MIDD_207,6,1.0,0.0,0.0,0.8333333333333334,0.0,0.16666666666666666,0.009859112509492925,1.0,0.6500224216483541
239000,4MIDD_085_170,6,1.0,0.0,0.0,1.0,0.0,0.0,0.0018003058433274251,1.0,-0.0
240000,3MIDD_048,6,0.3333333333333333,0.6666666666666666,0.0,0.3333333333333333,0.6666666666666666,0.0,-0.00355711237622835,-1.0,0.9182958340544896
240000,3MIDD_207,6,0.8333333333333334,0.16666666666666666,0.0,0.8333333333333334,0.0,0.16666666666666666,0.008670282797452125,1.0,0.6500224216483541
240000,4MIDD_085_170,6,1.0,0.0,0.0,1.0,0.0,0.0,0.0027697701168675247,1.0,-0.0
241000,3MIDD_048,6,0.16666666666666666,0.8333333333333334,0.0,0.16666666666666666,0.8333333333333334,0.0,-0.004270271371358825,-1.0,0.6500224216483541
241000,3MIDD_207,6,0.8333333333333334,0.16666666666666666,0.0,0.8333333333333334,0.0,0.16666666666666666,0.0091600266093389,1.0,0.6500224216483541
241000,4MIDD_085_170,6,1.0,0.0,0.0,1.0,0.0,0.0,0.003043908949553523,1.0,-0.0
242000,3MIDD_048,6,0.16666666666666666,0.8333333333333334,0.0,0.16666666666666666,0.8333333333333334,0.0,-0.004665804795535225,-1.0,0.6500224216483541
242000,3MIDD_207,6,1.0,0.0,0.0,0.8333333333333334,0.0,0.16666666666666666,0.009950311459332326,1.0,0.6500224216483541
242000,4MIDD_085_170,6,0.8333333333333334,0.16666666666666666,0.0,0.8333333333333334,0.16666666666666666,0.0,0.002861858642654101,1.0,0.6500224216483541
243000,3MIDD_048,6,0.3333333333333333,0.6666666666666666,0.0,0.3333333333333333,0.6666666666666666,0.0,-0.003305466461497375,-1.0,0.9182958340544896
243000,3MIDD_207,6,1.0,0.0,0.0,0.8333333333333334,0.0,0.16666666666666666,0.009333464448171175,1.0,0.6500224216483541
243000,4MIDD_085_170,6,1.0,0.0,0.0,1.0,0.0,0.0,0.0033838818686809757,1.0,-0.0
244000,3MIDD_048,6,0.3333333333333333,0.6666666666666666,0.0,0.3333333333333333,0.6666666666666666,0.0,-0.0035343856952006003,-1.0,0.9182958340544896
244000,3MIDD_207,6,1.0,0.0,0.0,1.0,0.0,0.0,0.009310609865978125,1.0,-0.0
244000,4MIDD_085_170,6,1.0,0.0,0.0,1.0,0.0,0.0,0.003861848178513251,1.0,-0.0
245000,3MIDD_048,6,0.3333333333333333,0.6666666666666666,0.0,0.3333333333333333,0.6666666666666666,0.0,-0.003481223776992675,-1.0,0.9182958340544896
245000,3MIDD_207,6,1.0,0.0,0.0,0.8333333333333334,0.0,0.16666666666666666,0.009365034198852925,1.0,0.6500224216483541
245000,4MIDD_085_170,6,0.8333333333333334,0.16666666666666666,0.0,0.8333333333333334,0.16666666666666666,0.0,0.0033244189199189244,1.0,0.6500224216483541
246000,3MIDD_048,6,0.3333333333333333,0.6666666666666666,0.0,0.3333333333333333,0.6666666666666666,0.0,-0.0034225582479911996,-1.0,0.9182958340544896
246000,3MIDD_207,6,1.0,0.0,0.0,0.8333333333333334,0.0,0.16666666666666666,0.00973627824780625,1.0,0.6500224216483541
246000,4MIDD_085_170,6,0.8333333333333334,0.16666666666666666,0.0,0.8333333333333334,0.0,0.16666666666666666,0.0027076191159819247,1.0,0.6500224216483541
247000,3MIDD_048,6,0.3333333333333333,0.6666666666666666,0.0,0.3333333333333333,0.6666666666666666,0.0,-0.0034978555148506,-1.0,0.9182958340544896
247000,3MIDD_207,6,1.0,0.0,0.0,1.0,0.0,0.0,0.009627088147630549,1.0,-0.0
247000,4MIDD_085_170,6,1.0,0.0,0.0,1.0,0.0,0.0,0.003699377581203726,1.0,-0.0
248000,3MIDD_048,6,0.16666666666666666,0.8333333333333334,0.0,0.16666666666666666,0.8333333333333334,0.0,-0.003388019163386125,-1.0,0.6500224216483541
248000,3MIDD_207,6,0.8333333333333334,0.16666666666666666,0.0,0.8333333333333334,0.0,0.16666666666666666,0.00976111545188995,1.0,0.6500224216483541
248000,4MIDD_085_170,6,1.0,0.0,0.0,0.6666666666666666,0.0,0.3333333333333333,0.0027012878546599757,1.0,0.9182958340544896
249000,3MIDD_048,6,0.3333333333333333,0.6666666666666666,0.0,0.3333333333333333,0.6666666666666666,0.0,-0.003612449900035325,-1.0,0.9182958340544896
249000,3MIDD_207,6,1.0,0.0,0.0,0.8333333333333334,0.0,0.16666666666666666,0.009463169223015575,1.0,0.6500224216483541
249000,4MIDD_085_170,6,0.8333333333333334,0.16666666666666666,0.0,0.8333333333333334,0.16666666666666666,0.0,0.0035882868026999013,1.0,0.6500224216483541
250000,3MIDD_048,6,0.3333333333333333,0.6666666666666666,0.0,0.3333333333333333,0.6666666666666666,0.0,-0.0037466715388352,-1.0,0.9182958340544896
250000,3MIDD_207,6,1.0,0.0,0.0,0.8333333333333334,0.0,0.16666666666666666,0.008750089620486824,1.0,0.6500224216483541
250000,4MIDD_085_170,6,1.0,0.0,0.0,0.8333333333333334,0.0,0.16666666666666666,0.004652122456049624,1.0,0.6500224216483541
