seed,group,support,threshold,definition,crossing_step,crossed,last_observed_step,end_persistence_unevaluable
0,3MIDD_048,common_100k,0.0005,first,24000.0,True,100000,False
0,3MIDD_048,common_100k,0.0005,persistent_three_regular,24000.0,True,100000,False
0,3MIDD_048,common_100k,0.001,first,25000.0,True,100000,False
0,3MIDD_048,common_100k,0.001,persistent_three_regular,25000.0,True,100000,False
0,3MIDD_048,common_100k,0.002,first,27000.0,True,100000,False
0,3MIDD_048,common_100k,0.002,persistent_three_regular,27000.0,True,100000,False
0,3MIDD_048,common_100k,0.005,first,30000.0,True,100000,False
0,3MIDD_048,common_100k,0.005,persistent_three_regular,30000.0,True,100000,False
0,3MIDD_048,full_followup,0.0005,first,24000.0,True,250000,False
0,3MIDD_048,full_followup,0.0005,persistent_three_regular,24000.0,True,250000,False
0,3MIDD_048,full_followup,0.001,first,25000.0,True,250000,False
0,3MIDD_048,full_followup,0.001,persistent_three_regular,25000.0,True,250000,False
0,3MIDD_048,full_followup,0.002,first,27000.0,True,250000,False
0,3MIDD_048,full_followup,0.002,persistent_three_regular,27000.0,True,250000,False
0,3MIDD_048,full_followup,0.005,first,30000.0,True,250000,False
0,3MIDD_048,full_followup,0.005,persistent_three_regular,30000.0,True,250000,False
0,3MIDD_207,common_100k,0.0005,first,25000.0,True,100000,False
0,3MIDD_207,common_100k,0.0005,persistent_three_regular,25000.0,True,100000,False
0,3MIDD_207,common_100k,0.001,first,25000.0,True,100000,False
0,3MIDD_207,common_100k,0.001,persistent_three_regular,25000.0,True,100000,False
0,3MIDD_207,common_100k,0.002,first,26000.0,True,100000,False
0,3MIDD_207,common_100k,0.002,persistent_three_regular,26000.0,True,100000,False
0,3MIDD_207,common_100k,0.005,first,26000.0,True,100000,False
0,3MIDD_207,common_100k,0.005,persistent_three_regular,26000.0,True,100000,False
0,3MIDD_207,full_followup,0.0005,first,25000.0,True,250000,False
0,3MIDD_207,full_followup,0.0005,persistent_three_regular,25000.0,True,250000,False
0,3MIDD_207,full_followup,0.001,first,25000.0,True,250000,False
0,3MIDD_207,full_followup,0.001,persistent_three_regular,25000.0,True,250000,False
0,3MIDD_207,full_followup,0.002,first,26000.0,True,250000,False
0,3MIDD_207,full_followup,0.002,persistent_three_regular,26000.0,True,250000,False
0,3MIDD_207,full_followup,0.005,first,26000.0,True,250000,False
0,3MIDD_207,full_followup,0.005,persistent_three_regular,26000.0,True,250000,False
0,4MIDD_085_170,common_100k,0.0005,first,26000.0,True,100000,False
0,4MIDD_085_170,common_100k,0.0005,persistent_three_regular,26000.0,True,100000,False
0,4MIDD_085_170,common_100k,0.001,first,26000.0,True,100000,False
0,4MIDD_085_170,common_100k,0.001,persistent_three_regular,26000.0,True,100000,False
0,4MIDD_085_170,common_100k,0.002,first,26000.0,True,100000,False
0,4MIDD_085_170,common_100k,0.002,persistent_three_regular,26000.0,True,100000,False
0,4MIDD_085_170,common_100k,0.005,first,26000.0,True,100000,False
0,4MIDD_085_170,common_100k,0.005,persistent_three_regular,26000.0,True,100000,False
0,4MIDD_085_170,full_followup,0.0005,first,26000.0,True,250000,False
0,4MIDD_085_170,full_followup,0.0005,persistent_three_regular,26000.0,True,250000,False
0,4MIDD_085_170,full_followup,0.001,first,26000.0,True,250000,False
0,4MIDD_085_170,full_followup,0.001,persistent_three_regular,26000.0,True,250000,False
0,4MIDD_085_170,full_followup,0.002,first,26000.0,True,250000,False
0,4MIDD_085_170,full_followup,0.002,persistent_three_regular,26000.0,True,250000,False
0,4MIDD_085_170,full_followup,0.005,first,26000.0,True,250000,False
0,4MIDD_085_170,full_followup,0.005,persistent_three_regular,26000.0,True,250000,False
1,3MIDD_048,common_100k,0.0005,first,17000.0,True,100000,False
1,3MIDD_048,common_100k,0.0005,persistent_three_regular,24000.0,True,100000,False
1,3MIDD_048,common_100k,0.001,first,17000.0,True,100000,False
1,3MIDD_048,common_100k,0.001,persistent_three_regular,24000.0,True,100000,False
1,3MIDD_048,common_100k,0.002,first,25000.0,True,100000,False
1,3MIDD_048,common_100k,0.002,persistent_three_regular,25000.0,True,100000,False
1,3MIDD_048,common_100k,0.005,first,27000.0,True,100000,False
1,3MIDD_048,common_100k,0.005,persistent_three_regular,27000.0,True,100000,False
1,3MIDD_048,full_followup,0.0005,first,17000.0,True,250000,False
1,3MIDD_048,full_followup,0.0005,persistent_three_regular,24000.0,True,250000,False
1,3MIDD_048,full_followup,0.001,first,17000.0,True,250000,False
1,3MIDD_048,full_followup,0.001,persistent_three_regular,24000.0,True,250000,False
1,3MIDD_048,full_followup,0.002,first,25000.0,True,250000,False
1,3MIDD_048,full_followup,0.002,persistent_three_regular,25000.0,True,250000,False
1,3MIDD_048,full_followup,0.005,first,27000.0,True,250000,False
1,3MIDD_048,full_followup,0.005,persistent_three_regular,27000.0,True,250000,False
1,3MIDD_207,common_100k,0.0005,first,17000.0,True,100000,False
1,3MIDD_207,common_100k,0.0005,persistent_three_regular,26000.0,True,100000,False
1,3MIDD_207,common_100k,0.001,first,17000.0,True,100000,False
1,3MIDD_207,common_100k,0.001,persistent_three_regular,26000.0,True,100000,False
1,3MIDD_207,common_100k,0.002,first,26000.0,True,100000,False
1,3MIDD_207,common_100k,0.002,persistent_three_regular,26000.0,True,100000,False
1,3MIDD_207,common_100k,0.005,first,26000.0,True,100000,False
1,3MIDD_207,common_100k,0.005,persistent_three_regular,26000.0,True,100000,False
1,3MIDD_207,full_followup,0.0005,first,17000.0,True,250000,False
1,3MIDD_207,full_followup,0.0005,persistent_three_regular,26000.0,True,250000,False
1,3MIDD_207,full_followup,0.001,first,17000.0,True,250000,False
1,3MIDD_207,full_followup,0.001,persistent_three_regular,26000.0,True,250000,False
1,3MIDD_207,full_followup,0.002,first,26000.0,True,250000,False
1,3MIDD_207,full_followup,0.002,persistent_three_regular,26000.0,True,250000,False
1,3MIDD_207,full_followup,0.005,first,26000.0,True,250000,False
1,3MIDD_207,full_followup,0.005,persistent_three_regular,26000.0,True,250000,False
1,4MIDD_085_170,common_100k,0.0005,first,21000.0,True,100000,False
1,4MIDD_085_170,common_100k,0.0005,persistent_three_regular,23000.0,True,100000,False
1,4MIDD_085_170,common_100k,0.001,first,21000.0,True,100000,False
1,4MIDD_085_170,common_100k,0.001,persistent_three_regular,23000.0,True,100000,False
1,4MIDD_085_170,common_100k,0.002,first,23000.0,True,100000,False
1,4MIDD_085_170,common_100k,0.002,persistent_three_regular,23000.0,True,100000,False
1,4MIDD_085_170,common_100k,0.005,first,25000.0,True,100000,False
1,4MIDD_085_170,common_100k,0.005,persistent_three_regular,25000.0,True,100000,False
1,4MIDD_085_170,full_followup,0.0005,first,21000.0,True,250000,False
1,4MIDD_085_170,full_followup,0.0005,persistent_three_regular,23000.0,True,250000,False
1,4MIDD_085_170,full_followup,0.001,first,21000.0,True,250000,False
1,4MIDD_085_170,full_followup,0.001,persistent_three_regular,23000.0,True,250000,False
1,4MIDD_085_170,full_followup,0.002,first,23000.0,True,250000,False
1,4MIDD_085_170,full_followup,0.002,persistent_three_regular,23000.0,True,250000,False
1,4MIDD_085_170,full_followup,0.005,first,25000.0,True,250000,False
1,4MIDD_085_170,full_followup,0.005,persistent_three_regular,25000.0,True,250000,False
2,3MIDD_048,common_100k,0.0005,first,27000.0,True,100000,False
2,3MIDD_048,common_100k,0.0005,persistent_three_regular,31000.0,True,100000,False
2,3MIDD_048,common_100k,0.001,first,33000.0,True,100000,False
2,3MIDD_048,common_100k,0.001,persistent_three_regular,33000.0,True,100000,False
2,3MIDD_048,common_100k,0.002,first,34000.0,True,100000,False
2,3MIDD_048,common_100k,0.002,persistent_three_regular,34000.0,True,100000,False
2,3MIDD_048,common_100k,0.005,first,34000.0,True,100000,False
2,3MIDD_048,common_100k,0.005,persistent_three_regular,34000.0,True,100000,False
2,3MIDD_048,full_followup,0.0005,first,27000.0,True,250000,False
2,3MIDD_048,full_followup,0.0005,persistent_three_regular,31000.0,True,250000,False
2,3MIDD_048,full_followup,0.001,first,33000.0,True,250000,False
2,3MIDD_048,full_followup,0.001,persistent_three_regular,33000.0,True,250000,False
2,3MIDD_048,full_followup,0.002,first,34000.0,True,250000,False
2,3MIDD_048,full_followup,0.002,persistent_three_regular,34000.0,True,250000,False
2,3MIDD_048,full_followup,0.005,first,34000.0,True,250000,False
2,3MIDD_048,full_followup,0.005,persistent_three_regular,34000.0,True,250000,False
2,3MIDD_207,common_100k,0.0005,first,17000.0,True,100000,False
2,3MIDD_207,common_100k,0.0005,persistent_three_regular,30000.0,True,100000,False
2,3MIDD_207,common_100k,0.001,first,32000.0,True,100000,False
2,3MIDD_207,common_100k,0.001,persistent_three_regular,32000.0,True,100000,False
2,3MIDD_207,common_100k,0.002,first,32000.0,True,100000,False
2,3MIDD_207,common_100k,0.002,persistent_three_regular,32000.0,True,100000,False
2,3MIDD_207,common_100k,0.005,first,34000.0,True,100000,False
2,3MIDD_207,common_100k,0.005,persistent_three_regular,34000.0,True,100000,False
2,3MIDD_207,full_followup,0.0005,first,17000.0,True,250000,False
2,3MIDD_207,full_followup,0.0005,persistent_three_regular,30000.0,True,250000,False
2,3MIDD_207,full_followup,0.001,first,32000.0,True,250000,False
2,3MIDD_207,full_followup,0.001,persistent_three_regular,32000.0,True,250000,False
2,3MIDD_207,full_followup,0.002,first,32000.0,True,250000,False
2,3MIDD_207,full_followup,0.002,persistent_three_regular,32000.0,True,250000,False
2,3MIDD_207,full_followup,0.005,first,34000.0,True,250000,False
2,3MIDD_207,full_followup,0.005,persistent_three_regular,34000.0,True,250000,False
2,4MIDD_085_170,common_100k,0.0005,first,24000.0,True,100000,False
2,4MIDD_085_170,common_100k,0.0005,persistent_three_regular,32000.0,True,100000,False
2,4MIDD_085_170,common_100k,0.001,first,32000.0,True,100000,False
2,4MIDD_085_170,common_100k,0.001,persistent_three_regular,32000.0,True,100000,False
2,4MIDD_085_170,common_100k,0.002,first,32000.0,True,100000,False
2,4MIDD_085_170,common_100k,0.002,persistent_three_regular,32000.0,True,100000,False
2,4MIDD_085_170,common_100k,0.005,first,34000.0,True,100000,False
2,4MIDD_085_170,common_100k,0.005,persistent_three_regular,34000.0,True,100000,False
2,4MIDD_085_170,full_followup,0.0005,first,24000.0,True,250000,False
2,4MIDD_085_170,full_followup,0.0005,persistent_three_regular,32000.0,True,250000,False
2,4MIDD_085_170,full_followup,0.001,first,32000.0,True,250000,False
2,4MIDD_085_170,full_followup,0.001,persistent_three_regular,32000.0,True,250000,False
2,4MIDD_085_170,full_followup,0.002,first,32000.0,True,250000,False
2,4MIDD_085_170,full_followup,0.002,persistent_three_regular,32000.0,True,250000,False
2,4MIDD_085_170,full_followup,0.005,first,34000.0,True,250000,False
2,4MIDD_085_170,full_followup,0.005,persistent_three_regular,34000.0,True,250000,False
3,3MIDD_048,common_100k,0.0005,first,30000.0,True,100000,False
3,3MIDD_048,common_100k,0.0005,persistent_three_regular,30000.0,True,100000,False
3,3MIDD_048,common_100k,0.001,first,33000.0,True,100000,False
3,3MIDD_048,common_100k,0.001,persistent_three_regular,33000.0,True,100000,False
3,3MIDD_048,common_100k,0.002,first,36000.0,True,100000,False
3,3MIDD_048,common_100k,0.002,persistent_three_regular,36000.0,True,100000,False
3,3MIDD_048,common_100k,0.005,first,,False,100000,False
3,3MIDD_048,common_100k,0.005,persistent_three_regular,,False,100000,False
3,3MIDD_048,full_followup,0.0005,first,30000.0,True,250000,False
3,3MIDD_048,full_followup,0.0005,persistent_three_regular,30000.0,True,250000,False
3,3MIDD_048,full_followup,0.001,first,33000.0,True,250000,False
3,3MIDD_048,full_followup,0.001,persistent_three_regular,33000.0,True,250000,False
3,3MIDD_048,full_followup,0.002,first,36000.0,True,250000,False
3,3MIDD_048,full_followup,0.002,persistent_three_regular,36000.0,True,250000,False
3,3MIDD_048,full_followup,0.005,first,,False,250000,False
3,3MIDD_048,full_followup,0.005,persistent_three_regular,,False,250000,False
3,3MIDD_207,common_100k,0.0005,first,21000.0,True,100000,False
3,3MIDD_207,common_100k,0.0005,persistent_three_regular,25000.0,True,100000,False
3,3MIDD_207,common_100k,0.001,first,33000.0,True,100000,False
3,3MIDD_207,common_100k,0.001,persistent_three_regular,33000.0,True,100000,False
3,3MIDD_207,common_100k,0.002,first,37000.0,True,100000,False
3,3MIDD_207,common_100k,0.002,persistent_three_regular,41000.0,True,100000,False
3,3MIDD_207,common_100k,0.005,first,,False,100000,False
3,3MIDD_207,common_100k,0.005,persistent_three_regular,,False,100000,False
3,3MIDD_207,full_followup,0.0005,first,21000.0,True,250000,False
3,3MIDD_207,full_followup,0.0005,persistent_three_regular,25000.0,True,250000,False
3,3MIDD_207,full_followup,0.001,first,33000.0,True,250000,False
3,3MIDD_207,full_followup,0.001,persistent_three_regular,33000.0,True,250000,False
3,3MIDD_207,full_followup,0.002,first,37000.0,True,250000,False
3,3MIDD_207,full_followup,0.002,persistent_three_regular,41000.0,True,250000,False
3,3MIDD_207,full_followup,0.005,first,197000.0,True,250000,False
3,3MIDD_207,full_followup,0.005,persistent_three_regular,209000.0,True,250000,False
3,4MIDD_085_170,common_100k,0.0005,first,21000.0,True,100000,False
3,4MIDD_085_170,common_100k,0.0005,persistent_three_regular,42000.0,True,100000,False
3,4MIDD_085_170,common_100k,0.001,first,21000.0,True,100000,False
3,4MIDD_085_170,common_100k,0.001,persistent_three_regular,50000.0,True,100000,False
3,4MIDD_085_170,common_100k,0.002,first,55000.0,True,100000,False
3,4MIDD_085_170,common_100k,0.002,persistent_three_regular,73000.0,True,100000,False
3,4MIDD_085_170,common_100k,0.005,first,,False,100000,False
3,4MIDD_085_170,common_100k,0.005,persistent_three_regular,,False,100000,False
3,4MIDD_085_170,full_followup,0.0005,first,21000.0,True,250000,False
3,4MIDD_085_170,full_followup,0.0005,persistent_three_regular,42000.0,True,250000,False
3,4MIDD_085_170,full_followup,0.001,first,21000.0,True,250000,False
3,4MIDD_085_170,full_followup,0.001,persistent_three_regular,50000.0,True,250000,False
3,4MIDD_085_170,full_followup,0.002,first,55000.0,True,250000,False
3,4MIDD_085_170,full_followup,0.002,persistent_three_regular,73000.0,True,250000,False
3,4MIDD_085_170,full_followup,0.005,first,,False,250000,False
3,4MIDD_085_170,full_followup,0.005,persistent_three_regular,,False,250000,False
4,3MIDD_048,common_100k,0.0005,first,21000.0,True,100000,False
4,3MIDD_048,common_100k,0.0005,persistent_three_regular,21000.0,True,100000,False
4,3MIDD_048,common_100k,0.001,first,25000.0,True,100000,False
4,3MIDD_048,common_100k,0.001,persistent_three_regular,25000.0,True,100000,False
4,3MIDD_048,common_100k,0.002,first,26000.0,True,100000,False
4,3MIDD_048,common_100k,0.002,persistent_three_regular,26000.0,True,100000,False
4,3MIDD_048,common_100k,0.005,first,31000.0,True,100000,False
4,3MIDD_048,common_100k,0.005,persistent_three_regular,31000.0,True,100000,False
4,3MIDD_048,full_followup,0.0005,first,21000.0,True,100000,False
4,3MIDD_048,full_followup,0.0005,persistent_three_regular,21000.0,True,100000,False
4,3MIDD_048,full_followup,0.001,first,25000.0,True,100000,False
4,3MIDD_048,full_followup,0.001,persistent_three_regular,25000.0,True,100000,False
4,3MIDD_048,full_followup,0.002,first,26000.0,True,100000,False
4,3MIDD_048,full_followup,0.002,persistent_three_regular,26000.0,True,100000,False
4,3MIDD_048,full_followup,0.005,first,31000.0,True,100000,False
4,3MIDD_048,full_followup,0.005,persistent_three_regular,31000.0,True,100000,False
4,3MIDD_207,common_100k,0.0005,first,23000.0,True,100000,False
4,3MIDD_207,common_100k,0.0005,persistent_three_regular,23000.0,True,100000,False
4,3MIDD_207,common_100k,0.001,first,27000.0,True,100000,False
4,3MIDD_207,common_100k,0.001,persistent_three_regular,27000.0,True,100000,False
4,3MIDD_207,common_100k,0.002,first,27000.0,True,100000,False
4,3MIDD_207,common_100k,0.002,persistent_three_regular,35000.0,True,100000,False
4,3MIDD_207,common_100k,0.005,first,28000.0,True,100000,False
4,3MIDD_207,common_100k,0.005,persistent_three_regular,36000.0,True,100000,False
4,3MIDD_207,full_followup,0.0005,first,23000.0,True,100000,False
4,3MIDD_207,full_followup,0.0005,persistent_three_regular,23000.0,True,100000,False
4,3MIDD_207,full_followup,0.001,first,27000.0,True,100000,False
4,3MIDD_207,full_followup,0.001,persistent_three_regular,27000.0,True,100000,False
4,3MIDD_207,full_followup,0.002,first,27000.0,True,100000,False
4,3MIDD_207,full_followup,0.002,persistent_three_regular,35000.0,True,100000,False
4,3MIDD_207,full_followup,0.005,first,28000.0,True,100000,False
4,3MIDD_207,full_followup,0.005,persistent_three_regular,36000.0,True,100000,False
4,4MIDD_085_170,common_100k,0.0005,first,21000.0,True,100000,False
4,4MIDD_085_170,common_100k,0.0005,persistent_three_regular,29000.0,True,100000,False
4,4MIDD_085_170,common_100k,0.001,first,26000.0,True,100000,False
4,4MIDD_085_170,common_100k,0.001,persistent_three_regular,29000.0,True,100000,False
4,4MIDD_085_170,common_100k,0.002,first,26000.0,True,100000,False
4,4MIDD_085_170,common_100k,0.002,persistent_three_regular,29000.0,True,100000,False
4,4MIDD_085_170,common_100k,0.005,first,31000.0,True,100000,False
4,4MIDD_085_170,common_100k,0.005,persistent_three_regular,31000.0,True,100000,False
4,4MIDD_085_170,full_followup,0.0005,first,21000.0,True,100000,False
4,4MIDD_085_170,full_followup,0.0005,persistent_three_regular,29000.0,True,100000,False
4,4MIDD_085_170,full_followup,0.001,first,26000.0,True,100000,False
4,4MIDD_085_170,full_followup,0.001,persistent_three_regular,29000.0,True,100000,False
4,4MIDD_085_170,full_followup,0.002,first,26000.0,True,100000,False
4,4MIDD_085_170,full_followup,0.002,persistent_three_regular,29000.0,True,100000,False
4,4MIDD_085_170,full_followup,0.005,first,31000.0,True,100000,False
4,4MIDD_085_170,full_followup,0.005,persistent_three_regular,31000.0,True,100000,False
5,3MIDD_048,common_100k,0.0005,first,31000.0,True,100000,False
5,3MIDD_048,common_100k,0.0005,persistent_three_regular,31000.0,True,100000,False
5,3MIDD_048,common_100k,0.001,first,31000.0,True,100000,False
5,3MIDD_048,common_100k,0.001,persistent_three_regular,31000.0,True,100000,False
5,3MIDD_048,common_100k,0.002,first,33000.0,True,100000,False
5,3MIDD_048,common_100k,0.002,persistent_three_regular,35000.0,True,100000,False
5,3MIDD_048,common_100k,0.005,first,38000.0,True,100000,False
5,3MIDD_048,common_100k,0.005,persistent_three_regular,61000.0,True,100000,False
5,3MIDD_048,full_followup,0.0005,first,31000.0,True,100000,False
5,3MIDD_048,full_followup,0.0005,persistent_three_regular,31000.0,True,100000,False
5,3MIDD_048,full_followup,0.001,first,31000.0,True,100000,False
5,3MIDD_048,full_followup,0.001,persistent_three_regular,31000.0,True,100000,False
5,3MIDD_048,full_followup,0.002,first,33000.0,True,100000,False
5,3MIDD_048,full_followup,0.002,persistent_three_regular,35000.0,True,100000,False
5,3MIDD_048,full_followup,0.005,first,38000.0,True,100000,False
5,3MIDD_048,full_followup,0.005,persistent_three_regular,61000.0,True,100000,False
5,3MIDD_207,common_100k,0.0005,first,27000.0,True,100000,False
5,3MIDD_207,common_100k,0.0005,persistent_three_regular,31000.0,True,100000,False
5,3MIDD_207,common_100k,0.001,first,32000.0,True,100000,False
5,3MIDD_207,common_100k,0.001,persistent_three_regular,35000.0,True,100000,False
5,3MIDD_207,common_100k,0.002,first,33000.0,True,100000,False
5,3MIDD_207,common_100k,0.002,persistent_three_regular,35000.0,True,100000,False
5,3MIDD_207,common_100k,0.005,first,35000.0,True,100000,False
5,3MIDD_207,common_100k,0.005,persistent_three_regular,50000.0,True,100000,False
5,3MIDD_207,full_followup,0.0005,first,27000.0,True,100000,False
5,3MIDD_207,full_followup,0.0005,persistent_three_regular,31000.0,True,100000,False
5,3MIDD_207,full_followup,0.001,first,32000.0,True,100000,False
5,3MIDD_207,full_followup,0.001,persistent_three_regular,35000.0,True,100000,False
5,3MIDD_207,full_followup,0.002,first,33000.0,True,100000,False
5,3MIDD_207,full_followup,0.002,persistent_three_regular,35000.0,True,100000,False
5,3MIDD_207,full_followup,0.005,first,35000.0,True,100000,False
5,3MIDD_207,full_followup,0.005,persistent_three_regular,50000.0,True,100000,False
5,4MIDD_085_170,common_100k,0.0005,first,32000.0,True,100000,False
5,4MIDD_085_170,common_100k,0.0005,persistent_three_regular,32000.0,True,100000,False
5,4MIDD_085_170,common_100k,0.001,first,32000.0,True,100000,False
5,4MIDD_085_170,common_100k,0.001,persistent_three_regular,32000.0,True,100000,False
5,4MIDD_085_170,common_100k,0.002,first,32000.0,True,100000,False
5,4MIDD_085_170,common_100k,0.002,persistent_three_regular,32000.0,True,100000,False
5,4MIDD_085_170,common_100k,0.005,first,35000.0,True,100000,False
5,4MIDD_085_170,common_100k,0.005,persistent_three_regular,68000.0,True,100000,False
5,4MIDD_085_170,full_followup,0.0005,first,32000.0,True,100000,False
5,4MIDD_085_170,full_followup,0.0005,persistent_three_regular,32000.0,True,100000,False
5,4MIDD_085_170,full_followup,0.001,first,32000.0,True,100000,False
5,4MIDD_085_170,full_followup,0.001,persistent_three_regular,32000.0,True,100000,False
5,4MIDD_085_170,full_followup,0.002,first,32000.0,True,100000,False
5,4MIDD_085_170,full_followup,0.002,persistent_three_regular,32000.0,True,100000,False
5,4MIDD_085_170,full_followup,0.005,first,35000.0,True,100000,False
5,4MIDD_085_170,full_followup,0.005,persistent_three_regular,68000.0,True,100000,False
6,3MIDD_048,common_100k,0.0005,first,20000.0,True,100000,False
6,3MIDD_048,common_100k,0.0005,persistent_three_regular,28000.0,True,100000,False
6,3MIDD_048,common_100k,0.001,first,29000.0,True,100000,False
6,3MIDD_048,common_100k,0.001,persistent_three_regular,29000.0,True,100000,False
6,3MIDD_048,common_100k,0.002,first,29000.0,True,100000,False
6,3MIDD_048,common_100k,0.002,persistent_three_regular,29000.0,True,100000,False
6,3MIDD_048,common_100k,0.005,first,30000.0,True,100000,False
6,3MIDD_048,common_100k,0.005,persistent_three_regular,32000.0,True,100000,False
6,3MIDD_048,full_followup,0.0005,first,20000.0,True,100000,False
6,3MIDD_048,full_followup,0.0005,persistent_three_regular,28000.0,True,100000,False
6,3MIDD_048,full_followup,0.001,first,29000.0,True,100000,False
6,3MIDD_048,full_followup,0.001,persistent_three_regular,29000.0,True,100000,False
6,3MIDD_048,full_followup,0.002,first,29000.0,True,100000,False
6,3MIDD_048,full_followup,0.002,persistent_three_regular,29000.0,True,100000,False
6,3MIDD_048,full_followup,0.005,first,30000.0,True,100000,False
6,3MIDD_048,full_followup,0.005,persistent_three_regular,32000.0,True,100000,False
6,3MIDD_207,common_100k,0.0005,first,25000.0,True,100000,False
6,3MIDD_207,common_100k,0.0005,persistent_three_regular,25000.0,True,100000,False
6,3MIDD_207,common_100k,0.001,first,27000.0,True,100000,False
6,3MIDD_207,common_100k,0.001,persistent_three_regular,27000.0,True,100000,False
6,3MIDD_207,common_100k,0.002,first,29000.0,True,100000,False
6,3MIDD_207,common_100k,0.002,persistent_three_regular,31000.0,True,100000,False
6,3MIDD_207,common_100k,0.005,first,31000.0,True,100000,False
6,3MIDD_207,common_100k,0.005,persistent_three_regular,31000.0,True,100000,False
6,3MIDD_207,full_followup,0.0005,first,25000.0,True,100000,False
6,3MIDD_207,full_followup,0.0005,persistent_three_regular,25000.0,True,100000,False
6,3MIDD_207,full_followup,0.001,first,27000.0,True,100000,False
6,3MIDD_207,full_followup,0.001,persistent_three_regular,27000.0,True,100000,False
6,3MIDD_207,full_followup,0.002,first,29000.0,True,100000,False
6,3MIDD_207,full_followup,0.002,persistent_three_regular,31000.0,True,100000,False
6,3MIDD_207,full_followup,0.005,first,31000.0,True,100000,False
6,3MIDD_207,full_followup,0.005,persistent_three_regular,31000.0,True,100000,False
6,4MIDD_085_170,common_100k,0.0005,first,23000.0,True,100000,False
6,4MIDD_085_170,common_100k,0.0005,persistent_three_regular,25000.0,True,100000,False
6,4MIDD_085_170,common_100k,0.001,first,27000.0,True,100000,False
6,4MIDD_085_170,common_100k,0.001,persistent_three_regular,27000.0,True,100000,False
6,4MIDD_085_170,common_100k,0.002,first,29000.0,True,100000,False
6,4MIDD_085_170,common_100k,0.002,persistent_three_regular,36000.0,True,100000,False
6,4MIDD_085_170,common_100k,0.005,first,38000.0,True,100000,False
6,4MIDD_085_170,common_100k,0.005,persistent_three_regular,45000.0,True,100000,False
6,4MIDD_085_170,full_followup,0.0005,first,23000.0,True,100000,False
6,4MIDD_085_170,full_followup,0.0005,persistent_three_regular,25000.0,True,100000,False
6,4MIDD_085_170,full_followup,0.001,first,27000.0,True,100000,False
6,4MIDD_085_170,full_followup,0.001,persistent_three_regular,27000.0,True,100000,False
6,4MIDD_085_170,full_followup,0.002,first,29000.0,True,100000,False
6,4MIDD_085_170,full_followup,0.002,persistent_three_regular,36000.0,True,100000,False
6,4MIDD_085_170,full_followup,0.005,first,38000.0,True,100000,False
6,4MIDD_085_170,full_followup,0.005,persistent_three_regular,45000.0,True,100000,False
7,3MIDD_048,common_100k,0.0005,first,28000.0,True,100000,False
7,3MIDD_048,common_100k,0.0005,persistent_three_regular,49000.0,True,100000,False
7,3MIDD_048,common_100k,0.001,first,49000.0,True,100000,False
7,3MIDD_048,common_100k,0.001,persistent_three_regular,52000.0,True,100000,False
7,3MIDD_048,common_100k,0.002,first,72000.0,True,100000,False
7,3MIDD_048,common_100k,0.002,persistent_three_regular,72000.0,True,100000,False
7,3MIDD_048,common_100k,0.005,first,,False,100000,False
7,3MIDD_048,common_100k,0.005,persistent_three_regular,,False,100000,False
7,3MIDD_048,full_followup,0.0005,first,28000.0,True,227000,False
7,3MIDD_048,full_followup,0.0005,persistent_three_regular,49000.0,True,227000,False
7,3MIDD_048,full_followup,0.001,first,49000.0,True,227000,False
7,3MIDD_048,full_followup,0.001,persistent_three_regular,52000.0,True,227000,False
7,3MIDD_048,full_followup,0.002,first,72000.0,True,227000,False
7,3MIDD_048,full_followup,0.002,persistent_three_regular,72000.0,True,227000,False
7,3MIDD_048,full_followup,0.005,first,171000.0,True,227000,False
7,3MIDD_048,full_followup,0.005,persistent_three_regular,,False,227000,False
7,3MIDD_207,common_100k,0.0005,first,25000.0,True,100000,False
7,3MIDD_207,common_100k,0.0005,persistent_three_regular,48000.0,True,100000,False
7,3MIDD_207,common_100k,0.001,first,49000.0,True,100000,False
7,3MIDD_207,common_100k,0.001,persistent_three_regular,58000.0,True,100000,False
7,3MIDD_207,common_100k,0.002,first,61000.0,True,100000,False
7,3MIDD_207,common_100k,0.002,persistent_three_regular,61000.0,True,100000,False
7,3MIDD_207,common_100k,0.005,first,70000.0,True,100000,False
7,3MIDD_207,common_100k,0.005,persistent_three_regular,80000.0,True,100000,False
7,3MIDD_207,full_followup,0.0005,first,25000.0,True,227000,False
7,3MIDD_207,full_followup,0.0005,persistent_three_regular,48000.0,True,227000,False
7,3MIDD_207,full_followup,0.001,first,49000.0,True,227000,False
7,3MIDD_207,full_followup,0.001,persistent_three_regular,58000.0,True,227000,False
7,3MIDD_207,full_followup,0.002,first,61000.0,True,227000,False
7,3MIDD_207,full_followup,0.002,persistent_three_regular,61000.0,True,227000,False
7,3MIDD_207,full_followup,0.005,first,70000.0,True,227000,False
7,3MIDD_207,full_followup,0.005,persistent_three_regular,80000.0,True,227000,False
7,4MIDD_085_170,common_100k,0.0005,first,47000.0,True,100000,False
7,4MIDD_085_170,common_100k,0.0005,persistent_three_regular,47000.0,True,100000,False
7,4MIDD_085_170,common_100k,0.001,first,51000.0,True,100000,False
7,4MIDD_085_170,common_100k,0.001,persistent_three_regular,56000.0,True,100000,False
7,4MIDD_085_170,common_100k,0.002,first,56000.0,True,100000,False
7,4MIDD_085_170,common_100k,0.002,persistent_three_regular,63000.0,True,100000,False
7,4MIDD_085_170,common_100k,0.005,first,,False,100000,False
7,4MIDD_085_170,common_100k,0.005,persistent_three_regular,,False,100000,False
7,4MIDD_085_170,full_followup,0.0005,first,47000.0,True,227000,False
7,4MIDD_085_170,full_followup,0.0005,persistent_three_regular,47000.0,True,227000,False
7,4MIDD_085_170,full_followup,0.001,first,51000.0,True,227000,False
7,4MIDD_085_170,full_followup,0.001,persistent_three_regular,56000.0,True,227000,False
7,4MIDD_085_170,full_followup,0.002,first,56000.0,True,227000,False
7,4MIDD_085_170,full_followup,0.002,persistent_three_regular,63000.0,True,227000,False
7,4MIDD_085_170,full_followup,0.005,first,,False,227000,False
7,4MIDD_085_170,full_followup,0.005,persistent_three_regular,,False,227000,False
8,3MIDD_048,common_100k,0.0005,first,39000.0,True,100000,False
8,3MIDD_048,common_100k,0.0005,persistent_three_regular,39000.0,True,100000,False
8,3MIDD_048,common_100k,0.001,first,40000.0,True,100000,False
8,3MIDD_048,common_100k,0.001,persistent_three_regular,49000.0,True,100000,False
8,3MIDD_048,common_100k,0.002,first,50000.0,True,100000,False
8,3MIDD_048,common_100k,0.002,persistent_three_regular,58000.0,True,100000,False
8,3MIDD_048,common_100k,0.005,first,58000.0,True,100000,False
8,3MIDD_048,common_100k,0.005,persistent_three_regular,86000.0,True,100000,False
8,3MIDD_048,full_followup,0.0005,first,39000.0,True,250000,False
8,3MIDD_048,full_followup,0.0005,persistent_three_regular,39000.0,True,250000,False
8,3MIDD_048,full_followup,0.001,first,40000.0,True,250000,False
8,3MIDD_048,full_followup,0.001,persistent_three_regular,49000.0,True,250000,False
8,3MIDD_048,full_followup,0.002,first,50000.0,True,250000,False
8,3MIDD_048,full_followup,0.002,persistent_three_regular,58000.0,True,250000,False
8,3MIDD_048,full_followup,0.005,first,58000.0,True,250000,False
8,3MIDD_048,full_followup,0.005,persistent_three_regular,86000.0,True,250000,False
8,3MIDD_207,common_100k,0.0005,first,39000.0,True,100000,False
8,3MIDD_207,common_100k,0.0005,persistent_three_regular,39000.0,True,100000,False
8,3MIDD_207,common_100k,0.001,first,41000.0,True,100000,False
8,3MIDD_207,common_100k,0.001,persistent_three_regular,41000.0,True,100000,False
8,3MIDD_207,common_100k,0.002,first,42000.0,True,100000,False
8,3MIDD_207,common_100k,0.002,persistent_three_regular,44000.0,True,100000,False
8,3MIDD_207,common_100k,0.005,first,45000.0,True,100000,False
8,3MIDD_207,common_100k,0.005,persistent_three_regular,45000.0,True,100000,False
8,3MIDD_207,full_followup,0.0005,first,39000.0,True,250000,False
8,3MIDD_207,full_followup,0.0005,persistent_three_regular,39000.0,True,250000,False
8,3MIDD_207,full_followup,0.001,first,41000.0,True,250000,False
8,3MIDD_207,full_followup,0.001,persistent_three_regular,41000.0,True,250000,False
8,3MIDD_207,full_followup,0.002,first,42000.0,True,250000,False
8,3MIDD_207,full_followup,0.002,persistent_three_regular,44000.0,True,250000,False
8,3MIDD_207,full_followup,0.005,first,45000.0,True,250000,False
8,3MIDD_207,full_followup,0.005,persistent_three_regular,45000.0,True,250000,False
8,4MIDD_085_170,common_100k,0.0005,first,38000.0,True,100000,False
8,4MIDD_085_170,common_100k,0.0005,persistent_three_regular,41000.0,True,100000,False
8,4MIDD_085_170,common_100k,0.001,first,41000.0,True,100000,False
8,4MIDD_085_170,common_100k,0.001,persistent_three_regular,51000.0,True,100000,False
8,4MIDD_085_170,common_100k,0.002,first,49000.0,True,100000,False
8,4MIDD_085_170,common_100k,0.002,persistent_three_regular,54000.0,True,100000,False
8,4MIDD_085_170,common_100k,0.005,first,54000.0,True,100000,False
8,4MIDD_085_170,common_100k,0.005,persistent_three_regular,54000.0,True,100000,False
8,4MIDD_085_170,full_followup,0.0005,first,38000.0,True,250000,False
8,4MIDD_085_170,full_followup,0.0005,persistent_three_regular,41000.0,True,250000,False
8,4MIDD_085_170,full_followup,0.001,first,41000.0,True,250000,False
8,4MIDD_085_170,full_followup,0.001,persistent_three_regular,51000.0,True,250000,False
8,4MIDD_085_170,full_followup,0.002,first,49000.0,True,250000,False
8,4MIDD_085_170,full_followup,0.002,persistent_three_regular,54000.0,True,250000,False
8,4MIDD_085_170,full_followup,0.005,first,54000.0,True,250000,False
8,4MIDD_085_170,full_followup,0.005,persistent_three_regular,54000.0,True,250000,False
9,3MIDD_048,common_100k,0.0005,first,24000.0,True,100000,False
9,3MIDD_048,common_100k,0.0005,persistent_three_regular,24000.0,True,100000,False
9,3MIDD_048,common_100k,0.001,first,25000.0,True,100000,False
9,3MIDD_048,common_100k,0.001,persistent_three_regular,25000.0,True,100000,False
9,3MIDD_048,common_100k,0.002,first,27000.0,True,100000,False
9,3MIDD_048,common_100k,0.002,persistent_three_regular,27000.0,True,100000,False
9,3MIDD_048,common_100k,0.005,first,28000.0,True,100000,False
9,3MIDD_048,common_100k,0.005,persistent_three_regular,28000.0,True,100000,False
9,3MIDD_048,full_followup,0.0005,first,24000.0,True,100000,False
9,3MIDD_048,full_followup,0.0005,persistent_three_regular,24000.0,True,100000,False
9,3MIDD_048,full_followup,0.001,first,25000.0,True,100000,False
9,3MIDD_048,full_followup,0.001,persistent_three_regular,25000.0,True,100000,False
9,3MIDD_048,full_followup,0.002,first,27000.0,True,100000,False
9,3MIDD_048,full_followup,0.002,persistent_three_regular,27000.0,True,100000,False
9,3MIDD_048,full_followup,0.005,first,28000.0,True,100000,False
9,3MIDD_048,full_followup,0.005,persistent_three_regular,28000.0,True,100000,False
9,3MIDD_207,common_100k,0.0005,first,25000.0,True,100000,False
9,3MIDD_207,common_100k,0.0005,persistent_three_regular,25000.0,True,100000,False
9,3MIDD_207,common_100k,0.001,first,26000.0,True,100000,False
9,3MIDD_207,common_100k,0.001,persistent_three_regular,26000.0,True,100000,False
9,3MIDD_207,common_100k,0.002,first,27000.0,True,100000,False
9,3MIDD_207,common_100k,0.002,persistent_three_regular,27000.0,True,100000,False
9,3MIDD_207,common_100k,0.005,first,28000.0,True,100000,False
9,3MIDD_207,common_100k,0.005,persistent_three_regular,28000.0,True,100000,False
9,3MIDD_207,full_followup,0.0005,first,25000.0,True,100000,False
9,3MIDD_207,full_followup,0.0005,persistent_three_regular,25000.0,True,100000,False
9,3MIDD_207,full_followup,0.001,first,26000.0,True,100000,False
9,3MIDD_207,full_followup,0.001,persistent_three_regular,26000.0,True,100000,False
9,3MIDD_207,full_followup,0.002,first,27000.0,True,100000,False
9,3MIDD_207,full_followup,0.002,persistent_three_regular,27000.0,True,100000,False
9,3MIDD_207,full_followup,0.005,first,28000.0,True,100000,False
9,3MIDD_207,full_followup,0.005,persistent_three_regular,28000.0,True,100000,False
9,4MIDD_085_170,common_100k,0.0005,first,27000.0,True,100000,False
9,4MIDD_085_170,common_100k,0.0005,persistent_three_regular,27000.0,True,100000,False
9,4MIDD_085_170,common_100k,0.001,first,27000.0,True,100000,False
9,4MIDD_085_170,common_100k,0.001,persistent_three_regular,27000.0,True,100000,False
9,4MIDD_085_170,common_100k,0.002,first,28000.0,True,100000,False
9,4MIDD_085_170,common_100k,0.002,persistent_three_regular,28000.0,True,100000,False
9,4MIDD_085_170,common_100k,0.005,first,28000.0,True,100000,False
9,4MIDD_085_170,common_100k,0.005,persistent_three_regular,28000.0,True,100000,False
9,4MIDD_085_170,full_followup,0.0005,first,27000.0,True,100000,False
9,4MIDD_085_170,full_followup,0.0005,persistent_three_regular,27000.0,True,100000,False
9,4MIDD_085_170,full_followup,0.001,first,27000.0,True,100000,False
9,4MIDD_085_170,full_followup,0.001,persistent_three_regular,27000.0,True,100000,False
9,4MIDD_085_170,full_followup,0.002,first,28000.0,True,100000,False
9,4MIDD_085_170,full_followup,0.002,persistent_three_regular,28000.0,True,100000,False
9,4MIDD_085_170,full_followup,0.005,first,28000.0,True,100000,False
9,4MIDD_085_170,full_followup,0.005,persistent_three_regular,28000.0,True,100000,False
10,3MIDD_048,common_100k,0.0005,first,27000.0,True,100000,False
10,3MIDD_048,common_100k,0.0005,persistent_three_regular,32000.0,True,100000,False
10,3MIDD_048,common_100k,0.001,first,32000.0,True,100000,False
10,3MIDD_048,common_100k,0.001,persistent_three_regular,37000.0,True,100000,False
10,3MIDD_048,common_100k,0.002,first,38000.0,True,100000,False
10,3MIDD_048,common_100k,0.002,persistent_three_regular,40000.0,True,100000,False
10,3MIDD_048,common_100k,0.005,first,38000.0,True,100000,False
10,3MIDD_048,common_100k,0.005,persistent_three_regular,41000.0,True,100000,False
10,3MIDD_048,full_followup,0.0005,first,27000.0,True,250000,False
10,3MIDD_048,full_followup,0.0005,persistent_three_regular,32000.0,True,250000,False
10,3MIDD_048,full_followup,0.001,first,32000.0,True,250000,False
10,3MIDD_048,full_followup,0.001,persistent_three_regular,37000.0,True,250000,False
10,3MIDD_048,full_followup,0.002,first,38000.0,True,250000,False
10,3MIDD_048,full_followup,0.002,persistent_three_regular,40000.0,True,250000,False
10,3MIDD_048,full_followup,0.005,first,38000.0,True,250000,False
10,3MIDD_048,full_followup,0.005,persistent_three_regular,41000.0,True,250000,False
10,3MIDD_207,common_100k,0.0005,first,30000.0,True,100000,False
10,3MIDD_207,common_100k,0.0005,persistent_three_regular,30000.0,True,100000,False
10,3MIDD_207,common_100k,0.001,first,33000.0,True,100000,False
10,3MIDD_207,common_100k,0.001,persistent_three_regular,37000.0,True,100000,False
10,3MIDD_207,common_100k,0.002,first,37000.0,True,100000,False
10,3MIDD_207,common_100k,0.002,persistent_three_regular,37000.0,True,100000,False
10,3MIDD_207,common_100k,0.005,first,38000.0,True,100000,False
10,3MIDD_207,common_100k,0.005,persistent_three_regular,38000.0,True,100000,False
10,3MIDD_207,full_followup,0.0005,first,30000.0,True,250000,False
10,3MIDD_207,full_followup,0.0005,persistent_three_regular,30000.0,True,250000,False
10,3MIDD_207,full_followup,0.001,first,33000.0,True,250000,False
10,3MIDD_207,full_followup,0.001,persistent_three_regular,37000.0,True,250000,False
10,3MIDD_207,full_followup,0.002,first,37000.0,True,250000,False
10,3MIDD_207,full_followup,0.002,persistent_three_regular,37000.0,True,250000,False
10,3MIDD_207,full_followup,0.005,first,38000.0,True,250000,False
10,3MIDD_207,full_followup,0.005,persistent_three_regular,38000.0,True,250000,False
10,4MIDD_085_170,common_100k,0.0005,first,24000.0,True,100000,False
10,4MIDD_085_170,common_100k,0.0005,persistent_three_regular,29000.0,True,100000,False
10,4MIDD_085_170,common_100k,0.001,first,30000.0,True,100000,False
10,4MIDD_085_170,common_100k,0.001,persistent_three_regular,30000.0,True,100000,False
10,4MIDD_085_170,common_100k,0.002,first,38000.0,True,100000,False
10,4MIDD_085_170,common_100k,0.002,persistent_three_regular,38000.0,True,100000,False
10,4MIDD_085_170,common_100k,0.005,first,38000.0,True,100000,False
10,4MIDD_085_170,common_100k,0.005,persistent_three_regular,41000.0,True,100000,False
10,4MIDD_085_170,full_followup,0.0005,first,24000.0,True,250000,False
10,4MIDD_085_170,full_followup,0.0005,persistent_three_regular,29000.0,True,250000,False
10,4MIDD_085_170,full_followup,0.001,first,30000.0,True,250000,False
10,4MIDD_085_170,full_followup,0.001,persistent_three_regular,30000.0,True,250000,False
10,4MIDD_085_170,full_followup,0.002,first,38000.0,True,250000,False
10,4MIDD_085_170,full_followup,0.002,persistent_three_regular,38000.0,True,250000,False
10,4MIDD_085_170,full_followup,0.005,first,38000.0,True,250000,False
10,4MIDD_085_170,full_followup,0.005,persistent_three_regular,41000.0,True,250000,False
11,3MIDD_048,common_100k,0.0005,first,36000.0,True,100000,False
11,3MIDD_048,common_100k,0.0005,persistent_three_regular,39000.0,True,100000,False
11,3MIDD_048,common_100k,0.001,first,39000.0,True,100000,False
11,3MIDD_048,common_100k,0.001,persistent_three_regular,39000.0,True,100000,False
11,3MIDD_048,common_100k,0.002,first,40000.0,True,100000,False
11,3MIDD_048,common_100k,0.002,persistent_three_regular,40000.0,True,100000,False
11,3MIDD_048,common_100k,0.005,first,41000.0,True,100000,False
11,3MIDD_048,common_100k,0.005,persistent_three_regular,41000.0,True,100000,False
11,3MIDD_048,full_followup,0.0005,first,36000.0,True,100000,False
11,3MIDD_048,full_followup,0.0005,persistent_three_regular,39000.0,True,100000,False
11,3MIDD_048,full_followup,0.001,first,39000.0,True,100000,False
11,3MIDD_048,full_followup,0.001,persistent_three_regular,39000.0,True,100000,False
11,3MIDD_048,full_followup,0.002,first,40000.0,True,100000,False
11,3MIDD_048,full_followup,0.002,persistent_three_regular,40000.0,True,100000,False
11,3MIDD_048,full_followup,0.005,first,41000.0,True,100000,False
11,3MIDD_048,full_followup,0.005,persistent_three_regular,41000.0,True,100000,False
11,3MIDD_207,common_100k,0.0005,first,34000.0,True,100000,False
11,3MIDD_207,common_100k,0.0005,persistent_three_regular,34000.0,True,100000,False
11,3MIDD_207,common_100k,0.001,first,36000.0,True,100000,False
11,3MIDD_207,common_100k,0.001,persistent_three_regular,36000.0,True,100000,False
11,3MIDD_207,common_100k,0.002,first,37000.0,True,100000,False
11,3MIDD_207,common_100k,0.002,persistent_three_regular,37000.0,True,100000,False
11,3MIDD_207,common_100k,0.005,first,38000.0,True,100000,False
11,3MIDD_207,common_100k,0.005,persistent_three_regular,38000.0,True,100000,False
11,3MIDD_207,full_followup,0.0005,first,34000.0,True,100000,False
11,3MIDD_207,full_followup,0.0005,persistent_three_regular,34000.0,True,100000,False
11,3MIDD_207,full_followup,0.001,first,36000.0,True,100000,False
11,3MIDD_207,full_followup,0.001,persistent_three_regular,36000.0,True,100000,False
11,3MIDD_207,full_followup,0.002,first,37000.0,True,100000,False
11,3MIDD_207,full_followup,0.002,persistent_three_regular,37000.0,True,100000,False
11,3MIDD_207,full_followup,0.005,first,38000.0,True,100000,False
11,3MIDD_207,full_followup,0.005,persistent_three_regular,38000.0,True,100000,False
11,4MIDD_085_170,common_100k,0.0005,first,37000.0,True,100000,False
11,4MIDD_085_170,common_100k,0.0005,persistent_three_regular,37000.0,True,100000,False
11,4MIDD_085_170,common_100k,0.001,first,37000.0,True,100000,False
11,4MIDD_085_170,common_100k,0.001,persistent_three_regular,37000.0,True,100000,False
11,4MIDD_085_170,common_100k,0.002,first,38000.0,True,100000,False
11,4MIDD_085_170,common_100k,0.002,persistent_three_regular,38000.0,True,100000,False
11,4MIDD_085_170,common_100k,0.005,first,40000.0,True,100000,False
11,4MIDD_085_170,common_100k,0.005,persistent_three_regular,40000.0,True,100000,False
11,4MIDD_085_170,full_followup,0.0005,first,37000.0,True,100000,False
11,4MIDD_085_170,full_followup,0.0005,persistent_three_regular,37000.0,True,100000,False
11,4MIDD_085_170,full_followup,0.001,first,37000.0,True,100000,False
11,4MIDD_085_170,full_followup,0.001,persistent_three_regular,37000.0,True,100000,False
11,4MIDD_085_170,full_followup,0.002,first,38000.0,True,100000,False
11,4MIDD_085_170,full_followup,0.002,persistent_three_regular,38000.0,True,100000,False
11,4MIDD_085_170,full_followup,0.005,first,40000.0,True,100000,False
11,4MIDD_085_170,full_followup,0.005,persistent_three_regular,40000.0,True,100000,False
12,3MIDD_048,common_100k,0.0005,first,25000.0,True,100000,False
12,3MIDD_048,common_100k,0.0005,persistent_three_regular,25000.0,True,100000,False
12,3MIDD_048,common_100k,0.001,first,32000.0,True,100000,False
12,3MIDD_048,common_100k,0.001,persistent_three_regular,34000.0,True,100000,False
12,3MIDD_048,common_100k,0.002,first,34000.0,True,100000,False
12,3MIDD_048,common_100k,0.002,persistent_three_regular,34000.0,True,100000,False
12,3MIDD_048,common_100k,0.005,first,36000.0,True,100000,False
12,3MIDD_048,common_100k,0.005,persistent_three_regular,36000.0,True,100000,False
12,3MIDD_048,full_followup,0.0005,first,25000.0,True,226000,False
12,3MIDD_048,full_followup,0.0005,persistent_three_regular,25000.0,True,226000,False
12,3MIDD_048,full_followup,0.001,first,32000.0,True,226000,False
12,3MIDD_048,full_followup,0.001,persistent_three_regular,34000.0,True,226000,False
12,3MIDD_048,full_followup,0.002,first,34000.0,True,226000,False
12,3MIDD_048,full_followup,0.002,persistent_three_regular,34000.0,True,226000,False
12,3MIDD_048,full_followup,0.005,first,36000.0,True,226000,False
12,3MIDD_048,full_followup,0.005,persistent_three_regular,36000.0,True,226000,False
12,3MIDD_207,common_100k,0.0005,first,21000.0,True,100000,False
12,3MIDD_207,common_100k,0.0005,persistent_three_regular,30000.0,True,100000,False
12,3MIDD_207,common_100k,0.001,first,31000.0,True,100000,False
12,3MIDD_207,common_100k,0.001,persistent_three_regular,31000.0,True,100000,False
12,3MIDD_207,common_100k,0.002,first,33000.0,True,100000,False
12,3MIDD_207,common_100k,0.002,persistent_three_regular,36000.0,True,100000,False
12,3MIDD_207,common_100k,0.005,first,36000.0,True,100000,False
12,3MIDD_207,common_100k,0.005,persistent_three_regular,36000.0,True,100000,False
12,3MIDD_207,full_followup,0.0005,first,21000.0,True,226000,False
12,3MIDD_207,full_followup,0.0005,persistent_three_regular,30000.0,True,226000,False
12,3MIDD_207,full_followup,0.001,first,31000.0,True,226000,False
12,3MIDD_207,full_followup,0.001,persistent_three_regular,31000.0,True,226000,False
12,3MIDD_207,full_followup,0.002,first,33000.0,True,226000,False
12,3MIDD_207,full_followup,0.002,persistent_three_regular,36000.0,True,226000,False
12,3MIDD_207,full_followup,0.005,first,36000.0,True,226000,False
12,3MIDD_207,full_followup,0.005,persistent_three_regular,36000.0,True,226000,False
12,4MIDD_085_170,common_100k,0.0005,first,32000.0,True,100000,False
12,4MIDD_085_170,common_100k,0.0005,persistent_three_regular,35000.0,True,100000,False
12,4MIDD_085_170,common_100k,0.001,first,33000.0,True,100000,False
12,4MIDD_085_170,common_100k,0.001,persistent_three_regular,35000.0,True,100000,False
12,4MIDD_085_170,common_100k,0.002,first,43000.0,True,100000,False
12,4MIDD_085_170,common_100k,0.002,persistent_three_regular,,False,100000,False
12,4MIDD_085_170,common_100k,0.005,first,,False,100000,False
12,4MIDD_085_170,common_100k,0.005,persistent_three_regular,,False,100000,False
12,4MIDD_085_170,full_followup,0.0005,first,32000.0,True,226000,False
12,4MIDD_085_170,full_followup,0.0005,persistent_three_regular,35000.0,True,226000,False
12,4MIDD_085_170,full_followup,0.001,first,33000.0,True,226000,False
12,4MIDD_085_170,full_followup,0.001,persistent_three_regular,35000.0,True,226000,False
12,4MIDD_085_170,full_followup,0.002,first,43000.0,True,226000,False
12,4MIDD_085_170,full_followup,0.002,persistent_three_regular,,False,226000,False
12,4MIDD_085_170,full_followup,0.005,first,,False,226000,False
12,4MIDD_085_170,full_followup,0.005,persistent_three_regular,,False,226000,False
13,3MIDD_048,common_100k,0.0005,first,26000.0,True,100000,False
13,3MIDD_048,common_100k,0.0005,persistent_three_regular,26000.0,True,100000,False
13,3MIDD_048,common_100k,0.001,first,26000.0,True,100000,False
13,3MIDD_048,common_100k,0.001,persistent_three_regular,32000.0,True,100000,False
13,3MIDD_048,common_100k,0.002,first,33000.0,True,100000,False
13,3MIDD_048,common_100k,0.002,persistent_three_regular,35000.0,True,100000,False
13,3MIDD_048,common_100k,0.005,first,38000.0,True,100000,False
13,3MIDD_048,common_100k,0.005,persistent_three_regular,38000.0,True,100000,False
13,3MIDD_048,full_followup,0.0005,first,26000.0,True,100000,False
13,3MIDD_048,full_followup,0.0005,persistent_three_regular,26000.0,True,100000,False
13,3MIDD_048,full_followup,0.001,first,26000.0,True,100000,False
13,3MIDD_048,full_followup,0.001,persistent_three_regular,32000.0,True,100000,False
13,3MIDD_048,full_followup,0.002,first,33000.0,True,100000,False
13,3MIDD_048,full_followup,0.002,persistent_three_regular,35000.0,True,100000,False
13,3MIDD_048,full_followup,0.005,first,38000.0,True,100000,False
13,3MIDD_048,full_followup,0.005,persistent_three_regular,38000.0,True,100000,False
13,3MIDD_207,common_100k,0.0005,first,21000.0,True,100000,False
13,3MIDD_207,common_100k,0.0005,persistent_three_regular,21000.0,True,100000,False
13,3MIDD_207,common_100k,0.001,first,28000.0,True,100000,False
13,3MIDD_207,common_100k,0.001,persistent_three_regular,34000.0,True,100000,False
13,3MIDD_207,common_100k,0.002,first,34000.0,True,100000,False
13,3MIDD_207,common_100k,0.002,persistent_three_regular,36000.0,True,100000,False
13,3MIDD_207,common_100k,0.005,first,41000.0,True,100000,False
13,3MIDD_207,common_100k,0.005,persistent_three_regular,48000.0,True,100000,False
13,3MIDD_207,full_followup,0.0005,first,21000.0,True,100000,False
13,3MIDD_207,full_followup,0.0005,persistent_three_regular,21000.0,True,100000,False
13,3MIDD_207,full_followup,0.001,first,28000.0,True,100000,False
13,3MIDD_207,full_followup,0.001,persistent_three_regular,34000.0,True,100000,False
13,3MIDD_207,full_followup,0.002,first,34000.0,True,100000,False
13,3MIDD_207,full_followup,0.002,persistent_three_regular,36000.0,True,100000,False
13,3MIDD_207,full_followup,0.005,first,41000.0,True,100000,False
13,3MIDD_207,full_followup,0.005,persistent_three_regular,48000.0,True,100000,False
13,4MIDD_085_170,common_100k,0.0005,first,26000.0,True,100000,False
13,4MIDD_085_170,common_100k,0.0005,persistent_three_regular,28000.0,True,100000,False
13,4MIDD_085_170,common_100k,0.001,first,26000.0,True,100000,False
13,4MIDD_085_170,common_100k,0.001,persistent_three_regular,28000.0,True,100000,False
13,4MIDD_085_170,common_100k,0.002,first,28000.0,True,100000,False
13,4MIDD_085_170,common_100k,0.002,persistent_three_regular,28000.0,True,100000,False
13,4MIDD_085_170,common_100k,0.005,first,37000.0,True,100000,False
13,4MIDD_085_170,common_100k,0.005,persistent_three_regular,43000.0,True,100000,False
13,4MIDD_085_170,full_followup,0.0005,first,26000.0,True,100000,False
13,4MIDD_085_170,full_followup,0.0005,persistent_three_regular,28000.0,True,100000,False
13,4MIDD_085_170,full_followup,0.001,first,26000.0,True,100000,False
13,4MIDD_085_170,full_followup,0.001,persistent_three_regular,28000.0,True,100000,False
13,4MIDD_085_170,full_followup,0.002,first,28000.0,True,100000,False
13,4MIDD_085_170,full_followup,0.002,persistent_three_regular,28000.0,True,100000,False
13,4MIDD_085_170,full_followup,0.005,first,37000.0,True,100000,False
13,4MIDD_085_170,full_followup,0.005,persistent_three_regular,43000.0,True,100000,False
