model_id,renderer,CW_scalar,CCW_scalar,CW_negative,CCW_positive,CW_positive,CCW_negative,CW_ratio,CCW_ratio
flow/0000/000,multi,-7.647664924134748,7.691140164366164,True,True,False,False,36.91012971516146,36.624081345710536
flow/0000/000,single,9.815791055093802,-9.696330350261062,False,False,True,True,39.12284388421098,38.596992108557245
flow/0000/001,multi,-8.443925081496252,8.47024593633049,True,True,False,False,34.87582921641633,34.421582720575806
flow/0000/001,single,10.863987513571164,-10.576016106398649,False,False,True,True,79.35029578345966,75.00951408968595
flow/0000/002,multi,-9.572545001282466,9.782128101468206,True,True,False,False,48.979590536691155,49.38432313840641
flow/0000/002,single,12.58095916754544,-12.986949166818988,False,False,True,True,71.07280498881545,72.59542309689705
flow/0000/003,multi,-8.750643611883433,9.007139025886186,True,True,False,False,35.197151490501,35.59124100254248
flow/0000/003,single,10.655711811980062,-11.181516639687116,False,False,True,True,55.35580005117508,56.906250080747405
flow/0000/004,multi,-9.226387459646395,9.11999659158787,True,True,False,False,34.72379083146342,34.83107523134183
flow/0000/004,single,11.325295865973011,-11.115193673904901,False,False,True,True,36.405539794856885,36.00992033741103
flow/0000/005,multi,-7.783454623462851,7.759107984153414,True,True,False,False,37.70358044534451,38.119693331131984
flow/0000/005,single,9.03301799435169,-8.993076055789011,False,False,True,True,46.198504924981975,46.19556180463587
flow/0000/006,multi,-10.554052787982226,10.874116118579746,True,True,False,False,43.425781374150255,44.22811364555993
flow/0000/006,single,12.874547227367147,-13.370453964873837,False,False,True,True,56.52149954815235,57.899982221205896
flow/0000/007,multi,-8.862742491232122,9.035148407839477,True,True,False,False,42.76525727580173,42.75700440539984
flow/0000/007,single,9.695414430763392,-10.057525193833621,False,False,True,True,35.7944228302072,36.226191887337976
flow/0000/008,multi,-6.720412131776595,6.699433687485172,True,True,False,False,34.48425872021758,34.56075058146055
flow/0000/008,single,8.615618059258932,-8.621209862230996,False,False,True,True,48.6687191442095,48.951273885932046
flow/0000/009,multi,-7.656978629676922,7.751501162782169,True,True,False,False,18.63907152309854,18.65387886140718
flow/0000/009,single,10.480328557725862,-10.399834663699801,False,False,True,True,27.99978646071236,27.50836989226813
