model_id,all_labels_aligned,minimum_absolute_tangent_ratio,minimum_moving_to_static_magnitude_ratio,rotation_flow_detected
000,True,0.9101735353469849,38.59699263142372,True
001,True,0.9214669466018677,75.00951845688452,True
002,True,0.9436384439468384,71.0728080169001,True
003,True,0.9176217913627625,55.35579528169945,True
004,True,0.946360170841217,36.009918945088266,True
005,True,0.9429693818092346,46.19555777032187,True
006,True,0.9445558190345764,56.52149683216124,True
007,True,0.9202131032943726,35.794424744910096,True
008,True,0.9461950659751892,48.668716433309974,True
009,True,0.9438159465789795,27.508373925130538,True
010,True,0.9264807105064392,45.32550902997484,True
011,True,0.9314282536506653,32.390692671477545,True
012,True,0.93067866563797,55.57961235721896,True
013,True,0.9093793630599976,34.665748961846425,True
014,True,0.9244678020477295,38.95939849848368,True
015,True,0.9007968902587891,44.88035175973504,True
016,True,0.9384241104125977,38.89436929643659,True
017,True,0.9272612929344177,29.445040606655475,True
018,True,0.9449452757835388,45.293027482709114,True
019,True,0.9372333884239197,30.057477393101166,True
020,True,0.934821605682373,66.38747911399474,True
021,True,0.9134330749511719,26.56755406606624,True
022,True,0.9391745328903198,83.68564299867072,True
023,True,0.8994582295417786,45.38408686968308,True
024,True,0.9308155179023743,41.908550996356276,True
025,True,0.9334367513656616,25.835382390868343,True
026,True,0.9474793672561646,41.08054150651862,True
027,True,0.9436101317405701,36.64342291997781,True
028,True,0.9129146337509155,30.633413786194794,True
029,True,0.9412556290626526,53.20332507041843,True
030,True,0.9296095967292786,34.66799800111967,True
031,True,0.9329200387001038,34.14809180426638,True
032,True,0.9522377252578735,25.30951545753846,True
033,True,0.9355596303939819,23.490387665108965,True
034,True,0.9455106854438782,49.54230212714017,True
035,True,0.9291892647743225,29.172827644039128,True
036,True,0.9546012282371521,36.91200469351729,True
037,True,0.9149470329284668,27.33256396824119,True
038,True,0.9430944919586182,45.72132158612634,True
039,True,0.9170595407485962,78.32719864951771,True
040,True,0.9552443623542786,39.81180553536392,True
041,True,0.927769124507904,25.5606562984491,True
042,True,0.9287595152854919,38.114733571180174,True
043,True,0.9127669334411621,45.55753296336329,True
044,True,0.9076171517372131,55.78368755518136,True
045,True,0.9179362058639526,16.587551063627764,True
046,True,0.913483738899231,22.661874845222155,True
047,True,0.9417215585708618,48.08918641415298,True
048,True,0.8590269684791565,21.744177776603518,True
049,True,0.05546398088335991,1.04220112175462,False
