model_id,fixed_eval_epe,n_samples,diagnostic_not_held_out,elapsed_seconds
flow/0000/000,4.799515088399251,15,True,6.478927874999499
flow/0000/001,4.726934401194255,15,True,6.439425583999764
flow/0000/002,4.72114995320638,15,True,6.421438083000794
flow/0000/003,4.755510743459066,15,True,6.472989083000357
flow/0000/004,4.852282619476318,15,True,6.395401332999427
flow/0000/005,4.841966946919759,15,True,6.465468459000476
flow/0000/006,4.725083589553833,15,True,6.50483233399973
flow/0000/007,4.74589155515035,15,True,6.485099416999219
flow/0000/008,4.843354876836141,15,True,6.429967000000033
flow/0000/009,4.7773294925689695,15,True,6.919026583000232
flow/0000/010,4.770639085769654,15,True,6.885167041000386
flow/0000/011,4.8281324704488116,15,True,6.930237167000087
flow/0000/012,4.7945915222167965,15,True,6.97791270900052
flow/0000/013,4.83604195912679,15,True,7.227693374999944
flow/0000/014,4.799156379699707,15,True,7.327815042000111
flow/0000/015,4.807579088211059,15,True,6.968568207999851
flow/0000/016,4.79631872177124,15,True,6.953802915999404
flow/0000/017,4.799661986033121,15,True,7.105780790999233
flow/0000/018,4.813164838155111,15,True,7.182000208000318
flow/0000/019,4.847107664744059,15,True,7.334902624999813
flow/0000/020,4.763247966766357,15,True,7.441964999999982
flow/0000/021,4.871921475728353,15,True,7.319592042000295
flow/0000/022,4.842260630925496,15,True,7.5230325419997826
flow/0000/023,4.801886733373006,15,True,7.2897277080001
flow/0000/024,4.750630299250285,15,True,7.335441750000427
flow/0000/025,4.888050985336304,15,True,7.666377250000551
flow/0000/026,4.814795223871867,15,True,7.699273249999351
flow/0000/027,4.875690205891927,15,True,7.882157250000091
flow/0000/028,4.710056177775065,15,True,7.77822954200019
flow/0000/029,4.8075750509897865,15,True,7.82960491599988
flow/0000/030,4.864777723948161,15,True,8.659382499999992
flow/0000/031,4.852779483795166,15,True,8.766482542000631
flow/0000/032,4.8493977069854735,15,True,8.43889845800004
flow/0000/033,4.958943049112956,15,True,8.575684374999582
flow/0000/034,4.817137861251831,15,True,8.427932624999812
flow/0000/035,4.83364561398824,15,True,8.65966516699973
flow/0000/036,4.897295188903809,15,True,8.844756291000522
flow/0000/037,4.887619558970133,15,True,9.617167582999173
flow/0000/038,4.810091845194498,15,True,9.55710474999978
flow/0000/039,4.930864048004151,15,True,8.86693537500014
flow/0000/040,4.845940605799357,15,True,8.118572833000144
flow/0000/041,4.844996468226115,15,True,8.606425916999797
flow/0000/042,4.943923044204712,15,True,9.18591833299979
flow/0000/043,4.8951916535695394,15,True,9.220098957999651
flow/0000/044,4.9639960924784345,15,True,8.868401542000356
flow/0000/045,4.988765891393026,15,True,8.838954750000084
flow/0000/046,5.037850618362427,15,True,8.94276599999921
flow/0000/047,4.9080090363820394,15,True,8.651100584000233
flow/0000/048,5.000057411193848,15,True,8.544298082999376
flow/0000/049,5.374134413401285,15,True,8.178599542000484
