group,phase_fraction,metric,n_models,mean,median,ci_low,ci_high
3MIDD_048,0.0,D,10,-0.0299950304239645,-0.0369735352450194,-0.0520106140979108,-0.0075010934008394
3MIDD_048,0.0,range_abs_A_norm,10,0.2395477794913263,0.2138967664142228,0.1433899381262633,0.3469186692922106
3MIDD_048,0.0,range_abs_S_norm,10,0.0860378400760323,0.0804113850728868,0.0564511151867566,0.118815959484603
3MIDD_048,0.0,canonical_peak_ratio,10,1.0921365514796952,0.5226066096716808,0.4302178494049579,2.01556049994597
3MIDD_048,0.0,spearman_count_absA,10,-0.7857142857142859,-0.8214285714285715,-0.8607142857142858,-0.7071428571428573
3MIDD_048,0.5,D,10,-0.030686371474345,-0.0305372744800143,-0.0438619660107426,-0.0177813965114553
3MIDD_048,0.5,range_abs_A_norm,10,0.2166071248439425,0.1859284954129004,0.1415151877920051,0.2999506166267126
3MIDD_048,0.5,range_abs_S_norm,10,0.0951658817597328,0.0904873002392921,0.0687194355733082,0.1234766340836484
3MIDD_048,0.5,canonical_peak_ratio,10,0.6967635246708472,0.7783995080631987,0.500284202528417,0.8872098792948573
3MIDD_048,0.5,spearman_count_absA,10,-0.7285714285714288,-0.7857142857142858,-0.8750000000000002,-0.5428571428571429
3MIDD_207,0.0,D,10,-0.0321007526319679,-0.0310663648389753,-0.0573373240670366,-0.0086449698433917
3MIDD_207,0.0,range_abs_A_norm,10,0.2381416196698318,0.2477883275505988,0.1788719522880055,0.3020822147358687
3MIDD_207,0.0,range_abs_S_norm,10,0.1038887757393028,0.1049593342377166,0.0788430131721759,0.12786214884878
3MIDD_207,0.0,canonical_peak_ratio,10,0.8583165247903116,0.8697278663030803,0.6358990617377852,1.0527273412525608
3MIDD_207,0.0,spearman_count_absA,10,-0.9000000000000001,-0.9285714285714288,-0.9464285714285716,-0.8464285714285718
3MIDD_207,0.5,D,10,0.0206402909360438,0.0220743503583709,-0.0069963736397211,0.051351982225376
3MIDD_207,0.5,range_abs_A_norm,10,0.2343231854255502,0.2265542162760706,0.1712899763323099,0.3011669522257632
3MIDD_207,0.5,range_abs_S_norm,10,0.1114877002389489,0.105710421345309,0.0800540507717952,0.1440835233567008
3MIDD_207,0.5,canonical_peak_ratio,10,1.4682925061191876,1.4481545441112893,1.2279220472332537,1.7004543938108343
3MIDD_207,0.5,spearman_count_absA,10,-0.8107142857142859,-0.8928571428571429,-0.9178571428571428,-0.675
4MIDD_085_170,0.0,D,10,-0.130919652388572,-0.1550344836964713,-0.1704698789623109,-0.087532896258363
4MIDD_085_170,0.0,range_abs_A_norm,10,0.3578955871137718,0.4193062740603181,0.2452362757632142,0.4617606956182312
4MIDD_085_170,0.0,range_abs_S_norm,10,0.1015371303866984,0.0848133621081794,0.071686741965032,0.139347987859338
4MIDD_085_170,0.0,canonical_peak_ratio,10,2.224928894024694,0.9373900235771478,0.911663743525812,3.7820622194783553
4MIDD_085_170,0.0,spearman_count_absA,10,-0.8214285714285715,-0.8928571428571429,-0.9214285714285716,-0.6714285714285715
4MIDD_085_170,0.5,D,10,-0.1340680256121479,-0.1537331370015048,-0.1666075649033451,-0.0976949790254747
4MIDD_085_170,0.5,range_abs_A_norm,10,0.3334796135851247,0.36231434523568,0.2361020316863271,0.4267541623258276
4MIDD_085_170,0.5,range_abs_S_norm,10,0.1150868239333999,0.1065116187661551,0.0836110203733948,0.1476345633814418
4MIDD_085_170,0.5,canonical_peak_ratio,10,1.2749934652590469,0.810397135367126,0.460942524672249,2.3220490999217054
4MIDD_085_170,0.5,spearman_count_absA,10,-0.7464285714285717,-0.8571428571428573,-0.9000000000000004,-0.5035714285714288
