model_id,ensemble_index,t4c_cluster_id,raw_saved_label,official_validation_loss,cluster_mean_validation_loss,cluster_ordering,flyvis_version,flyvis_commit,t4c_phenotype,t4c_matches_known_direction
flow/0000/000,0,0,1,5.136557016107771,5.297368897171858,ascending mean official validation loss; FlyVis 1.2.0,1.2.0,92b3845cc426dd309a1a0e1b3890156c42e14021,upward-selective,True
flow/0000/001,1,0,1,5.191043282548587,5.297368897171858,ascending mean official validation loss; FlyVis 1.2.0,1.2.0,92b3845cc426dd309a1a0e1b3890156c42e14021,upward-selective,True
flow/0000/002,2,0,1,5.220126933521694,5.297368897171858,ascending mean official validation loss; FlyVis 1.2.0,1.2.0,92b3845cc426dd309a1a0e1b3890156c42e14021,upward-selective,True
flow/0000/003,3,0,1,5.247156386574109,5.297368897171858,ascending mean official validation loss; FlyVis 1.2.0,1.2.0,92b3845cc426dd309a1a0e1b3890156c42e14021,upward-selective,True
flow/0000/004,4,1,2,5.251272684997982,5.31581197276948,ascending mean official validation loss; FlyVis 1.2.0,1.2.0,92b3845cc426dd309a1a0e1b3890156c42e14021,downward-selective,False
flow/0000/005,5,1,2,5.259884989923901,5.31581197276948,ascending mean official validation loss; FlyVis 1.2.0,1.2.0,92b3845cc426dd309a1a0e1b3890156c42e14021,downward-selective,False
flow/0000/006,6,0,1,5.260432350966665,5.297368897171858,ascending mean official validation loss; FlyVis 1.2.0,1.2.0,92b3845cc426dd309a1a0e1b3890156c42e14021,upward-selective,True
flow/0000/007,7,0,1,5.262506523066097,5.297368897171858,ascending mean official validation loss; FlyVis 1.2.0,1.2.0,92b3845cc426dd309a1a0e1b3890156c42e14021,upward-selective,True
flow/0000/008,8,2,0,5.269997964302699,5.357196428019691,ascending mean official validation loss; FlyVis 1.2.0,1.2.0,92b3845cc426dd309a1a0e1b3890156c42e14021,non-direction-tuned,False
flow/0000/009,9,0,1,5.270350093642871,5.297368897171858,ascending mean official validation loss; FlyVis 1.2.0,1.2.0,92b3845cc426dd309a1a0e1b3890156c42e14021,upward-selective,True
flow/0000/010,10,2,0,5.271915788451831,5.357196428019691,ascending mean official validation loss; FlyVis 1.2.0,1.2.0,92b3845cc426dd309a1a0e1b3890156c42e14021,non-direction-tuned,False
flow/0000/011,11,0,1,5.277487738264932,5.297368897171858,ascending mean official validation loss; FlyVis 1.2.0,1.2.0,92b3845cc426dd309a1a0e1b3890156c42e14021,upward-selective,True
flow/0000/012,12,0,1,5.277920769320594,5.297368897171858,ascending mean official validation loss; FlyVis 1.2.0,1.2.0,92b3845cc426dd309a1a0e1b3890156c42e14021,upward-selective,True
flow/0000/013,13,0,1,5.281195715069771,5.297368897171858,ascending mean official validation loss; FlyVis 1.2.0,1.2.0,92b3845cc426dd309a1a0e1b3890156c42e14021,upward-selective,True
flow/0000/014,14,0,1,5.283142609728707,5.297368897171858,ascending mean official validation loss; FlyVis 1.2.0,1.2.0,92b3845cc426dd309a1a0e1b3890156c42e14021,upward-selective,True
flow/0000/015,15,2,0,5.28523435195287,5.357196428019691,ascending mean official validation loss; FlyVis 1.2.0,1.2.0,92b3845cc426dd309a1a0e1b3890156c42e14021,non-direction-tuned,False
flow/0000/016,16,0,1,5.289695978164673,5.297368897171858,ascending mean official validation loss; FlyVis 1.2.0,1.2.0,92b3845cc426dd309a1a0e1b3890156c42e14021,upward-selective,True
flow/0000/017,17,0,1,5.291881955332226,5.297368897171858,ascending mean official validation loss; FlyVis 1.2.0,1.2.0,92b3845cc426dd309a1a0e1b3890156c42e14021,upward-selective,True
flow/0000/018,18,0,1,5.292151803771655,5.297368897171858,ascending mean official validation loss; FlyVis 1.2.0,1.2.0,92b3845cc426dd309a1a0e1b3890156c42e14021,upward-selective,True
flow/0000/019,19,0,1,5.29551562666893,5.297368897171858,ascending mean official validation loss; FlyVis 1.2.0,1.2.0,92b3845cc426dd309a1a0e1b3890156c42e14021,upward-selective,True
flow/0000/020,20,0,1,5.295636506544219,5.297368897171858,ascending mean official validation loss; FlyVis 1.2.0,1.2.0,92b3845cc426dd309a1a0e1b3890156c42e14021,upward-selective,True
flow/0000/021,21,0,1,5.29688036441803,5.297368897171858,ascending mean official validation loss; FlyVis 1.2.0,1.2.0,92b3845cc426dd309a1a0e1b3890156c42e14021,upward-selective,True
flow/0000/022,22,0,1,5.298010347617997,5.297368897171858,ascending mean official validation loss; FlyVis 1.2.0,1.2.0,92b3845cc426dd309a1a0e1b3890156c42e14021,upward-selective,True
flow/0000/023,23,0,1,5.298870379726092,5.297368897171858,ascending mean official validation loss; FlyVis 1.2.0,1.2.0,92b3845cc426dd309a1a0e1b3890156c42e14021,upward-selective,True
flow/0000/024,24,0,1,5.299407965607113,5.297368897171858,ascending mean official validation loss; FlyVis 1.2.0,1.2.0,92b3845cc426dd309a1a0e1b3890156c42e14021,upward-selective,True
flow/0000/025,25,2,0,5.300875248180495,5.357196428019691,ascending mean official validation loss; FlyVis 1.2.0,1.2.0,92b3845cc426dd309a1a0e1b3890156c42e14021,non-direction-tuned,False
flow/0000/026,26,1,2,5.303517358170615,5.31581197276948,ascending mean official validation loss; FlyVis 1.2.0,1.2.0,92b3845cc426dd309a1a0e1b3890156c42e14021,downward-selective,False
flow/0000/027,27,0,1,5.306977753837903,5.297368897171858,ascending mean official validation loss; FlyVis 1.2.0,1.2.0,92b3845cc426dd309a1a0e1b3890156c42e14021,upward-selective,True
flow/0000/028,28,2,0,5.308157533407211,5.357196428019691,ascending mean official validation loss; FlyVis 1.2.0,1.2.0,92b3845cc426dd309a1a0e1b3890156c42e14021,non-direction-tuned,False
flow/0000/029,29,0,1,5.318766688307126,5.297368897171858,ascending mean official validation loss; FlyVis 1.2.0,1.2.0,92b3845cc426dd309a1a0e1b3890156c42e14021,upward-selective,True
flow/0000/030,30,0,1,5.3195354839166,5.297368897171858,ascending mean official validation loss; FlyVis 1.2.0,1.2.0,92b3845cc426dd309a1a0e1b3890156c42e14021,upward-selective,True
flow/0000/031,31,0,1,5.3196239637004,5.297368897171858,ascending mean official validation loss; FlyVis 1.2.0,1.2.0,92b3845cc426dd309a1a0e1b3890156c42e14021,upward-selective,True
flow/0000/032,32,2,0,5.3243887854946985,5.357196428019691,ascending mean official validation loss; FlyVis 1.2.0,1.2.0,92b3845cc426dd309a1a0e1b3890156c42e14021,non-direction-tuned,False
flow/0000/033,33,1,2,5.328959698478381,5.31581197276948,ascending mean official validation loss; FlyVis 1.2.0,1.2.0,92b3845cc426dd309a1a0e1b3890156c42e14021,downward-selective,False
flow/0000/034,34,2,0,5.330954548385408,5.357196428019691,ascending mean official validation loss; FlyVis 1.2.0,1.2.0,92b3845cc426dd309a1a0e1b3890156c42e14021,non-direction-tuned,False
flow/0000/035,35,0,1,5.33160486486223,5.297368897171858,ascending mean official validation loss; FlyVis 1.2.0,1.2.0,92b3845cc426dd309a1a0e1b3890156c42e14021,upward-selective,True
flow/0000/036,36,0,1,5.332136740287145,5.297368897171858,ascending mean official validation loss; FlyVis 1.2.0,1.2.0,92b3845cc426dd309a1a0e1b3890156c42e14021,upward-selective,True
flow/0000/037,37,0,1,5.332739220725165,5.297368897171858,ascending mean official validation loss; FlyVis 1.2.0,1.2.0,92b3845cc426dd309a1a0e1b3890156c42e14021,upward-selective,True
flow/0000/038,38,1,2,5.335818338725302,5.31581197276948,ascending mean official validation loss; FlyVis 1.2.0,1.2.0,92b3845cc426dd309a1a0e1b3890156c42e14021,downward-selective,False
flow/0000/039,39,2,0,5.355444838603337,5.357196428019691,ascending mean official validation loss; FlyVis 1.2.0,1.2.0,92b3845cc426dd309a1a0e1b3890156c42e14021,non-direction-tuned,False
flow/0000/040,40,1,2,5.359657613767518,5.31581197276948,ascending mean official validation loss; FlyVis 1.2.0,1.2.0,92b3845cc426dd309a1a0e1b3890156c42e14021,downward-selective,False
flow/0000/041,41,2,0,5.359666627314356,5.357196428019691,ascending mean official validation loss; FlyVis 1.2.0,1.2.0,92b3845cc426dd309a1a0e1b3890156c42e14021,non-direction-tuned,False
flow/0000/042,42,0,1,5.366370586885346,5.297368897171858,ascending mean official validation loss; FlyVis 1.2.0,1.2.0,92b3845cc426dd309a1a0e1b3890156c42e14021,upward-selective,True
flow/0000/043,43,1,2,5.3715731253226595,5.31581197276948,ascending mean official validation loss; FlyVis 1.2.0,1.2.0,92b3845cc426dd309a1a0e1b3890156c42e14021,downward-selective,False
flow/0000/044,44,0,1,5.378605905506346,5.297368897171858,ascending mean official validation loss; FlyVis 1.2.0,1.2.0,92b3845cc426dd309a1a0e1b3890156c42e14021,upward-selective,True
flow/0000/045,45,2,0,5.383891855676969,5.357196428019691,ascending mean official validation loss; FlyVis 1.2.0,1.2.0,92b3845cc426dd309a1a0e1b3890156c42e14021,non-direction-tuned,False
flow/0000/046,46,2,0,5.417977909247081,5.357196428019691,ascending mean official validation loss; FlyVis 1.2.0,1.2.0,92b3845cc426dd309a1a0e1b3890156c42e14021,non-direction-tuned,False
flow/0000/047,47,0,1,5.418262915478812,5.297368897171858,ascending mean official validation loss; FlyVis 1.2.0,1.2.0,92b3845cc426dd309a1a0e1b3890156c42e14021,upward-selective,True
flow/0000/048,48,0,1,5.427841342157787,5.297368897171858,ascending mean official validation loss; FlyVis 1.2.0,1.2.0,92b3845cc426dd309a1a0e1b3890156c42e14021,upward-selective,True
flow/0000/049,49,2,0,5.677851685219341,5.357196428019691,ascending mean official validation loss; FlyVis 1.2.0,1.2.0,92b3845cc426dd309a1a0e1b3890156c42e14021,non-direction-tuned,False
