model_id,ensemble_index,t4c_cluster_id,t4c_phenotype,t4c_matches_known_direction,flyvis_version,flyvis_commit,t4c_metric_source,A_mean,normalized_SD,A_sign_changes,A_phase0,phasewise_reversal_fraction,phase0_reversal
flow/0000/000,0,0,upward-selective,True,1.2.0,92b3845cc426dd309a1a0e1b3890156c42e14021,saved official T4c naturalistic-response cluster; independent phenotype mapping in A1,0.0050128060027153,0.0242426891027111,True,-0.0018620960078069,0.6666666666666666,True
flow/0000/001,1,0,upward-selective,True,1.2.0,92b3845cc426dd309a1a0e1b3890156c42e14021,saved official T4c naturalistic-response cluster; independent phenotype mapping in A1,-0.0009708811752576,0.0119917574513185,True,-0.0014282551694965,0.5,True
flow/0000/002,2,0,upward-selective,True,1.2.0,92b3845cc426dd309a1a0e1b3890156c42e14021,saved official T4c naturalistic-response cluster; independent phenotype mapping in A1,-0.0039149877448276,0.0468877122266322,True,-0.0116886244154322,0.0833333333333333,False
flow/0000/003,3,0,upward-selective,True,1.2.0,92b3845cc426dd309a1a0e1b3890156c42e14021,saved official T4c naturalistic-response cluster; independent phenotype mapping in A1,-0.0165615363904262,0.0636545448084993,False,-0.0302850687873639,0.5833333333333334,True
flow/0000/004,4,1,downward-selective,False,1.2.0,92b3845cc426dd309a1a0e1b3890156c42e14021,saved official T4c naturalistic-response cluster; independent phenotype mapping in A1,0.0076415209674227,0.0462766220195551,True,0.0003172441223762,0.4166666666666667,False
flow/0000/005,5,1,downward-selective,False,1.2.0,92b3845cc426dd309a1a0e1b3890156c42e14021,saved official T4c naturalistic-response cluster; independent phenotype mapping in A1,0.0109061763399101,0.0863494797075743,True,-0.0077560490267135,0.6666666666666666,False
flow/0000/006,6,0,upward-selective,True,1.2.0,92b3845cc426dd309a1a0e1b3890156c42e14021,saved official T4c naturalistic-response cluster; independent phenotype mapping in A1,-0.0139089902334316,0.0527993305351949,False,-0.0208553861915173,0.75,True
flow/0000/007,7,0,upward-selective,True,1.2.0,92b3845cc426dd309a1a0e1b3890156c42e14021,saved official T4c naturalistic-response cluster; independent phenotype mapping in A1,0.008658916624353,0.0317624098700209,True,-0.0012038919532408,0.75,False
flow/0000/008,8,2,non-direction-tuned,False,1.2.0,92b3845cc426dd309a1a0e1b3890156c42e14021,saved official T4c naturalistic-response cluster; independent phenotype mapping in A1,-0.0105064378482332,0.0378621044623183,True,-0.006436823484137,1.0,True
flow/0000/009,9,0,upward-selective,True,1.2.0,92b3845cc426dd309a1a0e1b3890156c42e14021,saved official T4c naturalistic-response cluster; independent phenotype mapping in A1,0.0089888798929468,0.058604723280721,True,-0.0081109348842485,0.4166666666666667,False
flow/0000/010,10,2,non-direction-tuned,False,1.2.0,92b3845cc426dd309a1a0e1b3890156c42e14021,saved official T4c naturalistic-response cluster; independent phenotype mapping in A1,0.0034469929128294,0.035663628679551,True,0.0006503452764232,0.6666666666666666,False
flow/0000/011,11,0,upward-selective,True,1.2.0,92b3845cc426dd309a1a0e1b3890156c42e14021,saved official T4c naturalistic-response cluster; independent phenotype mapping in A1,-0.0038054167224558,0.0150869631913686,True,-0.0023494215013136,0.0,False
flow/0000/012,12,0,upward-selective,True,1.2.0,92b3845cc426dd309a1a0e1b3890156c42e14021,saved official T4c naturalistic-response cluster; independent phenotype mapping in A1,-0.016644504063135,0.0225391495022346,False,-0.0199643312363573,0.0833333333333333,False
flow/0000/013,13,0,upward-selective,True,1.2.0,92b3845cc426dd309a1a0e1b3890156c42e14021,saved official T4c naturalistic-response cluster; independent phenotype mapping in A1,-0.0032041042754916,0.042825633772102,True,-0.0085014415420635,0.5,True
flow/0000/014,14,0,upward-selective,True,1.2.0,92b3845cc426dd309a1a0e1b3890156c42e14021,saved official T4c naturalistic-response cluster; independent phenotype mapping in A1,-0.0176216145533379,0.030628657956456,False,-0.0180684911160537,0.5,True
flow/0000/015,15,2,non-direction-tuned,False,1.2.0,92b3845cc426dd309a1a0e1b3890156c42e14021,saved official T4c naturalistic-response cluster; independent phenotype mapping in A1,-0.0068517962930046,0.0150247521296138,False,-0.0089685356235432,0.9166666666666666,True
flow/0000/016,16,0,upward-selective,True,1.2.0,92b3845cc426dd309a1a0e1b3890156c42e14021,saved official T4c naturalistic-response cluster; independent phenotype mapping in A1,0.0157762189990337,0.0575219664703822,True,-0.0078418639270209,0.8333333333333334,True
flow/0000/017,17,0,upward-selective,True,1.2.0,92b3845cc426dd309a1a0e1b3890156c42e14021,saved official T4c naturalistic-response cluster; independent phenotype mapping in A1,-0.0252300597128425,0.0310561510147599,False,-0.0332052601641821,0.9166666666666666,True
flow/0000/018,18,0,upward-selective,True,1.2.0,92b3845cc426dd309a1a0e1b3890156c42e14021,saved official T4c naturalistic-response cluster; independent phenotype mapping in A1,-0.003997973397435,0.0417459124363029,True,-0.0118928713971813,0.5,True
flow/0000/019,19,0,upward-selective,True,1.2.0,92b3845cc426dd309a1a0e1b3890156c42e14021,saved official T4c naturalistic-response cluster; independent phenotype mapping in A1,-0.0001186365503269,0.0252976206666787,True,-0.0136132624919722,0.0,False
flow/0000/020,20,0,upward-selective,True,1.2.0,92b3845cc426dd309a1a0e1b3890156c42e14021,saved official T4c naturalistic-response cluster; independent phenotype mapping in A1,-0.0017251863294431,0.027448971218354,True,-0.0050510699621301,0.5,True
flow/0000/021,21,0,upward-selective,True,1.2.0,92b3845cc426dd309a1a0e1b3890156c42e14021,saved official T4c naturalistic-response cluster; independent phenotype mapping in A1,0.0016734804855728,0.0284686853183653,True,-0.0108463361371104,0.5,False
flow/0000/022,22,0,upward-selective,True,1.2.0,92b3845cc426dd309a1a0e1b3890156c42e14021,saved official T4c naturalistic-response cluster; independent phenotype mapping in A1,0.0029420995457405,0.068418741635193,True,-0.0057900909621478,0.9166666666666666,True
flow/0000/023,23,0,upward-selective,True,1.2.0,92b3845cc426dd309a1a0e1b3890156c42e14021,saved official T4c naturalistic-response cluster; independent phenotype mapping in A1,-0.0017295911419268,0.0144171809000778,True,-0.0015761894802856,0.0,False
flow/0000/024,24,0,upward-selective,True,1.2.0,92b3845cc426dd309a1a0e1b3890156c42e14021,saved official T4c naturalistic-response cluster; independent phenotype mapping in A1,-0.0236601078580058,0.0374578214012279,False,-0.0264662285810497,1.0,True
flow/0000/025,25,2,non-direction-tuned,False,1.2.0,92b3845cc426dd309a1a0e1b3890156c42e14021,saved official T4c naturalistic-response cluster; independent phenotype mapping in A1,0.0129594724366199,0.0210728521033393,False,0.0057844914740546,0.6666666666666666,False
flow/0000/026,26,1,downward-selective,False,1.2.0,92b3845cc426dd309a1a0e1b3890156c42e14021,saved official T4c naturalistic-response cluster; independent phenotype mapping in A1,0.0058489280833899,0.0509062869417979,True,-0.0033550103894047,0.0833333333333333,False
flow/0000/027,27,0,upward-selective,True,1.2.0,92b3845cc426dd309a1a0e1b3890156c42e14021,saved official T4c naturalistic-response cluster; independent phenotype mapping in A1,-0.0245319500460177,0.0572047577989913,False,-0.0517527888167973,0.6666666666666666,True
flow/0000/028,28,2,non-direction-tuned,False,1.2.0,92b3845cc426dd309a1a0e1b3890156c42e14021,saved official T4c naturalistic-response cluster; independent phenotype mapping in A1,-0.001432913886978,0.0181294886562593,True,-0.0044400200490664,0.4166666666666667,True
flow/0000/029,29,0,upward-selective,True,1.2.0,92b3845cc426dd309a1a0e1b3890156c42e14021,saved official T4c naturalistic-response cluster; independent phenotype mapping in A1,-0.014688897383985,0.0109448933396581,False,-0.0156291884338323,0.0,False
flow/0000/030,30,0,upward-selective,True,1.2.0,92b3845cc426dd309a1a0e1b3890156c42e14021,saved official T4c naturalistic-response cluster; independent phenotype mapping in A1,-0.020056696211966,0.022643070381179,False,-0.0294564271645383,0.8333333333333334,True
flow/0000/031,31,0,upward-selective,True,1.2.0,92b3845cc426dd309a1a0e1b3890156c42e14021,saved official T4c naturalistic-response cluster; independent phenotype mapping in A1,0.0026367382573053,0.0317195396173906,True,-0.0018644062041211,0.0,False
flow/0000/032,32,2,non-direction-tuned,False,1.2.0,92b3845cc426dd309a1a0e1b3890156c42e14021,saved official T4c naturalistic-response cluster; independent phenotype mapping in A1,0.0039618690143534,0.0206936525565039,True,-0.002511025113445,0.0,False
flow/0000/033,33,1,downward-selective,False,1.2.0,92b3845cc426dd309a1a0e1b3890156c42e14021,saved official T4c naturalistic-response cluster; independent phenotype mapping in A1,-0.0021399499219564,0.0247188225909054,True,-0.0025573790996377,0.0,False
flow/0000/034,34,2,non-direction-tuned,False,1.2.0,92b3845cc426dd309a1a0e1b3890156c42e14021,saved official T4c naturalistic-response cluster; independent phenotype mapping in A1,-0.0038280835284056,0.0368398382160528,True,-0.0079416508659581,0.6666666666666666,True
flow/0000/035,35,0,upward-selective,True,1.2.0,92b3845cc426dd309a1a0e1b3890156c42e14021,saved official T4c naturalistic-response cluster; independent phenotype mapping in A1,-0.0102246838578816,0.0185902126619344,True,-0.008289705366258,0.25,False
flow/0000/036,36,0,upward-selective,True,1.2.0,92b3845cc426dd309a1a0e1b3890156c42e14021,saved official T4c naturalistic-response cluster; independent phenotype mapping in A1,-0.0584089960471861,0.0136941979365627,False,-0.0645211469605471,0.9166666666666666,True
flow/0000/037,37,0,upward-selective,True,1.2.0,92b3845cc426dd309a1a0e1b3890156c42e14021,saved official T4c naturalistic-response cluster; independent phenotype mapping in A1,-0.0119856516720637,0.0323256813143073,False,-0.014985948800308,0.5833333333333334,True
flow/0000/038,38,1,downward-selective,False,1.2.0,92b3845cc426dd309a1a0e1b3890156c42e14021,saved official T4c naturalistic-response cluster; independent phenotype mapping in A1,0.0023453846686094,0.0243593081336741,True,0.0047033479286965,0.0833333333333333,False
flow/0000/039,39,2,non-direction-tuned,False,1.2.0,92b3845cc426dd309a1a0e1b3890156c42e14021,saved official T4c naturalistic-response cluster; independent phenotype mapping in A1,0.0116188816492296,0.1015922986496824,False,0.0029872736774097,0.5833333333333334,False
flow/0000/040,40,1,downward-selective,False,1.2.0,92b3845cc426dd309a1a0e1b3890156c42e14021,saved official T4c naturalistic-response cluster; independent phenotype mapping in A1,-0.0056685003129303,0.0161850913544711,True,-0.0031641947830019,0.5833333333333334,False
flow/0000/041,41,2,non-direction-tuned,False,1.2.0,92b3845cc426dd309a1a0e1b3890156c42e14021,saved official T4c naturalistic-response cluster; independent phenotype mapping in A1,0.0173257729084466,0.0293497353121347,False,0.0067298884268057,0.9166666666666666,True
flow/0000/042,42,0,upward-selective,True,1.2.0,92b3845cc426dd309a1a0e1b3890156c42e14021,saved official T4c naturalistic-response cluster; independent phenotype mapping in A1,-0.0013460910199488,0.0268084460212673,True,-0.0011967937964301,0.4166666666666667,False
flow/0000/043,43,1,downward-selective,False,1.2.0,92b3845cc426dd309a1a0e1b3890156c42e14021,saved official T4c naturalistic-response cluster; independent phenotype mapping in A1,-0.0002176642909389,0.00910684202115,True,-0.0003199385279579,0.25,False
flow/0000/044,44,0,upward-selective,True,1.2.0,92b3845cc426dd309a1a0e1b3890156c42e14021,saved official T4c naturalistic-response cluster; independent phenotype mapping in A1,-0.00345849955017,0.0153061051805928,True,-0.0052541759459535,0.1666666666666666,False
flow/0000/045,45,2,non-direction-tuned,False,1.2.0,92b3845cc426dd309a1a0e1b3890156c42e14021,saved official T4c naturalistic-response cluster; independent phenotype mapping in A1,0.0046215054430489,0.012083870367236,True,0.0076927316623866,0.0,False
flow/0000/046,46,2,non-direction-tuned,False,1.2.0,92b3845cc426dd309a1a0e1b3890156c42e14021,saved official T4c naturalistic-response cluster; independent phenotype mapping in A1,0.000112192574026,0.0088162002561213,True,-0.0008469606535226,0.0,False
flow/0000/047,47,0,upward-selective,True,1.2.0,92b3845cc426dd309a1a0e1b3890156c42e14021,saved official T4c naturalistic-response cluster; independent phenotype mapping in A1,-0.0037272919908913,0.0272482639726017,True,-0.0072015301500771,0.0,False
flow/0000/048,48,0,upward-selective,True,1.2.0,92b3845cc426dd309a1a0e1b3890156c42e14021,saved official T4c naturalistic-response cluster; independent phenotype mapping in A1,-0.0030770208607861,0.0117796138826906,False,-0.0069246428747488,0.0,False
flow/0000/049,49,2,non-direction-tuned,False,1.2.0,92b3845cc426dd309a1a0e1b3890156c42e14021,saved official T4c naturalistic-response cluster; independent phenotype mapping in A1,-7.030779625248343e-05,0.0027972540664148,True,-0.0001705560359022,0.0,False
