g1,g2,g1_rendered,g2_rendered,bach_raw,bach_cw,flyvis_cw,bach_normalized,flyvis_normalized,robust_point,sign_agreement
0.0,0.0,0.0,0.0,-1.387778780781446e-18,1.387778780781446e-18,0.0132383325507617,2.660274225718104e-17,0.3723959458020204,False,True
0.0,0.05,0.0,0.0509803921568627,0.0016119454000223,-0.0016119454000223,0.0120021767499007,-0.0308998585389064,0.3376227289444473,False,False
0.0,0.1,0.0,0.1019607843137254,0.0033624974809388,-0.0033624974809388,0.0102857604416559,-0.0644567095740349,0.2893397241137483,True,False
0.0,0.15,0.0,0.1490196078431372,0.0050787468998135,-0.0050787468998135,0.0077410411439896,-0.0973560027262551,0.2177564528806525,True,False
0.0,0.2,0.0,0.2,0.0070118499412701,-0.0070118499412701,0.0060027175966791,-0.1344122271624611,0.1688571946826604,True,False
0.0,0.25,0.0,0.2509803921568627,0.0089744545019354,-0.0089744545019354,0.0051479845196611,-0.1720339749533786,0.1448134466196851,True,False
0.0,0.3,0.0,0.2980392156862745,0.0107610231884885,-0.0107610231884885,0.0039675779825184,-0.2062812389635412,0.111608463503828,True,False
0.0,0.35,0.0,0.3490196078431372,0.0126045455722411,-0.0126045455722411,0.0025406973920382,-0.2416202652546754,0.0714701345261474,True,False
0.0,0.4,0.0,0.4,0.014277382054133,-0.014277382054133,0.0016661299981686,-0.2736873629668345,0.0468684446563051,False,False
0.0,0.45,0.0,0.4509803921568627,0.0156974560479355,-0.0156974560479355,0.0010494859071349,-0.3009091817224014,0.0295221694646825,False,False
0.0,0.5,0.0,0.5019607843137255,0.0167815010916219,-0.0167815010916219,0.0004238202400047,-0.3216895620623606,0.0119221162122509,False,False
0.0,0.55,0.0,0.5490196078431373,0.0174149052589771,-0.0174149052589771,0.000264369700384,-0.3338314740458304,0.0074367526452746,False,False
0.0,0.6,0.0,0.6,0.0176365373359047,-0.0176365373359047,0.0007152596794661,-0.3380800049356802,0.0201203439940412,False,False
0.0,0.65,0.0,0.6509803921568628,0.0173189779318853,-0.0173189779318853,0.0016371763264515,-0.3319926147165316,0.0460539742596589,False,False
0.0,0.7,0.0,0.6980392156862745,0.0165127588317908,-0.0165127588317908,0.002707424300484,-0.3165379621309426,0.0761601832557165,True,False
0.0,0.75,0.0,0.7490196078431373,0.0150657579396941,-0.0150657579396941,0.004245630541794,-0.2887999736911106,0.1194301166763142,True,False
0.0,0.8,0.0,0.8,0.0130253596252229,-0.0130253596252229,0.0053272915880903,-0.2496869744050852,0.1498573768186461,True,False
0.0,0.85,0.0,0.8509803921568627,0.010416129369896,-0.010416129369896,0.0061263135814042,-0.1996698672599443,0.1723339651484672,True,False
0.0,0.9,0.0,0.9019607843137256,0.0072816243260323,-0.0072816243260323,0.0073611906094071,-0.139583612202213,0.2070712099660448,True,False
0.0,0.95,0.0,0.9490196078431372,0.0039722562096956,-0.0039722562096956,0.008152067526373,-0.0761453551455205,0.2293186762823049,True,False
0.0,1.0,0.0,1.0,3.053113317719181e-17,-3.053113317719181e-17,0.0090600352010592,-5.85260329657983e-16,0.2548599202173621,False,False
0.05,0.0,0.0509803921568627,0.0,-0.0016119454000223,0.0016119454000223,0.0159687300975481,0.0308998585389064,0.4492023693415558,False,True
0.05,0.05,0.0509803921568627,0.0509803921568627,1.457167719820518e-17,-1.457167719820518e-17,0.0144857261544411,-2.7932879370040093e-16,0.4074852834545076,False,False
0.05,0.1,0.0509803921568627,0.1019607843137254,0.0017367896952459,-0.0017367896952459,0.0126670667158053,-0.0332930357902862,0.3563261666136491,False,False
0.05,0.15,0.0509803921568627,0.1490196078431372,0.0034258630312405,-0.0034258630312405,0.0103258222564719,-0.0656713825651518,0.2904666679612281,True,False
0.05,0.2,0.0509803921568627,0.2,0.0053112908792781,-0.0053112908792781,0.0079687970579041,-0.1018137071059629,0.224163255145891,True,False
0.05,0.25,0.0509803921568627,0.2509803921568627,0.0072045154859915,-0.0072045154859915,0.0065147454977858,-0.1381054900218185,0.1832606034033962,True,False
0.05,0.3,0.0509803921568627,0.2980392156862745,0.0089052965140465,-0.0089052965140465,0.0054526481726686,-0.1707082650114847,0.1533836731779147,True,False
0.05,0.35,0.0509803921568627,0.3490196078431372,0.0106296158986992,-0.0106296158986992,0.0043982064531782,-0.2037622537265627,0.12372209609356,True,False
0.05,0.4,0.0509803921568627,0.4,0.0121531309521519,-0.0121531309521519,0.0034190484432274,-0.2329669647750469,0.0961782591483049,True,False
0.05,0.45,0.0509803921568627,0.4509803921568627,0.0133909670669363,-0.0133909670669363,0.0025797129591409,-0.2566954116819063,0.0725676472949573,True,False
0.05,0.5,0.0509803921568627,0.5019607843137255,0.0142572250227933,-0.0142572250227933,0.0019464834218962,-0.2733009668662274,0.0547548214328005,True,False
0.05,0.55,0.0509803921568627,0.5490196078431373,0.0146560024985551,-0.0146560024985551,0.0013436046475602,-0.2809452503446706,0.0377957663167638,False,False
0.05,0.6,0.0509803921568627,0.6,0.0145852368283656,-0.0145852368283656,0.0014558187023951,-0.2795887222648492,0.0409523616751514,False,False
0.05,0.65,0.0509803921568627,0.6509803921568628,0.0139341712613038,-0.0139341712613038,0.0019422553786201,-0.2671082536823024,0.0546358860481043,True,False
0.05,0.7,0.0509803921568627,0.6980392156862745,0.0127829876033814,-0.0127829876033814,0.0026596346063337,-0.2450408733717713,0.0748158531987065,True,False
0.05,0.75,0.0509803921568627,0.7490196078431373,0.0109221283497288,-0.0109221283497288,0.0036032962659792,-0.2093695114894858,0.1013611733825956,True,False
0.05,0.8,0.0509803921568627,0.8,0.0084269922696406,-0.0084269922696406,0.0046013197346489,-0.1615395093634968,0.1294356980346055,True,False
0.05,0.85,0.0509803921568627,0.8509803921568627,0.005323853183255,-0.005323853183255,0.0054994674180664,-0.1020545176295728,0.1547007043904786,True,False
0.05,0.9,0.0509803921568627,0.9019607843137256,0.0016587123256433,-0.0016587123256433,0.0065185423595866,-0.0317963475800167,0.1833674095994143,False,False
0.05,0.95,0.0509803921568627,0.9490196078431372,-0.0021704602737482,0.0021704602737482,0.0077415115545466,0.0416061954841691,0.2177696855882931,False,True
0.05,1.0,0.0509803921568627,1.0,-0.0067351258494132,0.0067351258494132,0.0088976575764451,0.129107621130169,0.2502922173844436,True,True
0.1,0.0,0.1019607843137254,0.0,-0.0033624974809388,0.0033624974809388,0.0186870248532359,0.0644567095740348,0.5256683398579705,True,True
0.1,0.05,0.1019607843137254,0.0509803921568627,-0.0017367896952459,0.0017367896952459,0.0171481074818738,0.033293035790286,0.482378402260309,False,True
0.1,0.1,0.1019607843137254,0.1019607843137254,2.0816681711721685e-17,-2.0816681711721685e-17,0.0153593615479017,-3.990411338577155e-16,0.4320607560365999,False,False
0.1,0.15,0.1019607843137254,0.1490196078431372,0.0016744541857527,-0.0016744541857527,0.0134295973912232,-0.0320981079563389,0.377776249619681,False,False
0.1,0.2,0.1019607843137254,0.2,0.0035255080921529,-0.0035255080921529,0.0108220556478015,-0.067581508234575,0.3044257751519661,True,False
0.1,0.25,0.1019607843137254,0.2509803921568627,0.0053622080605889,-0.0053622080605889,0.0086033800722995,-0.1027897536269452,0.2420141544891093,True,False
0.1,0.3,0.1019607843137254,0.2980392156862745,0.0069885681631867,-0.0069885681631867,0.0069638178318307,-0.1339659318665409,0.1958930641705596,True,False
0.1,0.35,0.1019607843137254,0.3490196078431372,0.0086053548219245,-0.0086053548219245,0.0058439242628374,-0.1649585939268667,0.1643903183962177,True,False
0.1,0.4,0.1019607843137254,0.4,0.0099904471546993,-0.0099904471546993,0.005147843587376,-0.1915098388669704,0.1448094821769281,True,False
0.1,0.45,0.1019607843137254,0.4509803921568627,0.0110560643471619,-0.0110560643471619,0.0044312559092341,-0.211936970271833,0.1246517814145015,True,False
0.1,0.5,0.1019607843137254,0.5019607843137255,0.0117135547624731,-0.0117135547624731,0.0038075694839846,-0.2245405986723486,0.107107404483035,True,False
0.1,0.55,0.1019607843137254,0.5490196078431373,0.0118850253336272,-0.0118850253336272,0.003246077772138,-0.2278275688092874,0.0913125725968192,True,False
0.1,0.6,0.1019607843137254,0.6,0.0115285529230316,-0.0115285529230316,0.0029136117362894,-0.2209942436481027,0.0819602615416195,True,False
0.1,0.65,0.1019607843137254,0.6509803921568628,0.0105492084336847,-0.0105492084336847,0.003236603175094,-0.2022208992275919,0.0910460510002522,True,False
0.1,0.7,0.1019607843137254,0.6980392156862745,0.0090564170348598,-0.0090564170348598,0.003461799284681,-0.1736051390094438,0.0973808456504869,True,False
0.1,0.75,0.1019607843137254,0.7490196078431373,0.0067835564104435,-0.0067835564104435,0.0038583961755129,-0.1300360008909068,0.1085371656550795,True,False
0.1,0.8,0.1019607843137254,0.8,0.0038334994216768,-0.0038334994216768,0.0047227158352075,-0.0734854852013928,0.1328505854844296,True,False
0.1,0.85,0.1019607843137254,0.8509803921568627,0.0002340555608653,-0.0002340555608653,0.0056798191884341,-0.0044866803310356,0.1597740221852719,False,False
0.1,0.9,0.1019607843137254,0.9019607843137256,-0.0039664668755937,0.0039664668755937,0.0069694595963126,0.0760343776863706,0.1960517677091028,True,True
0.1,0.95,0.1019607843137254,0.9490196078431372,-0.0083219899757082,0.0083219899757082,0.0079772656343692,0.1595266893084706,0.2244014772580982,True,True
0.1,1.0,0.1019607843137254,1.0,-0.0134885414862828,0.0134885414862828,0.0094009663724682,0.2585658446102066,0.264450356591689,True,True
0.15,0.0,0.1490196078431372,0.0,-0.0050787468998135,0.0050787468998135,0.0210495543813124,0.0973560027262543,0.5921265901489109,True,True
0.15,0.05,0.1490196078431372,0.0509803921568627,-0.0034258630312405,0.0034258630312405,0.0195432008493861,0.0656713825651513,0.5497526774161003,True,True
0.15,0.1,0.1490196078431372,0.1019607843137254,-0.0016744541857527,0.0016744541857527,0.0178414104751963,0.032098107956338,0.5018811019345878,False,True
0.15,0.15,0.1490196078431372,0.1490196078431372,1.6653345369377347e-17,-1.6653345369377347e-17,0.0160093282826446,-3.1923290708617243e-16,0.4503444013519239,False,False
0.15,0.2,0.1490196078431372,0.2,0.0018338204721368,-0.0018338204721368,0.0136970031087655,-0.0351530474754267,0.3852984058062849,False,False
0.15,0.25,0.1490196078431372,0.2509803921568627,0.0036326048140084,-0.0036326048140084,0.0114990491429039,-0.0696344769984491,0.3234696866071115,True,False
0.15,0.3,0.1490196078431372,0.2980392156862745,0.0052031443088791,-0.0052031443088791,0.0094444295311246,-0.099740613484585,0.2656729806656276,True,False
0.15,0.35,0.1490196078431372,0.3490196078431372,0.0067342345232217,-0.0067342345232217,0.0075346300615324,-0.1290905350345537,0.2119500833865407,True,False
0.15,0.4,0.1490196078431372,0.4,0.0080046516512325,-0.0080046516512325,0.0064177436302914,-0.1534435370285396,0.1805319287722347,True,False
0.15,0.45,0.1490196078431372,0.4509803921568627,0.0089238668866189,-0.0089238668866189,0.0060879883153221,-0.1710642459804999,0.1712558706334658,True,False
0.15,0.5,0.1490196078431372,0.5019607843137255,0.0094006163654647,-0.0094006163654647,0.005832402444604,-0.1802031978672252,0.164066208212255,True,False
0.15,0.55,0.1490196078431372,0.5490196078431373,0.0093727047016515,-0.0093727047016515,0.0055239782127933,-0.1796681509212176,0.155390196103251,True,False
0.15,0.6,0.1490196078431372,0.6,0.0087630579230331,-0.0087630579230331,0.0049930159834914,-0.1679816513550747,0.1404541623688033,True,False
0.15,0.65,0.1490196078431372,0.6509803921568628,0.0074903375343535,-0.0074903375343535,0.0044630360567903,-0.1435844974755227,0.1255457609290314,True,False
0.15,0.7,0.1490196078431372,0.6980392156862745,0.0056902017739434,-0.0056902017739434,0.0047545380559482,-0.1090771622104894,0.1337457485228879,True,False
0.15,0.75,0.1490196078431372,0.7490196078431373,0.0030445451957404,-0.0030445451957404,0.0050907245348453,-0.0583617880992634,0.1432027161050721,True,False
0.15,0.8,0.1490196078431372,0.8,-0.0003192527252064,0.0003192527252064,0.0055160631693264,0.0061198499942379,0.1551675449433252,False,True
0.15,0.85,0.1490196078431372,0.8509803921568627,-0.0043720977800025,0.0043720977800025,0.0061788441273707,0.0838100365672894,0.1738116559583706,True,True
0.15,0.9,0.1490196078431372,0.9019607843137256,-0.0090636582447295,0.0090636582447295,0.0074713304906575,0.1737439479049695,0.2101694585628,True,True
0.15,0.95,0.1490196078431372,0.9490196078431372,-0.0139035767670532,0.0139035767670532,0.0089735742269747,0.2665217787654707,0.2524277622325341,True,True
0.15,1.0,0.1490196078431372,1.0,-0.0196257247347804,0.0196257247347804,0.0102530566824522,0.3762113270212687,0.2884197632883772,True,True
0.2,0.0,0.2,0.0,-0.0070118499412701,0.0070118499412701,0.0228055242078362,0.1344122271624609,0.6415222403821077,True,True
0.2,0.05,0.2,0.0509803921568627,-0.005311290879278,0.005311290879278,0.0214944949095523,0.1018137071059621,0.6046428227034437,True,True
0.2,0.1,0.2,0.1019607843137254,-0.0035255080921528,0.0035255080921528,0.0200400975124553,0.0675815082345745,0.5637304425236029,True,True
0.2,0.15,0.2,0.1490196078431372,-0.0018338204721369,0.0018338204721369,0.0183666280505063,0.0351530474754267,0.5166555378357417,False,True
0.2,0.2,0.2,0.2,1.8041124150158794e-17,-1.8041124150158794e-17,0.0163097455277309,-3.4583564934335347e-16,0.4587951759256989,False,False
0.2,0.25,0.2,0.2509803921568627,0.0017762675331119,-0.0017762675331119,0.0144534398350849,-0.0340497981505156,0.4065770652641092,False,False
0.2,0.3,0.2,0.2980392156862745,0.0033032912854161,-0.0033032912854161,0.012804664454432,-0.0633217684859226,0.3601968081630765,True,False
0.2,0.35,0.2,0.3490196078431372,0.0047596642915025,-0.0047596642915025,0.0107169110515607,-0.0912394137531432,0.3014680445455673,True,False
0.2,0.4,0.2,0.4,0.005923665305806,-0.005923665305806,0.0090962709947956,-0.113552493762318,0.2558792376146724,True,False
0.2,0.45,0.2,0.4509803921568627,0.0067017492780781,-0.0067017492780781,0.0079547210426639,-0.1284678157541597,0.2237672950815573,True,False
0.2,0.5,0.2,0.5019607843137255,0.0069997817997421,-0.0069997817997421,0.0078436038158901,-0.1341808893851161,0.2206415536333289,True,False
0.2,0.55,0.2,0.5490196078431373,0.0067712580383381,-0.0067712580383381,0.0079647356539879,-0.1298002497554713,0.2240490073471701,True,False
0.2,0.6,0.2,0.6,0.0059035235365672,-0.0059035235365672,0.0073388658311125,-0.1131663902254415,0.2064432111681643,True,False
0.2,0.65,0.2,0.6509803921568628,0.0043285734402443,-0.0043285734402443,0.0067358579271821,-0.0829757056144493,0.1894805236205295,True,False
0.2,0.7,0.2,0.6980392156862745,0.0022092565017312,-0.0022092565017312,0.0064095431837298,-0.0423498918627827,0.1803012491876582,False,False
0.2,0.75,0.2,0.7490196078431373,-0.0008261271912907,0.0008261271912907,0.0067543220266848,0.0158362766788968,0.1899999210424734,False,True
0.2,0.8,0.2,0.8,-0.0046249544573519,0.0046249544573519,0.0071271726988718,0.0886571210656877,0.2004882569548373,True,True
0.2,0.85,0.2,0.8509803921568627,-0.0091568595662714,0.0091568595662714,0.0075178933083096,0.1755305516269337,0.2114792764308941,True,True
0.2,0.9,0.2,0.9019607843137256,-0.0143694166872635,0.0143694166872635,0.0085145310396777,0.27545160209328,0.2395148201197738,True,True
0.2,0.95,0.2,0.9490196078431372,-0.0197250675304669,0.0197250675304669,0.0099512942822659,0.3781156584791033,0.2799311493338662,True,True
0.2,1.0,0.2,1.0,-0.0260405318683722,0.0260405318683722,0.0113832966583691,0.4991786638675481,0.320213554779937,True,True
0.25,0.0,0.2509803921568627,0.0,-0.0089744545019353,0.0089744545019353,0.0256163627400739,0.1720339749533776,0.7205914788753768,True,True
0.25,0.05,0.2509803921568627,0.0509803921568627,-0.0072045154859915,0.0072045154859915,0.0229413578904162,0.1381054900218177,0.6453432588149168,True,True
0.25,0.1,0.2509803921568627,0.1019607843137254,-0.0053622080605889,0.0053622080605889,0.0210812776530948,0.1027897536269445,0.5930189697408305,True,True
0.25,0.15,0.2509803921568627,0.1490196078431372,-0.0036326048140083,0.0036326048140083,0.0196062384814739,0.0696344769984478,0.5515259338690901,True,True
0.25,0.2,0.2509803921568627,0.2,-0.0017762675331119,0.0017762675331119,0.0178052055768048,0.0340497981505156,0.5008626536271827,False,True
0.25,0.25,0.2509803921568627,0.2509803921568627,1.1102230246251566e-17,-1.1102230246251566e-17,0.0165984517599716,-2.1282193805744826e-16,0.4669165182474719,False,False
0.25,0.3,0.2509803921568627,0.2980392156862745,0.0015042198424297,-0.0015042198424297,0.0155852357745807,-0.0288348354366411,0.4384146262052107,False,False
0.25,0.35,0.2509803921568627,0.3490196078431372,0.0029081850711388,-0.0029081850711388,0.0140698480969235,-0.0557478605056378,0.3957865818262061,True,False
0.25,0.4,0.2509803921568627,0.4,0.003987918831868,-0.003987918831868,0.0126160105341756,-0.0764455965863705,0.3548899498564297,True,False
0.25,0.45,0.2509803921568627,0.4509803921568627,0.0046468477599327,-0.0046468477599327,0.0110179569504836,-0.0890768002636862,0.3099365032301744,True,False
0.25,0.5,0.2509803921568627,0.5019607843137255,0.0047879597107699,-0.0047879597107699,0.0102929523715674,-0.0917818170210518,0.289542033999172,True,False
0.25,0.55,0.2509803921568627,0.5490196078431373,0.0043787723192359,-0.0043787723192359,0.0098539330270334,-0.0839379827856424,0.2771923650808079,True,False
0.25,0.6,0.2509803921568627,0.6,0.0032743479648195,-0.0032743479648195,0.0099437946706925,-0.0627669454056431,0.2797201843249175,True,False
0.25,0.65,0.2509803921568627,0.6509803921568628,0.0014182946763908,-0.0014182946763908,0.0090895720402043,-0.0271877104933916,0.2556907951864912,False,False
0.25,0.7,0.2509803921568627,0.6980392156862745,-0.00100100688851,0.00100100688851,0.0085904909611017,0.0191885973625418,0.2416515821835218,False,True
0.25,0.75,0.2509803921568627,0.7490196078431373,-0.004405739192825,0.004405739192825,0.0085576279944771,0.084454918768169,0.2407271428335421,True,True
0.25,0.8,0.2509803921568627,0.8,-0.0086197530989357,0.0086197530989357,0.0093589488582714,0.1652345987610537,0.2632683986767031,True,True
0.25,0.85,0.2509803921568627,0.8509803921568627,-0.0136115137366009,0.0136115137366009,0.0096268692176565,0.2609231360786321,0.2708050318025337,True,True
0.25,0.9,0.2509803921568627,0.9019607843137256,-0.0193265883452898,0.0193265883452898,0.0102233616055984,0.3704770930211785,0.2875844370727665,True,True
0.25,0.95,0.2509803921568627,0.9490196078431372,-0.0251816097233547,0.0251816097233547,0.0113687707920853,0.4827137310127443,0.3198049403496346,True,True
0.25,1.0,0.2509803921568627,1.0,-0.0320734420178666,0.0320734420178666,0.0127651424649865,0.6148253043770373,0.3590850496705989,True,True
0.3,0.0,0.2980392156862745,0.0,-0.0107610231884885,0.0107610231884885,0.0284098875788174,0.2062812389635409,0.7991736810112087,True,True
0.3,0.05,0.2980392156862745,0.0509803921568627,-0.0089052965140465,0.0089052965140465,0.0247773058332338,0.1707082650114839,0.6969887034347155,True,True
0.3,0.1,0.2980392156862745,0.1019607843137254,-0.0069885681631867,0.0069885681631867,0.0222539263299114,0.1339659318665406,0.6260057232781167,True,True
0.3,0.15,0.2980392156862745,0.1490196078431372,-0.0052031443088791,0.0052031443088791,0.0201507967763246,0.0997406134845838,0.5668444266231952,True,True
0.3,0.2,0.2980392156862745,0.2,-0.0033032912854161,0.0033032912854161,0.018627515228921,0.0633217684859221,0.5239943267036619,True,True
0.3,0.25,0.2980392156862745,0.2509803921568627,-0.0015042198424296,0.0015042198424296,0.0173949740199329,0.0288348354366404,0.489322788766305,False,True
0.3,0.3,0.2980392156862745,0.2980392156862745,3.3306690738754695e-17,-3.3306690738754695e-17,0.0172425206218371,-6.3846581417234495e-16,0.485034255663143,False,False
0.3,0.35,0.2980392156862745,0.3490196078431372,0.0013783551863806,-0.0013783551863806,0.0166587307504851,-0.0264220985865521,0.4686121737689039,False,False
0.3,0.4,0.2980392156862745,0.4,0.0024030204491511,-0.0024030204491511,0.0157137127715322,-0.0460642103286129,0.442028700153729,False,False
0.3,0.45,0.2980392156862745,0.4509803921568627,0.002974636757509,-0.002974636757509,0.0143774782492199,-0.0570216925526054,0.4044402563794305,True,False
0.3,0.5,0.2980392156862745,0.5019607843137255,0.0029935556966561,-0.0029935556966561,0.0130771502369608,-0.057384355297476,0.3678618672113599,True,False
0.3,0.55,0.2980392156862745,0.5490196078431373,0.0024385147176609,-0.0024385147176609,0.0123937697473011,-0.0467446104686429,0.3486382888027017,False,False
0.3,0.6,0.2980392156862745,0.6,0.0011382693797103,-0.0011382693797103,0.0118146745582925,-0.0218198226886171,0.3323482689083254,False,False
0.3,0.65,0.2980392156862745,0.6509803921568628,-0.0009546055584437,0.0009546055584437,0.0113112592105422,0.0182991165308433,0.3181871323877038,False,True
0.3,0.7,0.2980392156862745,0.6980392156862745,-0.0036299320876041,0.0036299320876041,0.0104214079253183,0.0695832427148284,0.293155504747785,True,True
0.3,0.75,0.2980392156862745,0.7490196078431373,-0.0073530613429286,0.0073530613429286,0.0105375663556748,0.1409530095257866,0.2964230558815564,True,True
0.3,0.8,0.2980392156862745,0.8,-0.0119279383645316,0.0119279383645316,0.0112565959151332,0.2286501814017499,0.316649447069978,True,True
0.3,0.85,0.2980392156862745,0.8509803921568627,-0.0173220231923117,0.0173220231923117,0.0116354425724251,0.3320509902150996,0.3273064507911936,True,True
0.3,0.9,0.2980392156862745,0.9019607843137256,-0.0234790989341295,0.0234790989341295,0.0119213662533391,0.4500777977191656,0.3353495195970923,True,True
0.3,0.95,0.2980392156862745,0.9490196078431372,-0.0297752065297955,0.0297752065297955,0.0129873805274213,0.570769747985668,0.3653366340854999,True,True
0.3,1.0,0.2980392156862745,1.0,-0.0371779031137981,0.0371779031137981,0.0145386638803203,0.7126742301405592,0.4089744282861386,True,True
0.35,0.0,0.3490196078431372,0.0,-0.012604545572241,0.012604545572241,0.0305508820487868,0.2416202652546746,0.8594001224866712,True,True
0.35,0.05,0.3490196078431372,0.0509803921568627,-0.0106296158986991,0.0106296158986991,0.0272024553391533,0.2037622537265623,0.7652084615126489,True,True
0.35,0.1,0.3490196078431372,0.1019607843137254,-0.0086053548219245,0.0086053548219245,0.0230519284591568,0.1649585939268667,0.6484536227044884,True,True
0.35,0.15,0.3490196078431372,0.1490196078431372,-0.0067342345232216,0.0067342345232216,0.0210285214039032,0.1290905350345534,0.591534929871056,True,True
0.35,0.2,0.3490196078431372,0.2,-0.0047596642915025,0.0047596642915025,0.0191876978411086,0.0912394137531433,0.5397523334531947,True,True
0.35,0.25,0.3490196078431372,0.2509803921568627,-0.0029081850711387,0.0029081850711387,0.0181847552592694,0.0557478605056369,0.5115394335341903,True,True
0.35,0.3,0.3490196078431372,0.2980392156862745,-0.0013783551863806,0.0013783551863806,0.0178675590498166,0.0264220985865517,0.5026166646000325,False,True
0.35,0.35,0.3490196078431372,0.3490196078431372,1.942890293094024e-17,-1.942890293094024e-17,0.018277923972866,-3.7243839160053447e-16,0.5141602810681164,False,False
0.35,0.4,0.3490196078431372,0.4,0.0009927478762568,-0.0009927478762568,0.0181053671575139,-0.0190302779118398,0.5093062363301382,False,False
0.35,0.45,0.3490196078431372,0.4509803921568627,0.0014975373415663,-0.0014975373415663,0.017665985054685,-0.0287067365994456,0.496946362975695,False,False
0.35,0.5,0.3490196078431372,0.5019607843137255,0.0014119079454272,-0.0014119079454272,0.016529900550848,-0.0270652813569592,0.4649881641847843,False,False
0.35,0.55,0.3490196078431372,0.5490196078431373,0.000724645838813,-0.000724645838813,0.0154961554843971,-0.0138909505928798,0.4359087865318193,False,False
0.35,0.6,0.3490196078431372,0.6,-0.0007596572556013,0.0007596572556013,0.0148368266353194,0.0145620948053258,0.41736178377257,False,True
0.35,0.65,0.3490196078431372,0.6509803921568628,-0.0030808353120869,0.0030808353120869,0.0143301457062623,0.0590574440820601,0.4031087860424868,True,True
0.35,0.7,0.3490196078431372,0.6980392156862745,-0.0060072925873747,0.0060072925873747,0.0133110336159327,0.115155569877943,0.3744410358329101,True,True
0.35,0.75,0.3490196078431372,0.7490196078431373,-0.0100468031337441,0.0100468031337441,0.0126418954510208,0.192590143311699,0.3556180957957793,True,True
0.35,0.8,0.3490196078431372,0.8,-0.0149839791640892,0.0149839791640892,0.0128721892502997,0.2872323321334979,0.3620962890928553,True,True
0.35,0.85,0.3490196078431372,0.8509803921568627,-0.0207852582231296,0.0207852582231296,0.0135196540750727,0.3984387677029573,0.3803095553686735,True,True
0.35,0.9,0.3490196078431372,0.9019607843137256,-0.0273925593844347,0.0273925593844347,0.0138624521379462,0.525096079548291,0.3899525076327442,True,True
0.35,0.95,0.3490196078431372,0.9490196078431372,-0.0341401958503111,0.0341401958503111,0.0147408416974253,0.6544435203888171,0.4146617154979014,True,True
0.35,1.0,0.3490196078431372,1.0,-0.042067960758253,0.042067960758253,0.0160344814353298,0.8064131926753086,0.4510519626741821,True,True
0.4,0.0,0.4,0.0,-0.0142773820541329,0.0142773820541329,0.031304976164606,0.2736873629668331,0.8806128840189436,True,True
0.4,0.05,0.4,0.0509803921568627,-0.0121531309521519,0.0121531309521519,0.0283553206107882,0.2329669647750458,0.797638705394691,True,True
0.4,0.1,0.4,0.1019607843137254,-0.0099904471546993,0.0099904471546993,0.0242471873410336,0.1915098388669699,0.6820764041301731,True,True
0.4,0.15,0.4,0.1490196078431372,-0.0080046516512325,0.0080046516512325,0.0214257974874495,0.1534435370285392,0.6027103556514163,True,True
0.4,0.2,0.4,0.2,-0.0059236653058059,0.0059236653058059,0.0198015157735226,0.1135524937623173,0.5570191084503525,True,True
0.4,0.25,0.4,0.2509803921568627,-0.0039879188318679,0.0039879188318679,0.018823796839756,0.0764455965863697,0.5295157528976464,True,True
0.4,0.3,0.4,0.2980392156862745,-0.0024030204491511,0.0024030204491511,0.0184364183786892,0.046064210328613,0.5186187484721155,False,True
0.4,0.35,0.4,0.3490196078431372,-0.0009927478762567,0.0009927478762567,0.0186453318654669,0.0190302779118384,0.5244955109118757,False,True
0.4,0.4,0.4,0.4,1.6653345369377347e-17,-1.6653345369377347e-17,0.0193225177055712,-3.1923290708617243e-16,0.5435448330559148,False,False
0.4,0.45,0.4,0.4509803921568627,0.000469914728205,-0.000469914728205,0.0196461411612445,-0.0090079345284795,0.5526484012278929,False,False
0.4,0.5,0.4,0.5019607843137255,0.0003117848852655,-0.0003117848852655,0.0194965931980856,-0.0059766967597909,0.5484415983718862,False,False
0.4,0.55,0.4,0.5490196078431373,-0.0004779686516577,0.0004779686516577,0.0187670572394207,0.0091623225712558,0.5279196608633762,False,True
0.4,0.6,0.4,0.6,-0.0021139002127122,0.0021139002127122,0.0181413912940686,0.0405219789313389,0.5103195997845293,False,True
0.4,0.65,0.4,0.6509803921568628,-0.0046306731772591,0.0046306731772591,0.0175088250468264,0.0887667449004381,0.4925254323528734,True,True
0.4,0.7,0.4,0.6980392156862745,-0.0077778017938374,0.0077778017938374,0.0167562437621763,0.1490949849603472,0.4713552269500732,True,True
0.4,0.75,0.4,0.7490196078431373,-0.0121004139974189,0.0121004139974189,0.0156396454936675,0.2319564178645675,0.4399451783893647,True,True
0.4,0.8,0.4,0.8,-0.0173663520023802,0.0173663520023802,0.0153490124477228,0.3329007422974553,0.4317696345577772,True,True
0.4,0.85,0.4,0.8509803921568627,-0.0235410890677698,0.0235410890677698,0.0155208505405924,0.4512661049411515,0.4366034615426814,True,True
0.4,0.9,0.4,0.9019607843137256,-0.0305647492879341,0.0305647492879341,0.0158096982924029,0.5859047268357971,0.4447287848276041,True,True
0.4,0.95,0.4,0.9490196078431372,-0.0377325963444696,0.0377325963444696,0.0160616973266558,0.723307308878834,0.4518175490916803,True,True
0.4,1.0,0.4,1.0,-0.0461514912328159,0.0461514912328159,0.0173153395957549,0.884691597143325,0.4870826624817862,True,True
0.45,0.0,0.4509803921568627,0.0,-0.0156974560479354,0.0156974560479354,0.0308931292247292,0.3009091817224001,0.8690275782326606,True,True
0.45,0.05,0.4509803921568627,0.0509803921568627,-0.0133909670669363,0.0133909670669363,0.0281676295075526,0.2566954116819059,0.7923589312509289,True,True
0.45,0.1,0.4509803921568627,0.1019607843137254,-0.0110560643471619,0.0110560643471619,0.0249511053126224,0.2119369702718324,0.7018777044670317,True,True
0.45,0.15,0.4509803921568627,0.1490196078431372,-0.0089238668866188,0.0089238668866188,0.0217699964205029,0.1710642459804993,0.6123927145683699,True,True
0.45,0.2,0.4509803921568627,0.2,-0.0067017492780781,0.0067017492780781,0.0199853338298214,0.1284678157541594,0.5621899333007164,True,True
0.45,0.25,0.4509803921568627,0.2509803921568627,-0.0046468477599327,0.0046468477599327,0.0192104007929666,0.0890768002636858,0.5403909703205823,True,True
0.45,0.3,0.4509803921568627,0.2980392156862745,-0.0029746367575089,0.0029746367575089,0.0189859395341243,0.0570216925526047,0.5340768471134522,True,True
0.45,0.35,0.4509803921568627,0.3490196078431372,-0.0014975373415662,0.0014975373415662,0.0187162282397899,0.0287067365994447,0.5264898347641224,False,True
0.45,0.4,0.4509803921568627,0.4,-0.000469914728205,0.000469914728205,0.0194552205571552,0.0090079345284787,0.5472777808223175,False,True
0.45,0.45,0.4509803921568627,0.4509803921568627,-4.163336342344337e-18,4.163336342344337e-18,0.0203031261328193,7.980822677154311e-17,0.5711294704206471,False,True
0.45,0.5,0.4509803921568627,0.5019607843137255,-0.0001956867438613,0.0001956867438613,0.020940721899893,0.003751177120002,0.5890651188724688,False,True
0.45,0.55,0.4509803921568627,0.5490196078431373,-0.0010555407850331,0.0010555407850331,0.0213229319546119,0.0202339737680435,0.5998167353828043,False,True
0.45,0.6,0.4509803921568627,0.6,-0.0028077834997755,0.0028077834997755,0.0213232905915709,0.0538232330634387,0.5998268238851914,True,True
0.45,0.65,0.4509803921568627,0.6509803921568628,-0.0054845290427219,0.0054845290427219,0.0209196049356233,0.1051345607427429,0.5884710960337513,True,True
0.45,0.7,0.4509803921568627,0.6980392156862745,-0.0088191378270784,0.0088191378270784,0.020253668446792,0.1690566636364156,0.5697382195440971,True,True
0.45,0.75,0.4509803921568627,0.7490196078431373,-0.0133885492715933,0.0133885492715933,0.0194792093352126,0.2566490642472644,0.5479525881410682,True,True
0.45,0.8,0.4509803921568627,0.8,-0.0189466091182759,0.0189466091182759,0.0188318345491007,0.363193158737617,0.5297418546640156,True,True
0.45,0.85,0.4509803921568627,0.8509803921568627,-0.0254578759169884,0.0254578759169884,0.0185454607306049,0.4880095594584506,0.5216861234317948,True,True
0.45,0.9,0.4509803921568627,0.9019607843137256,-0.0328607464011672,0.0328607464011672,0.0181203489048052,0.6299173751572965,0.5097276747500412,True,True
0.45,0.95,0.4509803921568627,0.9490196078431372,-0.0404143804920755,0.0404143804920755,0.0181016396972223,0.7747152230623762,0.5092013824072306,True,True
0.45,1.0,0.4509803921568627,1.0,-0.0492870325273571,0.0492870325273571,0.0182907726324147,0.944797716397042,0.5145217154637695,True,True
0.5,0.0,0.5019607843137255,0.0,-0.0167815010916218,0.0167815010916218,0.0294269542112053,0.3216895620623596,0.8277838922337676,True,True
0.5,0.05,0.5019607843137255,0.0509803921568627,-0.0142572250227933,0.0142572250227933,0.0276059210995056,0.2733009668662268,0.7765580036735661,True,True
0.5,0.1,0.5019607843137255,0.1019607843137254,-0.011713554762473,0.011713554762473,0.0249374137078794,0.2245405986723476,0.7014925579179292,True,True
0.5,0.15,0.5019607843137255,0.1490196078431372,-0.0094006163654646,0.0094006163654646,0.0220281254912517,0.1802031978672244,0.6196539175236442,True,True
0.5,0.2,0.5019607843137255,0.2,-0.006999781799742,0.006999781799742,0.0200096749760072,0.134180889385115,0.5628746527788692,True,True
0.5,0.25,0.5019607843137255,0.2509803921568627,-0.0047879597107699,0.0047879597107699,0.0191026278890754,0.0917818170210505,0.5373593050921642,True,True
0.5,0.3,0.5019607843137255,0.2980392156862745,-0.0029935556966561,0.0029935556966561,0.0188185267488224,0.0573843552974756,0.5293675045823745,True,True
0.5,0.35,0.5019607843137255,0.3490196078431372,-0.0014119079454272,0.0014119079454272,0.018775620395013,0.0270652813569586,0.5281605434982265,False,True
0.5,0.4,0.5019607843137255,0.4,-0.0003117848852654,0.0003117848852654,0.0192884328999135,0.0059766967597907,0.5425860232215425,False,True
0.5,0.45,0.5019607843137255,0.4509803921568627,0.0001956867438614,-0.0001956867438614,0.020254026719409,-0.0037511771200023,0.5697482977974994,False,False
0.5,0.5,0.5019607843137255,0.5019607843137255,1.942890293094024e-17,-1.942890293094024e-17,0.0216588384294449,-3.7243839160053447e-16,0.6092658264157442,False,False
0.5,0.55,0.5019607843137255,0.5490196078431373,-0.0008952066667586,0.0008952066667586,0.0228134432935727,0.0171604815929523,0.6417450052515816,False,True
0.5,0.6,0.5019607843137255,0.6,-0.0027259389070469,0.0027259389070469,0.0235926131663892,0.0522543298378999,0.6636631509557587,True,True
0.5,0.65,0.5019607843137255,0.6509803921568628,-0.0055245668994738,0.0055245668994738,0.0236784762414964,0.1059020582707716,0.6660784899677823,True,True
0.5,0.7,0.5019607843137255,0.6980392156862745,-0.0090112053120058,0.0090112053120058,0.0233508607572899,0.1727384621105432,0.6568626255352605,True,True
0.5,0.75,0.5019607843137255,0.7490196078431373,-0.0137886720790519,0.0137886720790519,0.0228068766386772,0.264319136787245,0.6415602844303454,True,True
0.5,0.8,0.5019607843137255,0.8,-0.0195997668393642,0.0195997668393642,0.0225368565709254,0.3757137324400155,0.6339645862462728,True,True
0.5,0.85,0.5019607843137255,0.8509803921568627,-0.0264081754506014,0.0264081754506014,0.0221237612730875,0.5062261325246504,0.6223441639948422,True,True
0.5,0.9,0.5019607843137255,0.9019607843137256,-0.0341506326569838,0.0341506326569838,0.0213694972113952,0.6546435866254141,0.6011266218639627,True,True
0.5,0.95,0.5019607843137255,0.9490196078431372,-0.0420533349980359,0.0420533349980359,0.020810749745059,0.8061328271482084,0.5854089859462301,True,True
0.5,1.0,0.5019607843137255,1.0,-0.0513398800078652,0.0513398800078652,0.0205455801485731,0.984149357432012,0.5779497321238439,True,True
0.55,0.0,0.5490196078431373,0.0,-0.0174149052589771,0.0174149052589771,0.0281626401990869,0.3338314740458298,0.7922185813814986,True,True
0.55,0.05,0.5490196078431373,0.0509803921568627,-0.0146560024985551,0.0146560024985551,0.0265241073715181,0.2809452503446698,0.7461264485762193,True,True
0.55,0.1,0.5490196078431373,0.1019607843137254,-0.0118850253336272,0.0118850253336272,0.0245569233815724,0.227827568809287,0.6907893175823112,True,True
0.55,0.15,0.5490196078431373,0.1490196078431372,-0.0093727047016515,0.0093727047016515,0.0221067284930699,0.1796681509212174,0.621865029768538,True,True
0.55,0.2,0.5490196078431373,0.2,-0.006771258038338,0.006771258038338,0.0197181033694205,0.1298002497554696,0.5546727071193612,True,True
0.55,0.25,0.5490196078431373,0.2509803921568627,-0.0043787723192359,0.0043787723192359,0.0185552169046943,0.083937982785642,0.5219605658257684,True,True
0.55,0.3,0.5490196078431373,0.2980392156862745,-0.0024385147176608,0.0024385147176608,0.0183043711969205,0.0467446104686417,0.5149042447793979,False,True
0.55,0.35,0.5490196078431373,0.3490196078431372,-0.0007246458388129,0.0007246458388129,0.0185491842770454,0.0138909505928784,0.521790867257587,False,True
0.55,0.4,0.5490196078431373,0.4,0.0004779686516578,-0.0004779686516578,0.0191496570850548,-0.0091623225712566,0.5386822422407722,False,False
0.55,0.45,0.5490196078431373,0.4509803921568627,0.0010555407850331,-0.0010555407850331,0.0200685139147264,-0.0202339737680444,0.5645297994637181,False,False
0.55,0.5,0.5490196078431373,0.5019607843137255,0.0008952066667586,-0.0008952066667586,0.0216791825117472,-0.0171604815929525,0.6098381079883202,False,False
0.55,0.55,0.5490196078431373,0.5490196078431373,1.5265566588595904e-17,-1.5265566588595904e-17,0.0234360181178057,-2.9263016482899143e-16,0.6592581127078103,False,False
0.55,0.6,0.5490196078431373,0.6,-0.0018677459910102,0.0018677459910102,0.0247072377388783,0.0358033757892963,0.6950176792012626,False,True
0.55,0.65,0.5490196078431373,0.6509803921568628,-0.0047432722491037,0.0047432722491037,0.0251903167877358,0.0909251898400504,0.7086067530975889,True,True
0.55,0.7,0.5490196078431373,0.6980392156862745,-0.0083371703560138,0.0083371703560138,0.0253975907968111,0.1598176865122252,0.7144373968250967,True,True
0.55,0.75,0.5490196078431373,0.7490196078431373,-0.0132706025575939,0.0132706025575939,0.0252868497305627,0.2543881087721842,0.7113222368193659,True,True
0.55,0.8,0.5490196078431373,0.8,-0.0192789183855559,0.0192789183855559,0.0252088536982074,0.369563293451843,0.7091281987011677,True,True
0.55,0.85,0.5490196078431373,0.8509803921568627,-0.0263250289604317,0.0263250289604317,0.0252617114496965,0.5046322728416777,0.7106150938432302,True,True
0.55,0.9,0.5490196078431373,0.9019607843137256,-0.0343441892621689,0.0343441892621689,0.0244729837488624,0.6583539304865695,0.6884280852448206,True,True
0.55,0.95,0.5490196078431373,0.9490196078431372,-0.0425350737593011,0.0425350737593011,0.0237471844376515,0.8153674200665519,0.6680112600952467,True,True
0.55,1.0,0.5490196078431373,1.0,-0.0521667566209958,0.0521667566209958,0.02304541943215,0.9999999999999988,0.6482705229629512,True,True
0.6,0.0,0.6,0.0,-0.0176365373359046,0.0176365373359046,0.027109915958514,0.3380800049356789,0.7626053171933042,True,True
0.6,0.05,0.6,0.0509803921568627,-0.0145852368283655,0.0145852368283655,0.0257081120271083,0.2795887222648486,0.723172397763072,True,True
0.6,0.1,0.6,0.1019607843137254,-0.0115285529230315,0.0115285529230315,0.0240272428619593,0.2209942436481016,0.675889338501271,True,True
0.6,0.15,0.6,0.1490196078431372,-0.008763057923033,0.008763057923033,0.0221616467095216,0.1679816513550731,0.6234098860469904,True,True
0.6,0.2,0.6,0.2,-0.0059035235365672,0.0059035235365672,0.019933309582174,0.113166390225441,0.5607264847256783,True,True
0.6,0.25,0.6,0.2509803921568627,-0.0032743479648194,0.0032743479648194,0.0179067809947195,0.0627669454056419,0.5037199828021035,True,True
0.6,0.3,0.6,0.2980392156862745,-0.0011382693797103,0.0011382693797103,0.0176082958040244,0.0218198226886166,0.4953235571593273,False,True
0.6,0.35,0.6,0.3490196078431372,0.0007596572556013,-0.0007596572556013,0.0179447924086989,-0.0145620948053265,0.5047892486183102,False,False
0.6,0.4,0.6,0.4,0.0021139002127123,-0.0021139002127123,0.0190151014791192,-0.0405219789313398,0.5348971762633754,False,False
0.6,0.45,0.6,0.4509803921568627,0.0028077834997755,-0.0028077834997755,0.0199371283979244,-0.0538232330634395,0.5608339084890399,True,False
0.6,0.5,0.6,0.5019607843137255,0.002725938907047,-0.002725938907047,0.0210225255801987,-0.0522543298379005,0.5913662666024218,True,False
0.6,0.55,0.6,0.5490196078431373,0.0018677459910103,-0.0018677459910103,0.022715390188617,-0.0358033757892967,0.6389867591795174,False,False
0.6,0.6,0.6,0.6,3.3306690738754695e-17,-3.3306690738754695e-17,0.0248367961933579,-6.3846581417234495e-16,0.6986621746849324,False,False
0.6,0.65,0.6,0.6509803921568628,-0.0029186423626682,0.0029186423626682,0.0263898905404364,0.0559483194225174,0.7423509123777166,True,True
0.6,0.7,0.6,0.6980392156862745,-0.0065914933152831,0.0065914933152831,0.0268166404180492,0.1263542865655219,0.754355439661281,True,True
0.6,0.75,0.6,0.7490196078431373,-0.011653339755061,0.011653339755061,0.0271818671568672,0.2233863193705015,0.7646293133770824,True,True
0.6,0.8,0.6,0.8,-0.0178345485161698,0.0178345485161698,0.0272414259275979,0.341875739865182,0.7663047090261964,True,True
0.6,0.85,0.6,0.8509803921568627,-0.0250972175947216,0.0250972175947216,0.0276543805657221,0.4810959933173344,0.7779211745023376,True,True
0.6,0.9,0.6,0.9019607843137256,-0.0333750518321459,0.0333750518321459,0.0271854551922463,0.6397762482077186,0.764730245259814,True,True
0.6,0.95,0.6,0.9490196078431372,-0.0418401444939455,0.0418401444939455,0.0266225299942497,0.8020461152669374,0.7488950892294058,True,True
0.6,1.0,0.6,1.0,-0.0518045693409842,0.0518045693409842,0.0260399656081216,0.9930571248152724,0.7325074803873655,True,True
0.65,0.0,0.6509803921568628,0.0,-0.0173189779318853,0.0173189779318853,0.0262678257091367,0.3319926147165312,0.7389172134487392,True,True
0.65,0.05,0.6509803921568628,0.0509803921568627,-0.0139341712613038,0.0139341712613038,0.0246991661388068,0.2671082536823017,0.6947906240845239,True,True
0.65,0.1,0.6509803921568628,0.1019607843137254,-0.0105492084336846,0.0105492084336846,0.0234428191031689,0.2022208992275907,0.6594494252743269,True,True
0.65,0.15,0.6509803921568628,0.1490196078431372,-0.0074903375343535,0.0074903375343535,0.021826164437849,0.1435844974755221,0.6139727279018624,True,True
0.65,0.2,0.6509803921568628,0.2,-0.0043285734402443,0.0043285734402443,0.0200018193262747,0.0829757056144486,0.5626536723721011,True,True
0.65,0.25,0.6509803921568628,0.2509803921568627,-0.0014182946763907,0.0014182946763907,0.0180533637300369,0.02718771049339,0.50784337342909,False,True
0.65,0.3,0.6509803921568628,0.2980392156862745,0.0009546055584438,-0.0009546055584438,0.0169846954392297,-0.0182991165308444,0.4777816011191893,False,False
0.65,0.35,0.6509803921568628,0.3490196078431372,0.0030808353120869,-0.0030808353120869,0.0174580646907807,-0.0590574440820606,0.4910975372062274,True,False
0.65,0.4,0.6509803921568628,0.4,0.0046306731772591,-0.0046306731772591,0.0186314029070396,-0.0887667449004383,0.5241036875740298,True,False
0.65,0.45,0.6509803921568628,0.4509803921568627,0.005484529042722,-0.005484529042722,0.0196013116623185,-0.1051345607427435,0.5513873418317516,True,False
0.65,0.5,0.6509803921568628,0.5019607843137255,0.0055245668994738,-0.0055245668994738,0.0204591684481334,-0.1059020582707722,0.5755189602127877,True,False
0.65,0.55,0.6509803921568628,0.5490196078431373,0.0047432722491038,-0.0047432722491038,0.0218906968184258,-0.0909251898400515,0.6157880318162784,True,False
0.65,0.6,0.6509803921568628,0.6,0.0029186423626682,-0.0029186423626682,0.0240594459821723,-0.0559483194225187,0.676795216289391,True,False
0.65,0.65,0.6509803921568628,0.6509803921568628,5.273559366969494e-17,-5.273559366969494e-17,0.0259604901143338,-1.0109042057728793e-15,0.7302718248345451,False,False
0.65,0.7,0.6509803921568628,0.6980392156862745,-0.0037119344859263,0.0037119344859263,0.0274267911710423,0.0711551709625055,0.77151905644394,True,True
0.65,0.75,0.6509803921568628,0.7490196078431373,-0.0088588803489019,0.0088588803489019,0.0283086929617778,0.1698184998017766,0.7963270638124034,True,True
0.65,0.8,0.6509803921568628,0.8,-0.0151695248967131,0.0151695248967131,0.0289576559173554,0.2907891132071599,0.8145824726946098,True,True
0.65,0.85,0.6509803921568628,0.8509803921568627,-0.0226051728297589,0.0226051728297589,0.0293459097867321,0.4333252495260734,0.8255041024650828,True,True
0.65,0.9,0.6509803921568628,0.9019607843137256,-0.0310980262730737,0.0310980262730737,0.0292758851552744,0.5961272712238647,0.8235343008483673,True,True
0.65,0.95,0.6509803921568628,0.9490196078431372,-0.0397970180105906,0.0397970180105906,0.0287197723754786,0.7628808189039933,0.8078907789916256,True,True
0.65,1.0,0.6509803921568628,1.0,-0.0500505633355317,0.0500505633355317,0.0282016415264294,0.9594340644782888,0.7933156935840779,True,True
0.7,0.0,0.6980392156862745,0.0,-0.0165127588317908,0.0165127588317908,0.0259002424525943,0.3165379621309411,0.7285770505954313,True,True
0.7,0.05,0.6980392156862745,0.0509803921568627,-0.0127829876033814,0.0127829876033814,0.0242641605058881,0.2450408733717708,0.6825538613745044,True,True
0.7,0.1,0.6980392156862745,0.1019607843137254,-0.0090564170348597,0.0090564170348597,0.0229235751278254,0.1736051390094433,0.6448430274852858,True,True
0.7,0.15,0.6980392156862745,0.1490196078431372,-0.0056902017739434,0.0056902017739434,0.0215105642992252,0.109077162210489,0.6050948566391926,True,True
0.7,0.2,0.6980392156862745,0.2,-0.0022092565017312,0.0022092565017312,0.0198122610429074,0.0423498918627818,0.5573213742183499,False,True
0.7,0.25,0.6980392156862745,0.2509803921568627,0.00100100688851,-0.00100100688851,0.0183806993717307,-0.0191885973625427,0.5170513658568267,False,False
0.7,0.3,0.6980392156862745,0.2980392156862745,0.0036299320876041,-0.0036299320876041,0.0170039045985191,-0.0695832427148295,0.4783219571658601,True,False
0.7,0.35,0.6980392156862745,0.3490196078431372,0.0060072925873748,-0.0060072925873748,0.0167180085262957,-0.1151555698779444,0.4702796649958685,True,False
0.7,0.4,0.6980392156862745,0.4,0.0077778017938375,-0.0077778017938375,0.0178795092578755,-0.149094984960348,0.5029528254432167,True,False
0.7,0.45,0.6980392156862745,0.4509803921568627,0.0088191378270784,-0.0088191378270784,0.0191725598412718,-0.1690566636364161,0.5393264996297004,True,False
0.7,0.5,0.6980392156862745,0.5019607843137255,0.0090112053120058,-0.0090112053120058,0.0200611770495437,-0.1727384621105427,0.5643234125310392,True,False
0.7,0.55,0.6980392156862745,0.5490196078431373,0.0083371703560139,-0.0083371703560139,0.0212497137486949,-0.1598176865122267,0.5977570981182297,True,False
0.7,0.6,0.6980392156862745,0.6,0.0065914933152831,-0.0065914933152831,0.0233842840783159,-0.1263542865655226,0.6578028277244407,True,False
0.7,0.65,0.6980392156862745,0.6509803921568628,0.0037119344859264,-0.0037119344859264,0.0252019200773861,-0.0711551709625061,0.7089331550826711,True,False
0.7,0.7,0.6980392156862745,0.6980392156862745,3.885780586188048e-17,-3.885780586188048e-17,0.026867090398116,-7.448767832010689e-16,0.7557746038929253,False,False
0.7,0.75,0.6980392156862745,0.7490196078431373,-0.0051863713591938,0.0051863713591938,0.0283542442974638,0.0994190878469616,0.7976084285666338,True,True
0.7,0.8,0.6980392156862745,0.8,-0.0115773043045104,0.0115773043045104,0.0296206271107247,0.221928773310988,0.8332319350530722,True,True
0.7,0.85,0.6980392156862745,0.8509803921568627,-0.0191333830499051,0.0191333830499051,0.0303122294970171,0.3667734835215816,0.8526867964394844,True,True
0.7,0.9,0.6980392156862745,0.9019607843137256,-0.0277854577307961,0.0277854577307961,0.0307220591914133,0.5326276642549245,0.8642153568587988,True,True
0.7,0.95,0.6980392156862745,0.9490196078431372,-0.0366641453401076,0.0366641453401076,0.0304414087523852,0.7028258552948106,0.8563206250048546,True,True
0.7,1.0,0.6980392156862745,1.0,-0.0471454178201922,0.0471454178201922,0.0299034194518057,0.9037444701175326,0.8411869188789147,True,True
0.75,0.0,0.7490196078431373,0.0,-0.0150657579396941,0.0150657579396941,0.0248763792939312,0.2887999736911104,0.6997756522410563,True,True
0.75,0.05,0.7490196078431373,0.0509803921568627,-0.0109221283497288,0.0109221283497288,0.0237535443088431,0.2093695114894856,0.6681901640650993,True,True
0.75,0.1,0.7490196078431373,0.1019607843137254,-0.0067835564104434,0.0067835564104434,0.0224870949890484,0.1300360008909055,0.6325647867415682,True,True
0.75,0.15,0.7490196078431373,0.1490196078431372,-0.0030445451957403,0.0030445451957403,0.0215107221672669,0.0583617880992629,0.6050992974868962,True,True
0.75,0.2,0.7490196078431373,0.2,0.0008261271912908,-0.0008261271912908,0.0197587483192283,-0.0158362766788979,0.555816054626888,False,False
0.75,0.25,0.7490196078431373,0.2509803921568627,0.004405739192825,-0.004405739192825,0.0183644767213634,-0.0844549187681697,0.5165950206786278,True,False
0.75,0.3,0.7490196078431373,0.2980392156862745,0.0073530613429286,-0.0073530613429286,0.0174073463505222,-0.1409530095257872,0.4896708239689188,True,False
0.75,0.35,0.7490196078431373,0.3490196078431372,0.0100468031337441,-0.0100468031337441,0.0163214813167827,-0.1925901433116986,0.4591253051354699,True,False
0.75,0.4,0.7490196078431373,0.4,0.0121004139974189,-0.0121004139974189,0.0167990262584327,-0.2319564178645686,0.4725587039058079,True,False
0.75,0.45,0.7490196078431373,0.4509803921568627,0.0133885492715934,-0.0133885492715934,0.0182757650752888,-0.256649064247266,0.5140995510100039,True,False
0.75,0.5,0.7490196078431373,0.5019607843137255,0.0137886720790519,-0.0137886720790519,0.0196198253901996,-0.2643191367872454,0.5519081353061691,True,False
0.75,0.55,0.7490196078431373,0.5490196078431373,0.0132706025575939,-0.0132706025575939,0.0205465708850435,-0.2543881087721849,0.5779776016643237,True,False
0.75,0.6,0.7490196078431373,0.6,0.011653339755061,-0.011653339755061,0.0224097143582775,-0.2233863193705026,0.6303880599466948,True,False
0.75,0.65,0.7490196078431373,0.6509803921568628,0.0088588803489019,-0.0088588803489019,0.0242336852552836,-0.1698184998017779,0.6816965887739791,True,False
0.75,0.7,0.7490196078431373,0.6980392156862745,0.0051863713591938,-0.0051863713591938,0.0258180852608093,-0.0994190878469622,0.7262659585434772,True,False
0.75,0.75,0.7490196078431373,0.7490196078431373,1.2490009027033013e-17,-1.2490009027033013e-17,0.0275399099059066,-2.3942468031462933e-16,0.7747011005643906,False,False
0.75,0.8,0.7490196078431373,0.8,-0.0064351803726093,0.0064351803726093,0.0292363704335261,0.1233578774958642,0.8224227467971176,True,True
0.75,0.85,0.7490196078431373,0.8509803921568627,-0.0140789815585769,0.0140789815585769,0.030494337425192,0.2698841651372761,0.8578095151724302,True,True
0.75,0.9,0.7490196078431373,0.9019607843137256,-0.0228608206445875,0.0228608206445875,0.0313897950619469,0.4382258381650387,0.882998850180169,True,True
0.75,0.95,0.7490196078431373,0.9490196078431372,-0.0318947953086669,0.0318947953086669,0.0319930339024878,0.6114007727256336,0.8999680340034608,True,True
0.75,1.0,0.7490196078431373,1.0,-0.042580208891572,0.042580208891572,0.0317872051363742,0.8162326287778927,0.8941780451407213,True,True
0.8,0.0,0.8,0.0,-0.0130253596252228,0.0130253596252228,0.0236411616014448,0.2496869744050841,0.6650288244890695,True,True
0.8,0.05,0.8,0.0509803921568627,-0.0084269922696405,0.0084269922696405,0.0225695276068594,0.1615395093634961,0.6348836265619885,True,True
0.8,0.1,0.8,0.1019607843137254,-0.0038334994216767,0.0038334994216767,0.0218081737223497,0.0734854852013907,0.6134666468309776,True,True
0.8,0.15,0.8,0.1490196078431372,0.0003192527252064,-0.0003192527252064,0.0209931380896428,-0.0061198499942389,0.5905395928277333,False,False
0.8,0.2,0.8,0.2,0.004624954457352,-0.004624954457352,0.0198954000633041,-0.0886571210656902,0.5596600852316104,True,False
0.8,0.25,0.8,0.2509803921568627,0.0086197530989358,-0.0086197530989358,0.0187240573528343,-0.1652345987610543,0.5267100686905452,True,False
0.8,0.3,0.8,0.2980392156862745,0.0119279383645316,-0.0119279383645316,0.0176334738851948,-0.2286501814017508,0.4960318197229844,True,False
0.8,0.35,0.8,0.3490196078431372,0.0149839791640892,-0.0149839791640892,0.0163816228255515,-0.2872323321334987,0.4608170932782772,True,False
0.8,0.4,0.8,0.4,0.0173663520023802,-0.0173663520023802,0.0159757934399162,-0.332900742297456,0.449401062043344,True,False
0.8,0.45,0.8,0.4509803921568627,0.0189466091182759,-0.0189466091182759,0.0171325174141856,-0.3631931587376171,0.4819398517117731,True,False
0.8,0.5,0.8,0.5019607843137255,0.0195997668393643,-0.0195997668393643,0.0183019685575092,-0.3757137324400164,0.514836658233087,True,False
0.8,0.55,0.8,0.5490196078431373,0.0192789183855559,-0.0192789183855559,0.0195716356040161,-0.3695632934518433,0.5505525506103627,True,False
0.8,0.6,0.8,0.6,0.0178345485161698,-0.0178345485161698,0.0211683990617333,-0.3418757398651827,0.595469705832038,True,False
0.8,0.65,0.8,0.6509803921568628,0.0151695248967131,-0.0151695248967131,0.0235369235543063,-0.2907891132071603,0.6620965952219866,True,False
0.8,0.7,0.8,0.6980392156862745,0.0115773043045105,-0.0115773043045105,0.0253526504779079,-0.2219287733109889,0.7131732200491754,True,False
0.8,0.75,0.8,0.7490196078431373,0.0064351803726094,-0.0064351803726094,0.0268525064523755,-0.1233578774958648,0.755364355680267,True,False
0.8,0.8,0.8,0.8,1.2490009027033013e-17,-1.2490009027033013e-17,0.0287221420872042,-2.3942468031462933e-16,0.8079574392780292,False,False
0.8,0.85,0.8,0.8509803921568627,-0.0076872821412229,0.0076872821412229,0.0307041843513546,0.1473597869438745,0.8637125353785114,True,True
0.8,0.9,0.8,0.9019607843137256,-0.0165546784094457,0.0165546784094457,0.032067703239763,0.3173415309239853,0.9020684917741318,True,True
0.8,0.95,0.8,0.9490196078431372,-0.0257031989099981,0.0257031989099981,0.0328657356403228,0.4927122285316315,0.9245172427363558,True,True
0.8,1.0,0.8,1.0,-0.0365487271756673,0.0365487271756673,0.0333784402928342,0.700613370334727,0.9389396885585124,True,True
0.85,0.0,0.8509803921568627,0.0,-0.0104161293698959,0.0104161293698959,0.0225857143902466,0.1996698672599429,0.6353389627975639,True,True
0.85,0.05,0.8509803921568627,0.0509803921568627,-0.005323853183255,0.005323853183255,0.0214028537176141,0.102054517629572,0.6020649445442876,True,True
0.85,0.1,0.8509803921568627,0.1019607843137254,-0.0002340555608653,0.0002340555608653,0.0203445787670736,0.0044866803310352,0.572295538192393,False,True
0.85,0.15,0.8509803921568627,0.1490196078431372,0.0043720977800025,-0.0043720977800025,0.0199049650249833,-0.0838100365672903,0.5599291487966345,True,False
0.85,0.2,0.8509803921568627,0.2,0.0091568595662714,-0.0091568595662714,0.0193185355260639,-0.1755305516269353,0.5434328138496971,True,False
0.85,0.25,0.8509803921568627,0.2509803921568627,0.013611513736601,-0.013611513736601,0.0184407994351143,-0.2609231360786329,0.518741988135779,True,False
0.85,0.3,0.8509803921568627,0.2980392156862745,0.0173220231923118,-0.0173220231923118,0.0175747044672167,-0.3320509902151005,0.4943786286652531,True,False
0.85,0.35,0.8509803921568627,0.3490196078431372,0.0207852582231297,-0.0207852582231297,0.0166560586138777,-0.3984387677029579,0.4685370062328569,True,False
0.85,0.4,0.8509803921568627,0.4,0.0235410890677698,-0.0235410890677698,0.015610832869462,-0.4512661049411519,0.4391346756768137,True,False
0.85,0.45,0.8509803921568627,0.4509803921568627,0.0254578759169884,-0.0254578759169884,0.0156979251129421,-0.4880095594584509,0.4415845913484775,True,False
0.85,0.5,0.8509803921568627,0.5019607843137255,0.0264081754506014,-0.0264081754506014,0.0165397791252466,-0.5062261325246512,0.4652660497147214,True,False
0.85,0.55,0.8509803921568627,0.5490196078431373,0.0263250289604317,-0.0263250289604317,0.0177778587476957,-0.5046322728416777,0.5000933839135157,True,False
0.85,0.6,0.8509803921568627,0.6,0.0250972175947216,-0.0250972175947216,0.0194982412157757,-0.481095993317335,0.5484879573150574,True,False
0.85,0.65,0.8509803921568627,0.6509803921568628,0.022605172829759,-0.022605172829759,0.0218087542263591,-0.433325249526074,0.6134829764811648,True,False
0.85,0.7,0.8509803921568627,0.6980392156862745,0.0191333830499052,-0.0191333830499052,0.0241060930634058,-0.366773483521582,0.6781074045025398,True,False
0.85,0.75,0.8509803921568627,0.7490196078431373,0.0140789815585769,-0.0140789815585769,0.0259491595829546,-0.2698841651372769,0.7299530955736494,True,False
0.85,0.8,0.8509803921568627,0.8,0.0076872821412229,-0.0076872821412229,0.027848151040641,-0.1473597869438747,0.7833719621298014,True,False
0.85,0.85,0.8509803921568627,0.8509803921568627,6.938893903907228e-18,-6.938893903907228e-18,0.0301697148780433,-1.3301371128590517e-16,0.8486778424326359,False,False
0.85,0.9,0.8509803921568627,0.9019607843137256,-0.0089094987311907,0.0089094987311907,0.0325586158442589,0.1707888185558561,0.915877924567607,True,True
0.85,0.95,0.8509803921568627,0.9490196078431372,-0.0181325088344452,0.0181325088344452,0.03393076157462,0.3475874294080098,0.9544765551033402,True,True
0.85,1.0,0.8509803921568627,1.0,-0.029094855276306,0.029094855276306,0.0349350499500306,0.5577278934108794,0.9827273123633592,True,True
0.9,0.0,0.9019607843137256,0.0,-0.0072816243260321,0.0072816243260321,0.0216968906185183,0.1395836122022106,0.6103362392404321,True,True
0.9,0.05,0.9019607843137256,0.0509803921568627,-0.0016587123256432,0.0016587123256432,0.0204797840720596,0.0317963475800159,0.576098880285112,False,True
0.9,0.1,0.9019607843137256,0.1019607843137254,0.0039664668755938,-0.0039664668755938,0.0192484995663644,-0.0760343776863711,0.5414626935681256,True,False
0.9,0.15,0.9019607843137256,0.1490196078431372,0.0090636582447296,-0.0090636582447296,0.0183040748750283,-0.1737439479049708,0.5148959092076112,True,False
0.9,0.2,0.9019607843137256,0.2,0.0143694166872636,-0.0143694166872636,0.0183003883888285,-0.2754516020932812,0.5147922078910137,True,False
0.9,0.25,0.9019607843137256,0.2509803921568627,0.0193265883452899,-0.0193265883452899,0.0178723681092492,-0.3704770930211792,0.5027519440416822,True,False
0.9,0.3,0.9019607843137256,0.2980392156862745,0.0234790989341295,-0.0234790989341295,0.0173992767747253,-0.4500777977191669,0.4894438257952762,True,False
0.9,0.35,0.9019607843137256,0.3490196078431372,0.0273925593844348,-0.0273925593844348,0.0163217191692681,-0.5250960795482924,0.4591319959555502,True,False
0.9,0.4,0.9019607843137256,0.4,0.0305647492879341,-0.0305647492879341,0.0154235517510171,-0.5859047268357984,0.4338664344563498,True,False
0.9,0.45,0.9019607843137256,0.4509803921568627,0.0328607464011673,-0.0328607464011673,0.0148511043471644,-0.6299173751572976,0.4177634175875546,True,False
0.9,0.5,0.9019607843137256,0.5019607843137255,0.0341506326569838,-0.0341506326569838,0.0151339757537498,-0.6546435866254152,0.4257206255358962,True,False
0.9,0.55,0.9019607843137256,0.5490196078431373,0.0343441892621689,-0.0343441892621689,0.0159751183325854,-0.6583539304865705,0.4493820711899277,True,False
0.9,0.6,0.9019607843137256,0.6,0.0333750518321459,-0.0333750518321459,0.0170152987789605,-0.6397762482077192,0.4786424768828137,True,False
0.9,0.65,0.9019607843137256,0.6509803921568628,0.0310980262730738,-0.0310980262730738,0.0193403340700408,-0.5961272712238667,0.5440460096105875,True,False
0.9,0.7,0.9019607843137256,0.6980392156862745,0.0277854577307962,-0.0277854577307962,0.021551934612823,-0.532627664254926,0.6062586087206074,True,False
0.9,0.75,0.9019607843137256,0.7490196078431373,0.0228608206445875,-0.0228608206445875,0.0238049956940623,-0.43822583816504,0.6696374979485814,True,False
0.9,0.8,0.9019607843137256,0.8,0.0165546784094458,-0.0165546784094458,0.0260772243041481,-0.3173415309239866,0.7335555721536778,True,False
0.9,0.85,0.9019607843137256,0.8509803921568627,0.0089094987311908,-0.0089094987311908,0.0286899329552057,-0.1707888185558569,0.8070513923776321,True,False
0.9,0.9,0.9019607843137256,0.9019607843137256,4.302114220422482e-17,-4.302114220422482e-17,0.0314901682142976,-8.246850099726121e-16,0.8858223594748194,False,False
0.9,0.95,0.9019607843137256,0.9490196078431372,-0.0092586679275619,0.0092586679275619,0.0338817025089694,0.1774821462416853,0.9530965174677024,True,True
0.9,1.0,0.9019607843137256,1.0,-0.0202958378319024,0.0202958378319024,0.0355490780713272,0.3890569233459657,1.0,True,True
0.95,0.0,0.9490196078431372,0.0,-0.0039722562096956,0.0039722562096956,0.0207237564600334,0.0761453551455193,0.5829618539882363,True,True
0.95,0.05,0.9490196078431372,0.0509803921568627,0.0021704602737483,-0.0021704602737483,0.0195438425360623,-0.0416061954841705,0.5497707281423359,False,False
0.95,0.1,0.9490196078431372,0.1019607843137254,0.0083219899757082,-0.0083219899757082,0.0182117044454405,-0.1595266893084718,0.5122975175024164,True,False
0.95,0.15,0.9490196078431372,0.1490196078431372,0.0139035767670532,-0.0139035767670532,0.0173293270415549,-0.2665217787654719,0.4874761310767215,True,False
0.95,0.2,0.9490196078431372,0.2,0.019725067530467,-0.019725067530467,0.0169555779502157,-0.3781156584791045,0.4769625225215507,True,False
0.95,0.25,0.9490196078431372,0.2509803921568627,0.0251816097233547,-0.0251816097233547,0.0168984804613425,-0.4827137310127446,0.4753563630380714,True,False
0.95,0.3,0.9490196078431372,0.2980392156862745,0.0297752065297955,-0.0297752065297955,0.0168174488196162,-0.5707697479856688,0.4730769328496519,True,False
0.95,0.35,0.9490196078431372,0.3490196078431372,0.0341401958503112,-0.0341401958503112,0.0160698024827056,-0.6544435203888183,0.4520455481422757,True,False
0.95,0.4,0.9490196078431372,0.4,0.0377325963444696,-0.0377325963444696,0.0149143446041729,-0.7233073088788353,0.4195423739048343,True,False
0.95,0.45,0.9490196078431372,0.4509803921568627,0.0404143804920755,-0.0404143804920755,0.0142563457031428,-0.7747152230623776,0.4010327827500426,True,False
0.95,0.5,0.9490196078431372,0.5019607843137255,0.0420533349980359,-0.0420533349980359,0.0142772741165272,-0.8061328271482094,0.4016215016288393,True,False
0.95,0.55,0.9490196078431372,0.5490196078431373,0.0425350737593011,-0.0425350737593011,0.0147121861639854,-0.8153674200665528,0.4138556317681792,True,False
0.95,0.6,0.9490196078431372,0.6,0.0418401444939455,-0.0418401444939455,0.0157888057075098,-0.8020461152669386,0.4441410738087343,True,False
0.95,0.65,0.9490196078431372,0.6509803921568628,0.0397970180105906,-0.0397970180105906,0.017164932318692,-0.7628808189039934,0.4828516870184803,True,False
0.95,0.7,0.9490196078431372,0.6980392156862745,0.0366641453401076,-0.0366641453401076,0.019098506956529,-0.7028258552948111,0.5372433827456499,True,False
0.95,0.75,0.9490196078431372,0.7490196078431373,0.031894795308667,-0.031894795308667,0.0211158301108427,-0.6114007727256346,0.5939909346868313,True,False
0.95,0.8,0.9490196078431372,0.8,0.0257031989099981,-0.0257031989099981,0.023442776391171,-0.4927122285316322,0.6594482237805005,True,False
0.95,0.85,0.9490196078431372,0.8509803921568627,0.0181325088344452,-0.0181325088344452,0.0263329729194366,-0.3475874294080104,0.7407498125999504,True,False
0.95,0.9,0.9490196078431372,0.9019607843137256,0.009258667927562,-0.009258667927562,0.0292703633925744,-0.1774821462416857,0.8233789729749135,True,False
0.95,0.95,0.9490196078431372,0.9490196078431372,4.163336342344337e-17,-4.163336342344337e-17,0.0321206210594499,-7.980822677154309e-16,0.903557076642092,False,False
0.95,1.0,0.9490196078431372,1.0,-0.011070615569377,0.011070615569377,0.0349124385343986,0.2122159069579067,0.9820912504214256,True,True
1.0,0.0,1.0,0.0,3.053113317719181e-17,-3.053113317719181e-17,0.0198084482293818,-5.85260329657983e-16,0.5572141192983201,False,False
1.0,0.05,1.0,0.0509803921568627,0.0067351258494133,-0.0067351258494133,0.0185893700631331,-0.1291076211301698,0.5229212984323983,True,False
1.0,0.1,1.0,0.1019607843137254,0.0134885414862829,-0.0134885414862829,0.0173649558528385,-0.2585658446102079,0.4884783739819274,True,False
1.0,0.15,1.0,0.1490196078431372,0.0196257247347804,-0.0196257247347804,0.0164782612136697,-0.3762113270212694,0.4635355431892523,True,False
1.0,0.2,1.0,0.2,0.0260405318683723,-0.0260405318683723,0.0160664157086463,-0.4991786638675499,0.4519502777655709,True,False
1.0,0.25,1.0,0.2509803921568627,0.0320734420178667,-0.0320734420178667,0.0158446404767488,-0.6148253043770396,0.4457117128314115,True,False
1.0,0.3,1.0,0.2980392156862745,0.0371779031137981,-0.0371779031137981,0.0157744074810887,-0.7126742301405594,0.4437360499036946,True,False
1.0,0.35,1.0,0.3490196078431372,0.0420679607582531,-0.0420679607582531,0.0154019600682688,-0.8064131926753105,0.4332590577276218,True,False
1.0,0.4,1.0,0.4,0.046151491232816,-0.046151491232816,0.0144517404131353,-0.8846915971433265,0.4065292603127087,True,False
1.0,0.45,1.0,0.4509803921568627,0.0492870325273572,-0.0492870325273572,0.0136352687637447,-0.9447977163970428,0.3835618109810437,True,False
1.0,0.5,1.0,0.5019607843137255,0.0513398800078653,-0.0513398800078653,0.0134235271600285,-0.9841493574320128,0.377605493259065,True,False
1.0,0.55,1.0,0.5490196078431373,0.0521667566209958,-0.0521667566209958,0.0138380893328795,-1.0,0.3892671788875712,True,False
1.0,0.6,1.0,0.6,0.0518045693409842,-0.0518045693409842,0.0146498537409073,-0.9930571248152728,0.4121022129325898,True,False
1.0,0.65,1.0,0.6509803921568628,0.0500505633355317,-0.0500505633355317,0.0157679783369962,-0.9594340644782892,0.4435551972784977,True,False
1.0,0.7,1.0,0.6980392156862745,0.0471454178201922,-0.0471454178201922,0.0168219736637682,-0.9037444701175328,0.4732042172800079,True,False
1.0,0.75,1.0,0.7490196078431373,0.042580208891572,-0.042580208891572,0.0183994032972878,-0.816232628777893,0.5175775096155933,True,False
1.0,0.8,1.0,0.8,0.0365487271756673,-0.0365487271756673,0.0203659657902217,-0.7006133703347275,0.5728971578210427,True,False
1.0,0.85,1.0,0.8509803921568627,0.029094855276306,-0.029094855276306,0.0232759564648284,-0.5577278934108796,0.654755558445893,True,False
1.0,0.9,1.0,0.9019607843137256,0.0202958378319025,-0.0202958378319025,0.0263504318846208,-0.389056923345967,0.7412409354681498,True,False
1.0,0.95,1.0,0.9490196078431372,0.0110706155693771,-0.0110706155693771,0.0290921090978257,-0.2122159069579084,0.8183646574308922,True,False
1.0,1.0,1.0,1.0,1.8041124150158794e-17,-1.8041124150158794e-17,0.0321203975465857,-3.4583564934335347e-16,0.9035507891973444,False,False
