group,transform,metric,n_models,mean,median,ci_low,ci_high
3MIDD_048,LR,delta_A,10,0.018278931121415588,0.015603637006309097,0.00765521352256776,0.030899457152224762
3MIDD_048,LR,delta_S,10,0.00032555744901459485,0.00029397020737767293,6.477823829112769e-06,0.0007045569472627777
3MIDD_048,LR,normalized_error_A,10,0.004979881049986801,0.004212661080986774,0.0028882608093518908,0.007155824968353143
3MIDD_048,LR,normalized_error_S,10,0.09715052563269415,0.11147754726053757,0.05773429302004229,0.13722702082261748
3MIDD_048,LR,D_robustness,10,0.09217064458270734,0.10583778149771275,0.05211353912332277,0.13277257851263405
3MIDD_048,UD,delta_A,10,0.018278931121415588,0.015603637006309097,0.007568158213947037,0.030984032109952424
3MIDD_048,UD,delta_S,10,0.00032555744901459485,0.00029397020737767293,4.7394381890940616e-06,0.0007059029524671585
3MIDD_048,UD,normalized_error_A,10,0.004979881049986801,0.004212661080986774,0.002897825502430043,0.0071599200597981
3MIDD_048,UD,normalized_error_S,10,0.09715052563269415,0.11147754726053757,0.057405706206782744,0.13647849652496208
3MIDD_048,UD,D_robustness,10,0.09217064458270734,0.10583778149771275,0.05167598963423987,0.13358596525754773
3MIDD_048,identity,delta_A,10,0.0,0.0,0.0,0.0
3MIDD_048,identity,delta_S,10,0.0,0.0,0.0,0.0
3MIDD_048,identity,normalized_error_A,10,0.0,0.0,0.0,0.0
3MIDD_048,identity,normalized_error_S,10,0.0,0.0,0.0,0.0
3MIDD_048,identity,D_robustness,10,0.0,0.0,0.0,0.0
3MIDD_048,rot180,delta_A,10,0.0,0.0,0.0,0.0
3MIDD_048,rot180,delta_S,10,0.0,0.0,0.0,0.0
3MIDD_048,rot180,normalized_error_A,10,0.0,0.0,0.0,0.0
3MIDD_048,rot180,normalized_error_S,10,0.0,0.0,0.0,0.0
3MIDD_048,rot180,D_robustness,10,0.0,0.0,0.0,0.0
3MIDD_048,x_minus3,delta_A,10,0.004672037194074549,0.0034431419116362073,0.001628546569558315,0.00784907836237102
3MIDD_048,x_minus3,delta_S,10,0.002123426319064076,-0.0010549430184103893,-0.00120927715461296,0.005911839381149409
3MIDD_048,x_minus3,normalized_error_A,10,0.03550807249849704,0.0213284660876929,0.01458207098109008,0.06193639094260963
3MIDD_048,x_minus3,normalized_error_S,10,0.03062674424414743,0.020491176921186495,0.01550873886274444,0.05271599712246316
3MIDD_048,x_minus3,D_robustness,10,-0.004881328254349608,-1.2930174875532864e-05,-0.03142386802051373,0.015331139472588667
3MIDD_048,x_plus3,delta_A,10,0.005166117411752329,0.0019195778565781322,0.0017397872787820131,0.009872598107435031
3MIDD_048,x_plus3,delta_S,10,0.0002513926337051397,0.00015189581072634032,-0.003422829097680442,0.003815420848766445
3MIDD_048,x_plus3,normalized_error_A,10,0.03875126031843295,0.011929748622381518,0.01016029320649249,0.08204899936405381
3MIDD_048,x_plus3,normalized_error_S,10,0.029230721581912672,0.029695480894958905,0.014410795975965365,0.045930633654927805
3MIDD_048,x_plus3,D_robustness,10,-0.009520538736520277,-0.0004736808736982176,-0.038085396695205574,0.00979089473911259
3MIDD_048,y_minus3,delta_A,10,0.008574286565066855,0.007838517344268306,0.00489861581095532,0.012182411126778946
3MIDD_048,y_minus3,delta_S,10,0.0005878395841555761,0.0009476824893220577,-0.002035373778432219,0.0026424799022812667
3MIDD_048,y_minus3,normalized_error_A,10,0.0622345623573061,0.05559149806348854,0.04016090951501791,0.08693781273352202
3MIDD_048,y_minus3,normalized_error_S,10,0.01750811601956237,0.013758856538768805,0.008580322456029599,0.027793161174891258
3MIDD_048,y_minus3,D_robustness,10,-0.04472644633774373,-0.03852705762573049,-0.06886942970886972,-0.020142148958190186
3MIDD_048,y_plus3,delta_A,10,0.005243760349918928,0.005319777754046071,0.0009035068775565093,0.00916679292237442
3MIDD_048,y_plus3,delta_S,10,0.0005182752629074375,0.0003746453939062933,-0.0015141178254365637,0.0024996626989149478
3MIDD_048,y_plus3,normalized_error_A,10,0.046814113617561506,0.0420301777424077,0.027254992017645252,0.07312528460640778
3MIDD_048,y_plus3,normalized_error_S,10,0.016026041987804957,0.013643748638475523,0.010852593768998676,0.022191945956989843
3MIDD_048,y_plus3,D_robustness,10,-0.030788071629756542,-0.023822164539574635,-0.058471177672288085,-0.011520193778579265
3MIDD_207,LR,delta_A,10,-0.026764663683479878,-0.020768743645313753,-0.04590475514847564,-0.013239052388700365
3MIDD_207,LR,delta_S,10,-7.525341708697979e-05,-7.813877868309213e-05,-0.0009480335236915907,0.0006853442764845893
3MIDD_207,LR,normalized_error_A,10,0.004379881851946126,0.003917262678018315,0.002550981932954743,0.006414470105055502
3MIDD_207,LR,normalized_error_S,10,0.1601448368989215,0.14971745716629437,0.08261410776000833,0.2520084057025747
3MIDD_207,LR,D_robustness,10,0.1557649550469754,0.14908692060273518,0.07604067792934852,0.2468103321804056
3MIDD_207,UD,delta_A,10,-0.026764663683479878,-0.020768743645313753,-0.045951353337602904,-0.012994439862957103
3MIDD_207,UD,delta_S,10,-7.525341708697979e-05,-7.813877868309213e-05,-0.0009370638731384521,0.000681179366636013
3MIDD_207,UD,normalized_error_A,10,0.004379881851946126,0.003917262678018315,0.0025415751060404524,0.006427729017790873
3MIDD_207,UD,normalized_error_S,10,0.1601448368989215,0.14971745716629437,0.07958070202479434,0.25329894072043674
3MIDD_207,UD,D_robustness,10,0.1557649550469754,0.14908692060273518,0.07757861731245475,0.2474838503416999
3MIDD_207,identity,delta_A,10,0.0,0.0,0.0,0.0
3MIDD_207,identity,delta_S,10,0.0,0.0,0.0,0.0
3MIDD_207,identity,normalized_error_A,10,0.0,0.0,0.0,0.0
3MIDD_207,identity,normalized_error_S,10,0.0,0.0,0.0,0.0
3MIDD_207,identity,D_robustness,10,0.0,0.0,0.0,0.0
3MIDD_207,rot180,delta_A,10,0.0,0.0,0.0,0.0
3MIDD_207,rot180,delta_S,10,0.0,0.0,0.0,0.0
3MIDD_207,rot180,normalized_error_A,10,0.0,0.0,0.0,0.0
3MIDD_207,rot180,normalized_error_S,10,0.0,0.0,0.0,0.0
3MIDD_207,rot180,D_robustness,10,0.0,0.0,0.0,0.0
3MIDD_207,x_minus3,delta_A,10,-0.0025769494112718055,-0.0036214265276483235,-0.007039842949612697,0.002241691666642032
3MIDD_207,x_minus3,delta_S,10,-0.0011486744092031864,-0.0007429651910885143,-0.0035652864557500965,0.0013955358540162894
3MIDD_207,x_minus3,normalized_error_A,10,0.03615446138714995,0.029783902310574765,0.022361546702558157,0.050797237382628285
3MIDD_207,x_minus3,normalized_error_S,10,0.016425155761015546,0.008645797914146287,0.006635563302594385,0.02738006413616352
3MIDD_207,x_minus3,D_robustness,10,-0.0197293056261344,-0.018605561681529915,-0.028056271548265108,-0.012222626434189117
3MIDD_207,x_plus3,delta_A,10,-0.00039355600643951416,-0.00019037045147943243,-0.003706576722548288,0.0031896253458008113
3MIDD_207,x_plus3,delta_S,10,-0.0006711835381433273,-0.00024399541276885056,-0.0027703008517459783,0.0012258417445206672
3MIDD_207,x_plus3,normalized_error_A,10,0.023579473003355632,0.017455998067938336,0.010558916257682457,0.037730371546530056
3MIDD_207,x_plus3,normalized_error_S,10,0.014430906388849007,0.010171796833192515,0.007333110457306035,0.02283839658349976
3MIDD_207,x_plus3,D_robustness,10,-0.009148566614506626,-0.0031776446655487197,-0.028431918909442692,0.009499506422445767
3MIDD_207,y_minus3,delta_A,10,-0.0018592769474801278,-0.002261837942515184,-0.005078848615145554,0.0016206288945703818
3MIDD_207,y_minus3,delta_S,10,0.0020835136674804437,0.0028693459278107594,-0.001829184412145488,0.005732420536875242
3MIDD_207,y_minus3,normalized_error_A,10,0.028140568709231612,0.024415822048268795,0.017804054353371727,0.03923930062896559
3MIDD_207,y_minus3,normalized_error_S,10,0.030650462935895306,0.032450211183258706,0.020764522941157538,0.04039134915869615
3MIDD_207,y_minus3,D_robustness,10,0.002509894226663696,0.0055505959174324306,-0.012053261497234749,0.015936400402491228
3MIDD_207,y_plus3,delta_A,10,0.0016492778665905428,0.0008327555641559625,-0.0009071377225534975,0.004272113793129947
3MIDD_207,y_plus3,delta_S,10,-0.001024480506477045,-0.0004998291358033011,-0.0031999379651412524,0.001012371194636281
3MIDD_207,y_plus3,normalized_error_A,10,0.021504731099084833,0.01758390102542534,0.016435152854308657,0.02685157919201288
3MIDD_207,y_plus3,normalized_error_S,10,0.014243389551449066,0.009169615495994671,0.008269323222830376,0.02113413572020673
3MIDD_207,y_plus3,D_robustness,10,-0.007261341547635772,-0.009021765801307976,-0.015305582518240267,0.0015186033305131803
4MIDD_085_170,LR,delta_A,10,-0.005316126641843955,-0.002977105797772709,-0.011076909941507172,0.0005095363864014847
4MIDD_085_170,LR,delta_S,10,0.0009770307493718426,0.0020295779922279806,-0.003659457801545811,0.0052041827065180905
4MIDD_085_170,LR,normalized_error_A,10,0.026781371384251507,0.02648013356016205,0.015324692936755377,0.038694624492877375
4MIDD_085_170,LR,normalized_error_S,10,0.1241994432567296,0.1175183811273863,0.07325107463737039,0.18490626495096538
4MIDD_085_170,LR,D_robustness,10,0.09741807187247807,0.07930356900894003,0.04806684759129207,0.15896529093381673
4MIDD_085_170,UD,delta_A,10,-0.005316126641843955,-0.002977105797772709,-0.011369245246589449,0.0005523317238937859
4MIDD_085_170,UD,delta_S,10,0.0009770307493718426,0.0020295779922279806,-0.0038294772094701066,0.00516223196051815
4MIDD_085_170,UD,normalized_error_A,10,0.026781371384251507,0.02648013356016205,0.014936575682487758,0.03840716309735539
4MIDD_085_170,UD,normalized_error_S,10,0.1241994432567296,0.1175183811273863,0.07422432995462233,0.18517714552984643
4MIDD_085_170,UD,D_robustness,10,0.09741807187247807,0.07930356900894003,0.04897396064802174,0.15961740146611628
4MIDD_085_170,identity,delta_A,10,0.0,0.0,0.0,0.0
4MIDD_085_170,identity,delta_S,10,0.0,0.0,0.0,0.0
4MIDD_085_170,identity,normalized_error_A,10,0.0,0.0,0.0,0.0
4MIDD_085_170,identity,normalized_error_S,10,0.0,0.0,0.0,0.0
4MIDD_085_170,identity,D_robustness,10,0.0,0.0,0.0,0.0
4MIDD_085_170,rot180,delta_A,10,0.0,0.0,0.0,0.0
4MIDD_085_170,rot180,delta_S,10,0.0,0.0,0.0,0.0
4MIDD_085_170,rot180,normalized_error_A,10,0.0,0.0,0.0,0.0
4MIDD_085_170,rot180,normalized_error_S,10,0.0,0.0,0.0,0.0
4MIDD_085_170,rot180,D_robustness,10,0.0,0.0,0.0,0.0
4MIDD_085_170,x_minus3,delta_A,10,-0.004093188502485933,-0.003944236072281377,-0.007617232780931112,-0.0005554137094288161
4MIDD_085_170,x_minus3,delta_S,10,-0.0028116417816558036,-0.0016312022414007423,-0.005319175953307177,-0.0005093025451197023
4MIDD_085_170,x_minus3,normalized_error_A,10,0.03865892824439215,0.025189975809272278,0.021859403076990365,0.058265637178211344
4MIDD_085_170,x_minus3,normalized_error_S,10,0.01951068779219312,0.01271603879586997,0.010040500481119721,0.029914818476156173
4MIDD_085_170,x_minus3,D_robustness,10,-0.019148240452199025,-0.01800677025729676,-0.039141736445857084,0.0002475645239457726
4MIDD_085_170,x_plus3,delta_A,10,-0.0032950578825216665,-0.0035660344540702476,-0.005950821835037647,-0.00040780362783451326
4MIDD_085_170,x_plus3,delta_S,10,0.0018648124348560626,0.0022165234213397025,-0.003619555099613975,0.0064059644922952585
4MIDD_085_170,x_plus3,normalized_error_A,10,0.03103938030395396,0.02091565363110961,0.018553877095850234,0.04522872509278417
4MIDD_085_170,x_plus3,normalized_error_S,10,0.03798024810137253,0.025316770523122804,0.019080619077037345,0.06163840192123523
4MIDD_085_170,x_plus3,D_robustness,10,0.006940867797418574,0.00459230747430239,-0.020169137848211224,0.035874700558411
4MIDD_085_170,y_minus3,delta_A,10,-0.008690591081511632,-0.00875383959434302,-0.015592959944084704,-0.0012290534800287096
4MIDD_085_170,y_minus3,delta_S,10,0.0014140031629940905,0.0018619293427700988,-0.004053240194574907,0.00552880966988892
4MIDD_085_170,y_minus3,normalized_error_A,10,0.07570935212016554,0.06623470518390251,0.04121987579591535,0.11532180538257276
4MIDD_085_170,y_minus3,normalized_error_S,10,0.030356216719776497,0.026052758440308854,0.014653002032976339,0.048855930985169715
4MIDD_085_170,y_minus3,D_robustness,10,-0.04535313540038905,-0.02465752277322429,-0.09513035167684504,-0.005161740392590639
4MIDD_085_170,y_plus3,delta_A,10,-0.0058385830655192685,-0.0046393536036719325,-0.008917166526575022,-0.0030584775879327775
4MIDD_085_170,y_plus3,delta_S,10,0.0006288483655402067,-0.000752248212061165,-0.003937634071101067,0.0059044163044133895
4MIDD_085_170,y_plus3,normalized_error_A,10,0.038357415557693675,0.027443090366182428,0.019092905473469007,0.059967592354058144
4MIDD_085_170,y_plus3,normalized_error_S,10,0.02528459886016357,0.010704269533962502,0.009480768995536543,0.04551551381515721
4MIDD_085_170,y_plus3,D_robustness,10,-0.013072816697530099,-0.0135830656698367,-0.045575882771038106,0.02153422677924364
