model_id,group,transform,A,S,delta_A,delta_S,equivariance_error_A,equivariance_error_S,abs_equivariance_A,abs_equivariance_S,normalized_error_A,normalized_error_S,D_robustness,relative_A,relative_S,A_raw_sign_flipped,S_raw_sign_flipped,A_equivariant_sign,S_equivariant_sign,reversal,baseline_reversal
0,3MIDD_048,identity,-0.0018620960078069672,0.00034791412964108536,0.0,0.0,0.0,0.0,0.0,0.0,0.0,0.0,0.0,0.0,0.0,False,False,True,True,True,True
0,3MIDD_048,LR,0.0004153585169612569,0.00032926477554739715,0.002277454524768224,-1.8649354093688213e-05,0.0014467374908457105,-0.0006771789051884825,0.0014467374908457105,0.0006771789051884825,0.007622947518154741,0.0035680966915675287,-0.004054850826587212,0.7769361597998156,1.9463407320643518,True,False,True,False,True,True
0,3MIDD_048,UD,0.0004153585169612569,0.00032926477554739715,0.002277454524768224,-1.8649354093688213e-05,0.0014467374908457105,-0.0006771789051884825,0.0014467374908457105,0.0006771789051884825,0.007622947518154741,0.0035680966915675287,-0.004054850826587212,0.7769361597998156,1.9463407320643518,True,False,True,False,True,True
0,3MIDD_048,rot180,-0.0018620960078069672,0.00034791412964108536,0.0,0.0,0.0,0.0,0.0,0.0,0.0,0.0,0.0,0.0,0.0,False,False,True,True,True,True
0,3MIDD_048,x_minus3,0.0065365592670206885,0.0053593971294532425,0.008398655274827655,0.005011482999812157,0.008398655274827655,0.005011482999812157,0.008398655274827655,0.005011482999812157,0.044253023639872255,0.026405807644731105,-0.017847215995141153,4.5102992201388625,14.403953542923128,True,False,False,True,True,True
0,3MIDD_048,x_plus3,0.0022833275238827644,-0.005330613650916034,0.004145423531689732,-0.00567852778055712,0.004145423531689732,-0.00567852778055712,0.004145423531689732,0.00567852778055712,0.02184248782004127,0.02992050702043158,0.008078019200390307,2.226201684710671,16.321166877431082,True,True,False,False,False,True
0,3MIDD_048,y_minus3,-0.005220572049895674,-0.00884932493139804,-0.0033584760420887066,-0.009197239061039126,-0.0033584760420887066,-0.009197239061039126,0.0033584760420887066,0.009197239061039126,0.017696013804727326,0.04846081000723928,0.030764796202511956,1.8035901436374393,26.434611104802922,False,True,True,False,False,True
0,3MIDD_048,y_plus3,0.0054041034141537264,0.004929472347143696,0.007266199421960694,0.00458155821750261,0.007266199421960694,0.00458155821750261,0.007266199421960694,0.00458155821750261,0.03828604511912785,0.02414050791133995,-0.014145537207787901,3.9021405824892947,13.168268099797777,True,False,False,True,True,True
0,3MIDD_207,identity,0.004824904659851929,0.013167299317486059,0.0,0.0,0.0,0.0,0.0,0.0,0.0,0.0,0.0,0.0,0.0,False,False,True,True,False,False
0,3MIDD_207,LR,-0.004291055613153882,0.014674311008116015,-0.009115960273005812,0.0015070116906299568,-0.0005338490466980468,-0.027841610325602076,0.0005338490466980468,0.027841610325602076,0.003700691162562372,0.19300062802535647,0.1892999368627941,0.11064424644443971,2.1144494789553314,True,False,True,False,False,False
0,3MIDD_207,UD,-0.004291055613153882,0.014674311008116015,-0.009115960273005812,0.0015070116906299568,-0.0005338490466980468,-0.027841610325602076,0.0005338490466980468,0.027841610325602076,0.003700691162562372,0.19300062802535647,0.1892999368627941,0.11064424644443971,2.1144494789553314,True,False,True,False,False,False
0,3MIDD_207,rot180,0.004824904659851929,0.013167299317486059,0.0,0.0,0.0,0.0,0.0,0.0,0.0,0.0,0.0,0.0,0.0,False,False,True,True,False,False
0,3MIDD_207,x_minus3,0.007279272260395493,0.01312865684074015,0.0024543676005435644,-3.8642476745908566e-05,0.0024543676005435644,-3.8642476745908566e-05,0.0024543676005435644,3.8642476745908566e-05,0.01701390410864288,0.00026787323697140736,-0.016746030871671473,0.5086862200830897,0.002934728410654995,False,False,True,True,False,False
0,3MIDD_207,x_plus3,0.003012681248240462,0.008379791253724319,-0.0018122234116114667,-0.00478750806376174,-0.0018122234116114667,-0.00478750806376174,0.0018122234116114667,0.00478750806376174,0.012562500964308125,0.03318745044473259,0.020624949480424468,0.3755969875883943,0.363590460915502,False,False,True,True,False,False
0,3MIDD_207,y_minus3,0.0030348822826872686,0.009840251214533836,-0.0017900223771646602,-0.0033270481029522223,-0.0017900223771646602,-0.0033270481029522223,0.0017900223771646602,0.0033270481029522223,0.012408601332033406,0.023063406384575345,0.01065480505254194,0.3709956555417281,0.25267486490455077,False,False,True,True,False,False
0,3MIDD_207,y_plus3,0.0032727077089461576,0.014365172619045938,-0.0015521969509057713,0.0011978733015598798,-0.0015521969509057713,0.0011978733015598798,0.0015521969509057713,0.0011978733015598798,0.01075997339379395,0.008303768955607797,-0.0024562044381861528,0.32170453994172954,0.09097327879805449,False,False,True,True,False,False
0,4MIDD_085_170,identity,0.0007244197792092557,0.007646592851629192,0.0,0.0,0.0,0.0,0.0,0.0,0.0,0.0,0.0,0.0,0.0,False,False,True,True,False,False
0,4MIDD_085_170,LR,0.0010056496115126113,0.011838991499385703,0.0002812298323033556,0.004192398647756511,-0.001730069390721867,-0.019485584351014894,0.001730069390721867,0.019485584351014894,0.011796879502179981,0.13286697738902503,0.12107009788684504,2.3881809395112215,2.548266822418177,False,False,False,False,False,False
0,4MIDD_085_170,UD,0.0010056496115126113,0.011838991499385703,0.0002812298323033556,0.004192398647756511,-0.001730069390721867,-0.019485584351014894,0.001730069390721867,0.019485584351014894,0.011796879502179981,0.13286697738902503,0.12107009788684504,2.3881809395112215,2.548266822418177,False,False,False,False,False,False
0,4MIDD_085_170,rot180,0.0007244197792092557,0.007646592851629192,0.0,0.0,0.0,0.0,0.0,0.0,0.0,0.0,0.0,0.0,0.0,False,False,True,True,False,False
0,4MIDD_085_170,x_minus3,0.004195020367095743,0.007437747681889241,0.0034706005878864877,-0.0002088451697399513,0.0034706005878864877,-0.0002088451697399513,0.0034706005878864877,0.0002088451697399513,0.023665095258640956,0.0014240592401941457,-0.02224103601844681,4.790803315229239,0.027312150740960026,False,False,True,True,False,False
0,4MIDD_085_170,x_plus3,-0.007162731862027972,0.008407761697485843,-0.007887151641237228,0.0007611688458566508,-0.007887151641237228,0.0007611688458566508,0.007887151641237228,0.0007611688458566508,0.05378037321859928,0.005190206360241816,-0.04859016685835746,10.887392909008202,0.09954339994190695,True,False,False,True,False,False
0,4MIDD_085_170,y_minus3,-9.626396386721615e-06,0.012375031257107951,-0.0007340461755959773,0.004728438405478759,-0.0007340461755959773,0.004728438405478759,0.0007340461755959773,0.004728438405478759,0.0050052641408381065,0.032241954225684884,0.027236690084846773,1.0132744355114973,0.6183711246977229,True,False,False,True,False,False
0,4MIDD_085_170,y_plus3,-0.005213217438541811,0.005925466037238409,-0.005937637217751067,-0.001721126814390783,-0.005937637217751067,-0.001721126814390783,0.005937637217751067,0.001721126814390783,0.04048715685111463,0.011735902470864014,-0.02875125438025061,8.196290914810593,0.22508385067024608,True,False,False,True,False,False
1,3MIDD_048,identity,-0.0014282551694965368,-0.0013184994026383097,0.0,0.0,0.0,0.0,0.0,0.0,0.0,0.0,0.0,0.0,0.0,False,False,True,True,True,True
1,3MIDD_048,LR,0.0015769374221416101,-0.001593969094291876,0.0030051925916381467,-0.0002754696916535662,-0.0001486822526450733,0.002912468496930186,0.0001486822526450733,0.002912468496930186,0.0009617476771992941,0.018839234421106556,0.017877486743907264,0.10409989392759872,2.208909918353557,True,False,True,False,False,True
1,3MIDD_048,UD,0.0015769374221416101,-0.001593969094291876,0.0030051925916381467,-0.0002754696916535662,-0.0001486822526450733,0.002912468496930186,0.0001486822526450733,0.002912468496930186,0.0009617476771992941,0.018839234421106556,0.017877486743907264,0.10409989392759872,2.208909918353557,True,False,True,False,False,True
1,3MIDD_048,rot180,-0.0014282551694965368,-0.0013184994026383097,0.0,0.0,0.0,0.0,0.0,0.0,0.0,0.0,0.0,0.0,0.0,False,False,True,True,True,True
1,3MIDD_048,x_minus3,-0.001862111893937484,-0.0020796697490978477,-0.00043385672444094716,-0.000761170346459538,-0.00043385672444094716,-0.000761170346459538,0.00043385672444094716,0.000761170346459538,0.0028063920847664226,0.004923612600946828,0.002117220516180405,0.30376482862344223,0.5772961079658985,False,False,True,True,False,True
1,3MIDD_048,x_plus3,-0.00033027942543628885,-0.0010663734800435757,0.001097975744060248,0.0002521259225947341,0.001097975744060248,0.0002521259225947341,0.001097975744060248,0.0002521259225947341,0.007102230445700077,0.0016308706392554738,-0.005471359806444603,0.7687478260407935,0.19122042064336847,False,False,True,True,False,True
1,3MIDD_048,y_minus3,0.0026235133644770736,-0.001318787944603308,0.004051768533973611,-2.8854196499825124e-07,0.004051768533973611,-2.8854196499825124e-07,0.004051768533973611,2.8854196499825124e-07,0.02620877009040549,1.8664269586635398e-06,-0.02620690366344683,2.836846140693789,0.0002188395201588133,True,False,False,True,True,True
1,3MIDD_048,y_plus3,-0.001119996270501391,-0.003196833297258378,0.00030825889899514574,-0.0018783338946200684,0.00030825889899514574,-0.0018783338946200684,0.00030825889899514574,0.0018783338946200684,0.0019939654855264054,0.01214995890913692,0.010155993423610515,0.21582749868766102,1.4245889266026937,False,False,True,True,False,True
1,3MIDD_207,identity,0.008649105587812041,0.002361864945009111,0.0,0.0,0.0,0.0,0.0,0.0,0.0,0.0,0.0,0.0,0.0,False,False,True,True,True,True
1,3MIDD_207,LR,-0.007949227980020502,0.002017055702394303,-0.016598333567832545,-0.00034480924261480776,-0.0006998776077915391,-0.0043789206474034136,0.0006998776077915391,0.0043789206474034136,0.00436880067875045,0.027334252851633614,0.022965452172883167,0.08091897959807316,1.8540019049935441,True,False,True,False,True,True
1,3MIDD_207,UD,-0.007949227980020502,0.002017055702394303,-0.016598333567832545,-0.00034480924261480776,-0.0006998776077915391,-0.0043789206474034136,0.0006998776077915391,0.0043789206474034136,0.00436880067875045,0.027334252851633614,0.022965452172883167,0.08091897959807316,1.8540019049935441,True,False,True,False,True,True
1,3MIDD_207,rot180,0.008649105587812041,0.002361864945009111,0.0,0.0,0.0,0.0,0.0,0.0,0.0,0.0,0.0,0.0,0.0,False,False,True,True,True,True
1,3MIDD_207,x_minus3,0.009550528176832062,0.0015701098398333566,0.0009014225890200209,-0.0007917551051757543,0.0009014225890200209,-0.0007917551051757543,0.0009014225890200209,0.0007917551051757543,0.005626891866391362,0.004942321632222087,-0.0006845702341692752,0.1042213599608111,0.3352231272230631,False,False,True,True,True,True
1,3MIDD_207,x_plus3,0.008061851996069937,0.004643428863112382,-0.0005872535917421044,0.002281563918103271,-0.0005872535917421044,0.002281563918103271,0.0005872535917421044,0.002281563918103271,0.003665775075012424,0.01424205873006158,0.010576283655049158,0.06789753076830615,0.9659969182214555,False,False,True,True,True,True
1,3MIDD_207,y_minus3,0.006484586072278347,0.001545665117991795,-0.002164519515533694,-0.0008161998270173158,-0.002164519515533694,-0.0008161998270173158,0.002164519515533694,0.0008161998270173158,0.01351144003373916,0.0050949113367423785,-0.008416528696996783,0.2502590575369164,0.3455728376906794,False,False,True,True,True,True
1,3MIDD_207,y_plus3,0.006004955811542115,0.0031344601033698677,-0.002644149776269926,0.0007725951583607569,-0.002644149776269926,0.0007725951583607569,0.002644149776269926,0.0007725951583607569,0.016505404957500275,0.004822720736696486,-0.011682684220803789,0.30571331246814964,0.3271109505578741,False,False,True,True,True,True
1,4MIDD_085_170,identity,0.0010991173576564862,-0.0022028062224937477,0.0,0.0,0.0,0.0,0.0,0.0,0.0,0.0,0.0,0.0,0.0,False,False,True,True,False,False
1,4MIDD_085_170,LR,-0.002144626898035096,0.0002704870323504225,-0.0032437442556915823,0.00247329325484417,0.00104550954037861,0.0019323191901433252,0.00104550954037861,0.0019323191901433252,0.0066225407081732775,0.012239833309674503,0.005617292601501227,0.951217830304763,0.8772039947825515,True,True,True,True,True,False
1,4MIDD_085_170,UD,-0.002144626898035096,0.0002704870323504225,-0.0032437442556915823,0.00247329325484417,0.00104550954037861,0.0019323191901433252,0.00104550954037861,0.0019323191901433252,0.0066225407081732775,0.012239833309674503,0.005617292601501227,0.951217830304763,0.8772039947825515,True,True,True,True,True,False
1,4MIDD_085_170,rot180,0.0010991173576564862,-0.0022028062224937477,0.0,0.0,0.0,0.0,0.0,0.0,0.0,0.0,0.0,0.0,0.0,False,False,True,True,False,False
1,4MIDD_085_170,x_minus3,-0.0008073407614469379,-0.00014521878152276427,-0.001906458119103424,0.0020575874409709833,-0.001906458119103424,0.0020575874409709833,0.001906458119103424,0.0020575874409709833,0.012076022278685072,0.013033316351682332,0.0009572940729972609,1.7345197586276946,0.9340713128767706,True,False,False,True,True,False
1,4MIDD_085_170,x_plus3,-2.1961214356548708e-06,-0.0005778844325653835,-0.001101313479092141,0.0016249217899283641,-0.001101313479092141,0.0016249217899283641,0.001101313479092141,0.0016249217899283641,0.00697601797598753,0.010292694887797448,0.003316676911809918,1.0019889609883936,0.7376565386325487,True,False,False,True,False,False
1,4MIDD_085_170,y_minus3,-0.0014407955559669657,-0.0029519467961106544,-0.002539912913623452,-0.0007491405736169067,-0.002539912913623452,-0.0007491405736169067,0.002539912913623452,0.0007491405736169067,0.01608849658090642,0.004745259371928488,-0.011343237208977933,2.3108449588944353,0.3400831017890477,True,False,False,True,False,False
1,4MIDD_085_170,y_plus3,-0.0009617739481666266,0.0008078897381834232,-0.002060891305823113,0.003010695960677171,-0.002060891305823113,0.003010695960677171,0.002060891305823113,0.003010695960677171,0.013054243926833495,0.019070563958983208,0.006016320032149711,1.875025029144266,1.366748587528035,True,True,False,False,True,False
2,3MIDD_048,identity,-0.01168862441543227,0.012276672038941772,0.0,0.0,0.0,0.0,0.0,0.0,0.0,0.0,0.0,0.0,0.0,False,False,True,True,False,False
2,3MIDD_048,LR,0.012016753686510671,0.011830947793064114,0.02370537810194294,-0.0004457242458776583,-0.00032812927107840097,-0.024107619832005885,0.00032812927107840097,0.024107619832005885,0.002752503146304219,0.20222608979510232,0.1994735866487981,0.028072506968408427,1.9636917984465383,True,False,True,False,True,False
2,3MIDD_048,UD,0.012016753686510671,0.011830947793064114,0.02370537810194294,-0.0004457242458776583,-0.00032812927107840097,-0.024107619832005885,0.00032812927107840097,0.024107619832005885,0.002752503146304219,0.20222608979510232,0.1994735866487981,0.028072506968408427,1.9636917984465383,True,False,True,False,True,False
2,3MIDD_048,rot180,-0.01168862441543227,0.012276672038941772,0.0,0.0,0.0,0.0,0.0,0.0,0.0,0.0,0.0,0.0,0.0,False,False,True,True,False,False
2,3MIDD_048,x_minus3,-0.009141012577470237,0.009984539495651703,0.002547611837962033,-0.0022921325432900697,0.002547611837962033,-0.0022921325432900697,0.002547611837962033,0.0022921325432900697,0.0213705701308095,0.019227489264878033,-0.0021430808659314705,0.21795632812319565,0.18670619113693745,False,False,True,True,False,False
2,3MIDD_048,x_plus3,-0.010087214080275518,0.014031514441926634,0.0016014103351567523,0.001754842402984862,0.0016014103351567523,0.001754842402984862,0.0016014103351567523,0.001754842402984862,0.013433385481144302,0.014720446059595188,0.0012870605784508855,0.13700576801704417,0.14294109739247807,False,False,True,True,False,False
2,3MIDD_048,y_minus3,-0.004205930713854139,0.010329372854683177,0.007482693701578131,-0.0019472991842585958,0.007482693701578131,-0.0019472991842585958,0.007482693701578131,0.0019472991842585958,0.06276836531143687,0.016334864347371053,-0.046433500964065816,0.640168340939715,0.15861770941706735,False,False,True,True,False,False
2,3MIDD_048,y_plus3,-0.00628004693998859,0.011362888244395351,0.0054085774754436804,-0.0009137837945464213,0.0054085774754436804,-0.0009137837945464213,0.0054085774754436804,0.0009137837945464213,0.04536969978101049,0.007665249617215252,-0.037704450163795235,0.4627210744398716,0.07443247219793499,False,False,True,True,False,False
2,3MIDD_207,identity,-0.0018313920030548474,0.02378913354357009,0.0,0.0,0.0,0.0,0.0,0.0,0.0,0.0,0.0,0.0,0.0,False,False,True,True,False,False
2,3MIDD_207,LR,0.0007994179817985923,0.02549858724665293,0.0026308099848534397,0.0017094537030828416,0.0010319740212562552,-0.04928772079022302,0.0010319740212562552,0.04928772079022302,0.006470234558527027,0.3090224247890669,0.30255219023053986,0.5634885292988016,2.071857723669286,True,False,True,False,False,False
2,3MIDD_207,UD,0.0007994179817985923,0.02549858724665293,0.0026308099848534397,0.0017094537030828416,0.0010319740212562552,-0.04928772079022302,0.0010319740212562552,0.04928772079022302,0.006470234558527027,0.3090224247890669,0.30255219023053986,0.5634885292988016,2.071857723669286,True,False,True,False,False,False
2,3MIDD_207,rot180,-0.0018313920030548474,0.02378913354357009,0.0,0.0,0.0,0.0,0.0,0.0,0.0,0.0,0.0,0.0,0.0,False,False,True,True,False,False
2,3MIDD_207,x_minus3,-0.007281426784151247,0.021819478496842352,-0.0054500347810964,-0.001969655046727737,-0.0054500347810964,-0.001969655046727737,0.0054500347810964,0.001969655046727737,0.034170437103540084,0.012349274196070488,-0.021821162907469598,2.975881194847192,0.08279638327963725,False,False,True,True,False,False
2,3MIDD_207,x_plus3,0.009024083822055263,0.02552712206535675,0.01085547582511011,0.0017379885217866618,0.01085547582511011,0.0017379885217866618,0.01085547582511011,0.0017379885217866618,0.06806128195686534,0.010896779535494727,-0.05716450242137061,5.927412882044886,0.07305805350257842,True,False,False,True,False,False
2,3MIDD_207,y_minus3,-5.220014006570434e-06,0.031257888021787236,0.001826171989048277,0.0074687544782171475,0.001826171989048277,0.0074687544782171475,0.001826171989048277,0.0074687544782171475,0.011449669148619163,0.0468273351254395,0.035377665976820336,0.9971442566963198,0.31395642573420257,False,False,True,True,False,False
2,3MIDD_207,y_plus3,0.0028728094143954386,0.02457657535480587,0.004704201417450286,0.0007874418112357798,0.004704201417450286,0.0007874418112357798,0.004704201417450286,0.0007874418112357798,0.029494237213846117,0.004937075076448758,-0.02455716213739736,2.568633980744534,0.033100889478999994,True,False,False,True,False,False
2,4MIDD_085_170,identity,0.00415911217909919,0.007152283812785504,0.0,0.0,0.0,0.0,0.0,0.0,0.0,0.0,0.0,0.0,0.0,False,False,True,True,False,False
2,4MIDD_085_170,LR,0.0014486448392453544,0.016219540009695936,-0.0027104673398538354,0.009067256196910432,-0.005607757018344544,-0.02337182382248144,0.005607757018344544,0.02337182382248144,0.04589315456060715,0.19127196837160096,0.14537881381099382,1.348303025702195,3.2677382157737647,False,False,False,False,False,False
2,4MIDD_085_170,UD,0.0014486448392453544,0.016219540009695936,-0.0027104673398538354,0.009067256196910432,-0.005607757018344544,-0.02337182382248144,0.005607757018344544,0.02337182382248144,0.04589315456060715,0.19127196837160096,0.14537881381099382,1.348303025702195,3.2677382157737647,False,False,False,False,False,False
2,4MIDD_085_170,rot180,0.00415911217909919,0.007152283812785504,0.0,0.0,0.0,0.0,0.0,0.0,0.0,0.0,0.0,0.0,0.0,False,False,True,True,False,False
2,4MIDD_085_170,x_minus3,-0.0005123137171781401,0.008206627448628153,-0.00467142589627733,0.0010543436358426486,-0.00467142589627733,0.0010543436358426486,0.00467142589627733,0.0010543436358426486,0.03823034235880051,0.00862861127567247,-0.02960173108312804,1.1231759239371752,0.14741335625193341,True,False,False,True,False,False
2,4MIDD_085_170,x_plus3,0.0016818402123890555,0.009960408865536546,-0.0024772719667101343,0.0028081250527510412,-0.0024772719667101343,0.0028081250527510412,0.0024772719667101343,0.0028081250527510412,0.0202736717880208,0.02298133044100067,0.0027076586529798693,0.5956237542525568,0.3926188054147345,False,False,True,True,False,False
2,4MIDD_085_170,y_minus3,-0.00409622742731678,0.014231654218914376,-0.00825533960641597,0.007079370406128872,-0.00825533960641597,0.007079370406128872,0.00825533960641597,0.007079370406128872,0.06756062633744311,0.05793664725084185,-0.00962397908660127,1.984875473940505,0.9898041930930922,True,False,False,True,False,False
2,4MIDD_085_170,y_plus3,0.0026126003284941985,0.006335159358959307,-0.0015465118506049914,-0.0008171244538261978,-0.0015465118506049914,-0.0008171244538261978,0.0015465118506049914,0.0008171244538261978,0.012656451974907012,0.006687240323006689,-0.005969211651900323,0.3718361192601332,0.11424648863914103,False,False,True,True,False,False
3,3MIDD_048,identity,-0.030285068787364037,0.010152336458780244,0.0,0.0,0.0,0.0,0.0,0.0,0.0,0.0,0.0,0.0,0.0,False,False,True,True,True,True
3,3MIDD_048,LR,0.030862530102237058,0.010579489931815135,0.0611475988896011,0.00042715347303489033,-0.0005774613148730214,-0.020731826390595377,0.0005774613148730214,0.020731826390595377,0.0050128402417905045,0.17996934329608408,0.17495650305429358,0.01906751898938291,2.042072389350492,True,False,True,False,True,True
3,3MIDD_048,UD,0.030862530102237058,0.010579489931815135,0.0611475988896011,0.00042715347303489033,-0.0005774613148730214,-0.020731826390595377,0.0005774613148730214,0.020731826390595377,0.0050128402417905045,0.17996934329608408,0.17495650305429358,0.01906751898938291,2.042072389350492,True,False,True,False,True,True
3,3MIDD_048,rot180,-0.030285068787364037,0.010152336458780244,0.0,0.0,0.0,0.0,0.0,0.0,0.0,0.0,0.0,0.0,0.0,False,False,True,True,True,True
3,3MIDD_048,x_minus3,-0.016468690701897784,0.008803620768419004,0.013816378085466253,-0.0013487156903612407,0.013816378085466253,-0.0013487156903612407,0.013816378085466253,0.0013487156903612407,0.11993755127622217,0.011707964002512878,-0.1082295872737093,0.4562107360681827,0.13284768165046276,False,False,True,True,True,True
3,3MIDD_048,x_plus3,-0.020754637201575617,0.01812497897767843,0.00953043158578842,0.007972642518898187,0.00953043158578842,0.007972642518898187,0.00953043158578842,0.007972642518898187,0.08273200255046813,0.06920910929060403,-0.0135228932598641,0.31469066508636057,0.7853004772116555,False,False,True,True,True,True
3,3MIDD_048,y_minus3,-0.013416691756399498,0.01507725891238912,0.01686837703096454,0.004924922453608876,0.01686837703096454,0.004924922453608876,0.01686837703096454,0.004924922453608876,0.146431418030327,0.0427523867439966,-0.10367903128633041,0.5569864007751104,0.4851018898541985,False,False,True,True,False,True
3,3MIDD_048,y_plus3,-0.025054090754715576,0.008408546034951279,0.005230978032648461,-0.0017437904238289652,0.005230978032648461,-0.0017437904238289652,0.005230978032648461,0.0017437904238289652,0.045409201466159385,0.015137538367814129,-0.030271663098345256,0.17272459713167404,0.17176230449866595,False,False,True,True,True,True
3,3MIDD_207,identity,0.01633867868383454,0.03506469075253933,0.0,0.0,0.0,0.0,0.0,0.0,0.0,0.0,0.0,0.0,0.0,False,False,True,True,False,False
3,3MIDD_207,LR,-0.017913974739863222,0.0349702143715202,-0.034252653423697765,-9.447638101912903e-05,0.001575296056028682,-0.07003490512405953,0.001575296056028682,0.07003490512405953,0.01080561064324337,0.48039853417451744,0.469592923531274,0.0964150848646303,1.997305085199899,True,False,True,False,False,False
3,3MIDD_207,UD,-0.017913974739863222,0.0349702143715202,-0.034252653423697765,-9.447638101912903e-05,0.001575296056028682,-0.07003490512405953,0.001575296056028682,0.07003490512405953,0.01080561064324337,0.48039853417451744,0.469592923531274,0.0964150848646303,1.997305085199899,True,False,True,False,False,False
3,3MIDD_207,rot180,0.01633867868383454,0.03506469075253933,0.0,0.0,0.0,0.0,0.0,0.0,0.0,0.0,0.0,0.0,0.0,False,False,True,True,False,False
3,3MIDD_207,x_minus3,0.007954095691168247,0.02888182033764726,-0.008384582992666293,-0.006182870414892072,-0.008384582992666293,-0.006182870414892072,0.008384582992666293,0.006182870414892072,0.0575133409862753,0.04241087896162161,-0.015102462024653696,0.5131735572489351,0.17632748268768036,False,False,True,True,False,False
3,3MIDD_207,x_plus3,0.008630772757325022,0.034870978213942555,-0.007707905926509518,-0.00019371253859677695,-0.007707905926509518,-0.00019371253859677695,0.007707905926509518,0.00019371253859677695,0.052871731632833735,0.0013287548462908826,-0.05154297678654285,0.4717579284153753,0.005524431534832037,False,False,True,True,False,False
3,3MIDD_207,y_minus3,0.0074115681474549566,0.03032886111068317,-0.008927110536379583,-0.004735829641856162,-0.008927110536379583,-0.004735829641856162,0.008927110536379583,0.004735829641856162,0.06123476298702605,0.032485024631901095,-0.028749738355124954,0.5463786420762178,0.13505974784379704,False,False,True,True,False,False
3,3MIDD_207,y_plus3,0.014327423179142337,0.03580351450470715,-0.002011255504692203,0.0007388237521678206,-0.002011255504692203,0.0007388237521678206,0.002011255504692203,0.0007388237521678206,0.013796037769923919,0.005067899312864303,-0.008728138457059616,0.12309773101204469,0.021070299654968996,False,False,True,True,False,False
3,4MIDD_085_170,identity,0.0116512184613667,0.022975883156999326,0.0,0.0,0.0,0.0,0.0,0.0,0.0,0.0,0.0,0.0,0.0,False,False,True,True,False,False
3,4MIDD_085_170,LR,-0.01053455199019621,0.024561745886611117,-0.02218577045156291,0.0015858627296117915,-0.0011166664711704903,-0.047537629043610446,0.0011166664711704903,0.047537629043610446,0.008177515336971124,0.34812515699507957,0.3399476416581084,0.09584109305496395,2.069022027512723,True,False,True,False,False,False
3,4MIDD_085_170,UD,-0.01053455199019621,0.024561745886611117,-0.02218577045156291,0.0015858627296117915,-0.0011166664711704903,-0.047537629043610446,0.0011166664711704903,0.047537629043610446,0.008177515336971124,0.34812515699507957,0.3399476416581084,0.09584109305496395,2.069022027512723,True,False,True,False,False,False
3,4MIDD_085_170,rot180,0.0116512184613667,0.022975883156999326,0.0,0.0,0.0,0.0,0.0,0.0,0.0,0.0,0.0,0.0,0.0,False,False,True,True,False,False
3,4MIDD_085_170,x_minus3,-0.0006836666700881667,0.016839185157373197,-0.012334885131454866,-0.006136697999626128,-0.012334885131454866,-0.006136697999626128,0.012334885131454866,0.006136697999626128,0.09033020597145594,0.04493995593661992,-0.04539025003483603,1.0586767886626758,0.2670929028827181,True,False,False,True,False,False
3,4MIDD_085_170,x_plus3,0.0033641397856067692,0.032064247968044184,-0.00828707867575993,0.009088364811044858,-0.00828707867575993,0.009088364811044858,0.00828707867575993,0.009088364811044858,0.060687514776618164,0.06655545281341303,0.005867938036794862,0.7112622246862927,0.395560892842862,False,False,True,True,False,False
3,4MIDD_085_170,y_minus3,-0.01649601237730795,0.023868315715204137,-0.02814723083867465,0.0008924325582048108,-0.02814723083867465,0.0008924325582048108,0.02814723083867465,0.0008924325582048108,0.2061263750806986,0.006535416904102596,-0.19959095817659597,2.4158165752225713,0.03884212692436472,True,False,False,True,False,False
3,4MIDD_085_170,y_plus3,0.004495828672642496,0.027236764218798053,-0.007155389788724204,0.004260881061798727,-0.007155389788724204,0.004260881061798727,0.007155389788724204,0.004260881061798727,0.05239998804474274,0.031203068356969663,-0.021196919687773076,0.6141317898323032,0.18545007293876195,False,False,True,True,False,False
4,3MIDD_048,identity,0.0003172441223762545,-0.016774987025131152,0.0,0.0,0.0,0.0,0.0,0.0,0.0,0.0,0.0,0.0,0.0,False,False,True,True,False,False
4,3MIDD_048,LR,-4.0900641375648736e-05,-0.016575066329015786,-0.0003581447637519032,0.000199920696115366,-0.00027634348100060574,0.03335005335414694,0.00027634348100060574,0.03335005335414694,0.0010919618865325167,0.13178160398317684,0.13068964209664433,0.8710477232912679,1.9880810294144415,True,False,True,False,False,False
4,3MIDD_048,UD,-4.0900641375648736e-05,-0.016575066329015786,-0.0003581447637519032,0.000199920696115366,-0.00027634348100060574,0.03335005335414694,0.00027634348100060574,0.03335005335414694,0.0010919618865325167,0.13178160398317684,0.13068964209664433,0.8710477232912679,1.9880810294144415,True,False,True,False,False,False
4,3MIDD_048,rot180,0.0003172441223762545,-0.016774987025131152,0.0,0.0,0.0,0.0,0.0,0.0,0.0,0.0,0.0,0.0,0.0,False,False,True,True,False,False
4,3MIDD_048,x_minus3,-0.0016448010762268248,-0.00812439272139492,-0.0019620451986030792,0.008650594303736232,-0.0019620451986030792,0.008650594303736232,0.0019620451986030792,0.008650594303736232,0.007752955013706253,0.0341825298043291,0.02642957479062285,6.184459271662824,0.5156838055337061,True,False,False,True,False,False
4,3MIDD_048,x_plus3,0.0009386020639026767,-0.024233093537924917,0.0006213579415264223,-0.007458106512793765,0.0006213579415264223,-0.007458106512793765,0.0006213579415264223,0.007458106512793765,0.0024552748180792657,0.029470454769486232,0.027015179951406964,1.9585496222158123,0.44459659227483256,False,False,True,True,False,False
4,3MIDD_048,y_minus3,0.0057636097169815005,-0.012964658755160362,0.005446365594605246,0.0038103282699707905,0.005446365594605246,0.0038103282699707905,0.005446365594605246,0.0038103282699707905,0.021521128806428765,0.015056382842540674,-0.006464745963888092,17.16720196986443,0.2271433052573671,False,False,True,True,False,False
4,3MIDD_048,y_plus3,0.012233191599117179,-0.011750200145787886,0.011915947476740924,0.0050247868793432664,0.011915947476740924,0.0050247868793432664,0.011915947476740924,0.0050247868793432664,0.04708546204676303,0.01985527482075643,-0.0272301872260066,37.559630076639145,0.2995402545714598,False,False,True,True,True,False
4,3MIDD_207,identity,0.012544558204157277,-0.012279327537892007,0.0,0.0,0.0,0.0,0.0,0.0,0.0,0.0,0.0,0.0,0.0,False,False,True,True,True,True
4,3MIDD_207,LR,-0.012394595518637684,-0.012341128714239062,-0.02493915372279496,-6.180117634705523e-05,-0.0001499626855195925,0.02462045625213107,0.0001499626855195925,0.02462045625213107,0.0007590146951697574,0.12461291975669596,0.1238539050615262,0.011954391978983762,2.005031311840432,True,False,True,False,True,True
4,3MIDD_207,UD,-0.012394595518637684,-0.012341128714239062,-0.02493915372279496,-6.180117634705523e-05,-0.0001499626855195925,0.02462045625213107,0.0001499626855195925,0.02462045625213107,0.0007590146951697574,0.12461291975669596,0.1238539050615262,0.011954391978983762,2.005031311840432,True,False,True,False,True,True
4,3MIDD_207,rot180,0.012544558204157277,-0.012279327537892007,0.0,0.0,0.0,0.0,0.0,0.0,0.0,0.0,0.0,0.0,0.0,False,False,True,True,True,True
4,3MIDD_207,x_minus3,0.02422534333239147,-0.019916712388178947,0.011680785128234191,-0.00763738485028694,0.011680785128234191,-0.00763738485028694,0.011680785128234191,0.00763738485028694,0.05912062412547147,0.03865553163408311,-0.020465092491388354,0.931142861048272,0.6219704301408144,False,False,True,True,True,True
4,3MIDD_207,x_plus3,0.013292643517947069,-0.008440476788073767,0.0007480853137897918,0.00383885074981824,0.0007480853137897918,0.00383885074981824,0.0007480853137897918,0.00383885074981824,0.00378632687484746,0.0194297942956937,0.015643467420846238,0.059634201960165986,0.31262686101527715,False,False,True,True,True,True
4,3MIDD_207,y_minus3,0.021584647375141854,-0.003893746337301926,0.009040089170984577,0.00838558120059008,0.009040089170984577,0.00838558120059008,0.009040089170984577,0.00838558120059008,0.045755119032766495,0.04244242050436991,-0.0033126985283965923,0.7206377313161474,0.682901758723837,False,False,True,True,True,True
4,3MIDD_207,y_plus3,0.01864119530617666,-0.01653547145622409,0.006096637102019383,-0.004256143918332083,0.006096637102019383,-0.004256143918332083,0.006096637102019383,0.004256143918332083,0.030857257160450787,0.02154186401489445,-0.009315393145556336,0.4859981629338947,0.34661022267677927,False,False,True,True,True,True
4,4MIDD_085_170,identity,-0.0007819858001025908,-0.01695026867196085,0.0,0.0,0.0,0.0,0.0,0.0,0.0,0.0,0.0,0.0,0.0,False,False,True,True,False,False
4,4MIDD_085_170,LR,-0.00740177174456651,-0.010470518469628171,-0.006619785944463919,0.006479750202332678,0.008183757544669101,0.02742078714158902,0.008183757544669101,0.02742078714158902,0.035269575522545095,0.11817548573489803,0.08290591021235293,10.465219306287151,1.6177189574439554,False,False,False,False,False,False
4,4MIDD_085_170,UD,-0.00740177174456651,-0.010470518469628171,-0.006619785944463919,0.006479750202332678,0.008183757544669101,0.02742078714158902,0.008183757544669101,0.02742078714158902,0.035269575522545095,0.11817548573489803,0.08290591021235293,10.465219306287151,1.6177189574439554,False,False,False,False,False,False
4,4MIDD_085_170,rot180,-0.0007819858001025908,-0.01695026867196085,0.0,0.0,0.0,0.0,0.0,0.0,0.0,0.0,0.0,0.0,0.0,False,False,True,True,False,False
4,4MIDD_085_170,x_minus3,-0.0031735705473623383,-0.02748588643757048,-0.0023915847472597476,-0.010535617765609632,-0.0023915847472597476,-0.010535617765609632,0.0023915847472597476,0.010535617765609632,0.010307023198285034,0.04540539775679062,0.03509837455850559,3.0583089409764006,0.6215601506916609,False,False,True,True,False,False
4,4MIDD_085_170,x_plus3,-0.0030117848076019987,-0.006970948800917046,-0.002229799007499408,0.009979319871043803,-0.002229799007499408,0.009979319871043803,0.002229799007499408,0.009979319871043803,0.009609774491220748,0.04300791829844535,0.0333981438072246,2.851420694595647,0.588740755486905,False,False,True,True,False,False
4,4MIDD_085_170,y_minus3,-0.008160061249347572,-0.00614112049352777,-0.007378075449244981,0.010809148178433078,-0.007378075449244981,0.010809148178433078,0.007378075449244981,0.010809148178433078,0.03179732388793581,0.046584232967894074,0.014786909079958268,9.434929763404156,0.6376973728646462,False,False,True,True,True,False
4,4MIDD_085_170,y_plus3,-0.004123055789695388,-0.031262456054239704,-0.003341069989592797,-0.014312187382278855,-0.003341069989592797,-0.014312187382278855,0.003341069989592797,0.014312187382278855,0.014399023881250228,0.061681296277028376,0.04728227239577815,4.272490963703998,0.844362954690183,False,False,True,True,False,False
5,3MIDD_048,identity,-0.007756049026713566,-0.008646301018465589,0.0,0.0,0.0,0.0,0.0,0.0,0.0,0.0,0.0,0.0,0.0,False,False,True,True,False,False
5,3MIDD_048,LR,0.008800571309170425,-0.006952495891814854,0.016556620335883992,0.0016938051266507347,-0.001044522282456859,0.015598796910280443,0.001044522282456859,0.015598796910280443,0.00888337592504468,0.13266349532200608,0.12378011939696139,0.13467178097269444,1.8040985198157575,True,False,True,False,True,False
5,3MIDD_048,UD,0.008800571309170425,-0.006952495891814854,0.016556620335883992,0.0016938051266507347,-0.001044522282456859,0.015598796910280443,0.001044522282456859,0.015598796910280443,0.00888337592504468,0.13266349532200608,0.12378011939696139,0.13467178097269444,1.8040985198157575,True,False,True,False,True,False
5,3MIDD_048,rot180,-0.007756049026713566,-0.008646301018465589,0.0,0.0,0.0,0.0,0.0,0.0,0.0,0.0,0.0,0.0,0.0,False,False,True,True,False,False
5,3MIDD_048,x_minus3,0.002962631925360242,0.005441294467326675,0.010718680952073808,0.014087595485792264,0.010718680952073808,0.014087595485792264,0.010718680952073808,0.014087595485792264,0.09115944572663548,0.11981114111409479,0.028651695387459302,1.3819751648558014,1.6293186141125315,True,True,False,False,False,False
5,3MIDD_048,x_plus3,0.01627020428839568,-0.017677298433971464,0.024026253315109245,-0.009030997415505875,0.024026253315109245,-0.009030997415505875,0.024026253315109245,0.009030997415505875,0.20433670382448896,0.0768061594926857,-0.12753054433180325,3.097739874381766,1.044491390168446,True,False,False,True,False,False
5,3MIDD_048,y_minus3,0.003372655393754486,-0.008044969896847899,0.011128704420468052,0.00060133112161769,0.011128704420468052,0.00060133112161769,0.011128704420468052,0.00060133112161769,0.09464658302280626,0.00511415648902572,-0.08953242653378055,1.4348400885215489,0.06954770888225632,True,False,False,True,False,False
5,3MIDD_048,y_plus3,0.009780175229935777,-0.00935049625252301,0.017536224256649344,-0.0007041952340574205,0.017536224256649344,-0.0007041952340574205,0.017536224256649344,0.0007041952340574205,0.14914078425525346,0.005988987591574202,-0.14315179666367925,2.2609709642810536,0.08144458747244902,True,False,False,True,True,False
5,3MIDD_207,identity,0.05155271392352847,-0.005571744249284277,0.0,0.0,0.0,0.0,0.0,0.0,0.0,0.0,0.0,0.0,0.0,False,False,True,True,True,True
5,3MIDD_207,LR,-0.05123717379262708,-0.008776814513390005,-0.10278988771615555,-0.0032050702641057277,-0.00031554013090139,0.014348558762674282,0.00031554013090139,0.014348558762674282,0.0017769897189577994,0.08080506695074621,0.07902807723178841,0.006120726644230309,2.575231806843856,True,False,True,False,True,True
5,3MIDD_207,UD,-0.05123717379262708,-0.008776814513390005,-0.10278988771615555,-0.0032050702641057277,-0.00031554013090139,0.014348558762674282,0.00031554013090139,0.014348558762674282,0.0017769897189577994,0.08080506695074621,0.07902807723178841,0.006120726644230309,2.575231806843856,True,False,True,False,True,True
5,3MIDD_207,rot180,0.05155271392352847,-0.005571744249284277,0.0,0.0,0.0,0.0,0.0,0.0,0.0,0.0,0.0,0.0,0.0,False,False,True,True,True,True
5,3MIDD_207,x_minus3,0.037202796723259324,0.002182797227257109,-0.014349917200269145,0.007754541476541386,-0.014349917200269145,0.007754541476541386,0.014349917200269145,0.007754541476541386,0.08081271710172074,0.04367032630582323,-0.037142390795897505,0.2783541995095219,1.391759422544076,False,True,True,False,True,True
5,3MIDD_207,x_plus3,0.052283154106847474,-0.012816199779637428,0.0007304401833190047,-0.007244455530353151,0.0007304401833190047,-0.007244455530353151,0.0007304401833190047,0.007244455530353151,0.004113532856703913,0.04079773612348404,0.036684203266780124,0.014168799002794002,1.3002108862363664,False,False,True,True,True,True
5,3MIDD_207,y_minus3,0.042917199614787696,-0.004229525003045593,-0.008635514308740773,0.0013422192462386844,-0.008635514308740773,0.0013422192462386844,0.008635514308740773,0.0013422192462386844,0.048631595926354236,0.007558816035031702,-0.04107277989132253,0.167508400168154,0.24089706512290987,False,False,True,True,True,True
5,3MIDD_207,y_plus3,0.04856044124749834,-0.0073102262730587,-0.002992272676030132,-0.001738482023774423,-0.002992272676030132,-0.001738482023774423,0.002992272676030132,0.001738482023774423,0.016851225124469463,0.009790401854797764,-0.007060823269671698,0.05804295967888653,0.3120169960830093,False,False,True,True,True,True
5,4MIDD_085_170,identity,-0.0033027824870346077,-0.0009000220167336862,0.0,0.0,0.0,0.0,0.0,0.0,0.0,0.0,0.0,0.0,0.0,False,False,True,True,True,True
5,4MIDD_085_170,LR,0.00916988897526869,-0.015757819145006145,0.012472671462303297,-0.01485779712827246,-0.005867106488234082,0.016657841161739833,0.005867106488234082,0.016657841161739833,0.041160048714347426,0.11686127651987456,0.07570122780552714,1.7764078461683277,18.508053993671187,True,False,True,False,False,True
5,4MIDD_085_170,UD,0.00916988897526869,-0.015757819145006145,0.012472671462303297,-0.01485779712827246,-0.005867106488234082,0.016657841161739833,0.005867106488234082,0.016657841161739833,0.041160048714347426,0.11686127651987456,0.07570122780552714,1.7764078461683277,18.508053993671187,True,False,True,False,False,True
5,4MIDD_085_170,rot180,-0.0033027824870346077,-0.0009000220167336862,0.0,0.0,0.0,0.0,0.0,0.0,0.0,0.0,0.0,0.0,0.0,False,False,True,True,True,True
5,4MIDD_085_170,x_minus3,-0.01678421755688842,-0.002667387576052135,-0.013481435069853814,-0.0017673655593184489,-0.013481435069853814,-0.0017673655593184489,0.013481435069853814,0.0017673655593184489,0.09457754437000357,0.012398761240057607,-0.08217878312994596,4.081829277127259,1.9636696544778598,False,False,True,True,True,True
5,4MIDD_085_170,x_plus3,-0.0010063106009637768,-0.01851297492925546,0.002296471886070831,-0.01761295291252177,0.002296471886070831,-0.01761295291252177,0.002296471886070831,0.01761295291252177,0.016110649242750456,0.12356175933345014,0.10745111009069969,0.6953121926629742,19.569251521119313,False,False,True,True,False,True
5,4MIDD_085_170,y_minus3,-0.012555122069304678,0.0019314041106017008,-0.00925233958227007,0.0028314261273353868,-0.00925233958227007,0.0028314261273353868,0.00925233958227007,0.0028314261273353868,0.06490878403036189,0.019863562654932828,-0.045045221375429066,2.801368726188798,3.1459171170498346,False,True,True,False,True,True
5,4MIDD_085_170,y_plus3,-0.01767896078576389,-0.0015873939870298184,-0.01437617829872928,-0.0006873719702961323,-0.01437617829872928,-0.0006873719702961323,0.01437617829872928,0.0006873719702961323,0.10085451837093591,0.004822183445792776,-0.09603233492514313,4.352734346818393,0.7637194649926785,False,False,True,True,True,True
6,3MIDD_048,identity,-0.020855386191517444,0.00761750025829105,0.0,0.0,0.0,0.0,0.0,0.0,0.0,0.0,0.0,0.0,0.0,False,False,True,True,True,True
6,3MIDD_048,LR,0.021877116346717386,0.008155935307804257,0.04273250253823483,0.0005384350495132072,-0.0010217301551999416,-0.01577343556609531,0.0010217301551999416,0.01577343556609531,0.007867049605466594,0.12145124563032955,0.11358419602486296,0.04899116496360361,2.0706812372096497,True,False,True,False,True,True
6,3MIDD_048,UD,0.021877116346717386,0.008155935307804257,0.04273250253823483,0.0005384350495132072,-0.0010217301551999416,-0.01577343556609531,0.0010217301551999416,0.01577343556609531,0.007867049605466594,0.12145124563032955,0.11358419602486296,0.04899116496360361,2.0706812372096497,True,False,True,False,True,True
6,3MIDD_048,rot180,-0.020855386191517444,0.00761750025829105,0.0,0.0,0.0,0.0,0.0,0.0,0.0,0.0,0.0,0.0,0.0,False,False,True,True,True,True
6,3MIDD_048,x_minus3,-0.020470279252941006,0.00609477737279598,0.00038510693857643843,-0.0015227228854950703,0.00038510693857643843,-0.0015227228854950703,0.00038510693857643843,0.0015227228854950703,0.0029652206835349268,0.011724559967817256,0.008759339284282328,0.01846557768742239,0.19989771380192214,False,False,True,True,True,True
6,3MIDD_048,x_plus3,-0.019611981964042256,0.007669165957148997,0.001243404227475188,5.166569885794656e-05,0.001243404227475188,5.166569885794656e-05,0.001243404227475188,5.166569885794656e-05,0.009573880821086225,0.00039781209720390914,-0.009176068723882316,0.05962026403415535,0.006782491536747533,False,False,True,True,True,True
6,3MIDD_048,y_minus3,-0.01067281755920794,0.009235910909490446,0.010182568632309505,0.0016184106511993963,0.010182568632309505,0.0016184106511993963,0.010182568632309505,0.0016184106511993963,0.07840306183952354,0.012461330234996936,-0.06594173160452661,0.48824623319556404,0.21245926770336618,False,False,True,True,True,True
6,3MIDD_048,y_plus3,-0.015830451604913743,0.009070986280161057,0.005024934586603701,0.001453486021870007,0.005024934586603701,0.001453486021870007,0.005024934586603701,0.001453486021870007,0.03869065570380491,0.01119145458975517,-0.027499201114049736,0.24094169875552413,0.19080854145066675,False,False,True,True,True,True
6,3MIDD_207,identity,0.0060515314015644394,0.01528741236899547,0.0,0.0,0.0,0.0,0.0,0.0,0.0,0.0,0.0,0.0,0.0,False,False,True,True,False,False
6,3MIDD_207,LR,-0.0053708361786427225,0.015523971422017238,-0.011422367580207163,0.0002365590530217683,-0.0006806952229217169,-0.030811383791012708,0.0006806952229217169,0.030811383791012708,0.004133834193474258,0.18711627109243703,0.18298243689896276,0.11248294901291499,2.015472788499747,True,False,True,False,False,False
6,3MIDD_207,UD,-0.0053708361786427225,0.015523971422017238,-0.011422367580207163,0.0002365590530217683,-0.0006806952229217169,-0.030811383791012708,0.0006806952229217169,0.030811383791012708,0.004133834193474258,0.18711627109243703,0.18298243689896276,0.11248294901291499,2.015472788499747,True,False,True,False,False,False
6,3MIDD_207,rot180,0.0060515314015644394,0.01528741236899547,0.0,0.0,0.0,0.0,0.0,0.0,0.0,0.0,0.0,0.0,0.0,False,False,True,True,False,False
6,3MIDD_207,x_minus3,0.004258713127364192,0.014593237091994195,-0.0017928182742002474,-0.0006941752770012743,-0.0017928182742002474,-0.0006941752770012743,0.0017928182742002474,0.0006941752770012743,0.01088771190836874,0.004215698009478098,-0.00667201389889064,0.2962581192515298,0.045408261788405624,False,False,True,True,False,False
6,3MIDD_207,x_plus3,0.002371365752440316,0.014067988163406778,-0.0036801656491241234,-0.001219424205588692,-0.0036801656491241234,-0.001219424205588692,0.0036801656491241234,0.001219424205588692,0.022349495171568548,0.0074055132277495725,-0.014943981943818976,0.6081369034627657,0.0797665019095577,False,False,True,True,False,False
6,3MIDD_207,y_minus3,0.0017148697450158957,0.006266167980632793,-0.004336661656548543,-0.009021244388362677,-0.004336661656548543,-0.009021244388362677,0.004336661656548543,0.009021244388362677,0.026336368521027182,0.054785647474112194,0.02844927895308501,0.7166210009614135,0.5901089255346753,False,False,True,True,False,False
6,3MIDD_207,y_plus3,0.0030354437138318136,0.02048905526189765,-0.003016087687732626,0.005201642892902179,-0.003016087687732626,0.005201642892902179,0.003016087687732626,0.005201642892902179,0.018316576926381216,0.03158936412191377,0.013272787195532558,0.4983999096416839,0.34025637333417746,False,False,True,True,False,False
6,4MIDD_085_170,identity,0.012489230133833882,0.007778166890778763,0.0,0.0,0.0,0.0,0.0,0.0,0.0,0.0,0.0,0.0,0.0,False,False,True,True,True,True
6,4MIDD_085_170,LR,-0.006631267285777812,0.006920171107765181,-0.019120497419611693,-0.0008579957830135822,-0.00585796284805607,-0.014698337998543944,0.00585796284805607,0.014698337998543944,0.04561539782261924,0.11445455570913951,0.06883915788652026,0.4690407731201036,1.889689345580353,True,False,True,False,False,True
6,4MIDD_085_170,UD,-0.006631267285777812,0.006920171107765181,-0.019120497419611693,-0.0008579957830135822,-0.00585796284805607,-0.014698337998543944,0.00585796284805607,0.014698337998543944,0.04561539782261924,0.11445455570913951,0.06883915788652026,0.4690407731201036,1.889689345580353,True,False,True,False,False,True
6,4MIDD_085_170,rot180,0.012489230133833882,0.007778166890778763,0.0,0.0,0.0,0.0,0.0,0.0,0.0,0.0,0.0,0.0,0.0,False,False,True,True,True,True
6,4MIDD_085_170,x_minus3,0.005371738859960331,0.006283127967295727,-0.007117491273873551,-0.0014950389234830355,-0.007117491273873551,-0.0014950389234830355,0.007117491273873551,0.0014950389234830355,0.05542322550995724,0.011641725463931503,-0.04378150004602574,0.5698898569971415,0.1922094270259454,False,False,True,True,False,True
6,4MIDD_085_170,x_plus3,0.0030366679435703792,0.008245913382777494,-0.009452562190263502,0.00046774649199873147,-0.009452562190263502,0.00046774649199873147,0.009452562190263502,0.00046774649199873147,0.07360619995994068,0.003642297308139653,-0.06996390265180102,0.7568564691662953,0.06013574884794115,False,False,True,True,False,True
6,4MIDD_085_170,y_minus3,-0.009403963251269732,0.007164508403024256,-0.021893193385103614,-0.0006136584877545065,-0.021893193385103614,-0.0006136584877545065,0.021893193385103614,0.0006136584877545065,0.17048020818370993,0.004778500098449378,-0.16570170808526055,1.7529644037985965,0.07889489997097071,True,False,False,True,True,True
6,4MIDD_085_170,y_plus3,0.0005407012371586458,0.008104003801743184,-0.011948528896675236,0.00032583691096442144,-0.011948528896675236,0.00032583691096442144,0.011948528896675236,0.00032583691096442144,0.09304205457666394,0.002537260939418164,-0.09050479363724577,0.956705833872644,0.04189116749848024,False,False,True,True,False,True
7,3MIDD_048,identity,-0.001203891953240878,-0.005489196315457512,0.0,0.0,0.0,0.0,0.0,0.0,0.0,0.0,0.0,0.0,0.0,False,False,True,True,False,False
7,3MIDD_048,LR,0.0009507477978318176,-0.005101176596817532,0.0021546397510726957,0.00038801971863997985,0.00025314415540906047,0.010590372912275044,0.00025314415540906047,0.010590372912275044,0.001179450210265303,0.04934270569267783,0.04816325548241253,0.21026974391693765,1.92930859283841,True,False,True,False,False,False
7,3MIDD_048,UD,0.0009507477978318176,-0.005101176596817532,0.0021546397510726957,0.00038801971863997985,0.00025314415540906047,0.010590372912275044,0.00025314415540906047,0.010590372912275044,0.001179450210265303,0.04934270569267783,0.04816325548241253,0.21026974391693765,1.92930859283841,True,False,True,False,False,False
7,3MIDD_048,rot180,-0.001203891953240878,-0.005489196315457512,0.0,0.0,0.0,0.0,0.0,0.0,0.0,0.0,0.0,0.0,0.0,False,False,True,True,False,False
7,3MIDD_048,x_minus3,0.006388171901594874,-0.010158419968628669,0.007592063854835752,-0.004669223653171157,0.007592063854835752,-0.004669223653171157,0.007592063854835752,0.004669223653171157,0.03537297274536696,0.021754864577494953,-0.013618108167872008,6.306214417542957,0.8506190849527194,True,False,False,True,False,False
7,3MIDD_048,x_plus3,0.001033853424758634,0.0016184591353699093,0.002237745377999512,0.0071076554508274215,0.002237745377999512,0.0071076554508274215,0.002237745377999512,0.0071076554508274215,0.010426111763618734,0.033116015269739396,0.02268990350612066,1.8587438719370377,1.2948421032768225,True,True,False,False,False,False
7,3MIDD_048,y_minus3,0.006662212072093602,-0.004195162458431086,0.00786610402533448,0.0012940338570264255,0.00786610402533448,0.0012940338570264255,0.00786610402533448,0.0012940338570264255,0.03664978174849631,0.0060291674611011445,-0.030620614287395168,6.533841069166055,0.23574152302901208,True,False,False,True,True,False
7,3MIDD_048,y_plus3,0.002235613560666889,-0.0037506615089401086,0.003439505513907767,0.0017385348065174031,0.003439505513907767,0.0017385348065174031,0.003439505513907767,0.0017385348065174031,0.01602535715285168,0.008100187973082104,-0.007925169179769575,2.856964809010146,0.31671879441326856,True,False,False,True,False,False
7,3MIDD_207,identity,0.012916532722801619,-0.001493991074195307,0.0,0.0,0.0,0.0,0.0,0.0,0.0,0.0,0.0,0.0,0.0,False,False,True,True,True,True
7,3MIDD_207,LR,-0.01363699130414693,-0.0007933553980874492,-0.02655352402694855,0.0007006356761078579,0.0007204585813453106,0.0022873464722827563,0.0007204585813453106,0.0022873464722827563,0.002993719249138607,0.009504603513411598,0.006510884264272991,0.05577797378190703,1.5310206343156465,True,False,True,False,True,True
7,3MIDD_207,UD,-0.01363699130414693,-0.0007933553980874492,-0.02655352402694855,0.0007006356761078579,0.0007204585813453106,0.0022873464722827563,0.0007204585813453106,0.0022873464722827563,0.002993719249138607,0.009504603513411598,0.006510884264272991,0.05577797378190703,1.5310206343156465,True,False,True,False,True,True
7,3MIDD_207,rot180,0.012916532722801619,-0.001493991074195307,0.0,0.0,0.0,0.0,0.0,0.0,0.0,0.0,0.0,0.0,0.0,False,False,True,True,True,True
7,3MIDD_207,x_minus3,0.0068044861850685805,-0.0006178930449161099,-0.006112046537733038,0.0008760980292791972,-0.006112046537733038,0.0008760980292791972,0.006112046537733038,0.0008760980292791972,0.025397367517609445,0.0036404473515854294,-0.021756920166024013,0.4731952403132938,0.5864105752073021,False,False,True,True,True,True
7,3MIDD_207,x_plus3,0.013123045411584858,-0.0037674301446533626,0.0002065126887832395,-0.0022734390704580556,0.0002065126887832395,-0.0022734390704580556,0.0002065126887832395,0.0022734390704580556,0.0008581215181687677,0.009446814130890305,0.008588692612721537,0.01598823254915434,1.5217118044460352,False,False,True,True,True,True
7,3MIDD_207,y_minus3,0.010557376353304945,0.0029024815351875273,-0.002359156369496674,0.004396472609382834,-0.002359156369496674,0.004396472609382834,0.002359156369496674,0.004396472609382834,0.009802994950663328,0.01826864863548856,0.00846565368482523,0.18264611669901784,2.9427506347348813,False,True,True,False,True,True
7,3MIDD_207,y_plus3,0.01973300036833823,-0.003551324043583359,0.00681646764553661,-0.002057332969388052,0.00681646764553661,-0.002057332969388052,0.00681646764553661,0.002057332969388052,0.028324446304003055,0.008548829137191577,-0.01977561716681148,0.527731591326174,1.377062577077573,False,False,True,True,True,True
7,4MIDD_085_170,identity,0.0012294725150685478,-0.00026131613731628344,0.0,0.0,0.0,0.0,0.0,0.0,0.0,0.0,0.0,0.0,0.0,False,False,True,True,True,True
7,4MIDD_085_170,LR,-0.0013365028352832868,-0.004389641873585528,-0.0025659753503518346,-0.004128325736269245,0.00010703032021473899,0.004650958010901812,0.00010703032021473899,0.004650958010901812,0.00048157368562989715,0.02092658404203713,0.020445010356407233,0.08705314545182587,17.797523273658424,True,False,True,False,False,True
7,4MIDD_085_170,UD,-0.0013365028352832868,-0.004389641873585528,-0.0025659753503518346,-0.004128325736269245,0.00010703032021473899,0.004650958010901812,0.00010703032021473899,0.004650958010901812,0.00048157368562989715,0.02092658404203713,0.020445010356407233,0.08705314545182587,17.797523273658424,True,False,True,False,False,True
7,4MIDD_085_170,rot180,0.0012294725150685478,-0.00026131613731628344,0.0,0.0,0.0,0.0,0.0,0.0,0.0,0.0,0.0,0.0,0.0,False,False,True,True,True,True
7,4MIDD_085_170,x_minus3,-0.0030856369201373267,-0.004000113952298933,-0.004315109435205874,-0.0037387978149826494,-0.004315109435205874,-0.0037387978149826494,0.004315109435205874,0.0037387978149826494,0.019415462370281432,0.01682239798940876,-0.002593064380872671,3.5096956502592414,14.30701824692559,True,False,False,True,False,True
7,4MIDD_085_170,x_plus3,-0.003478950974160887,-0.005605349415830024,-0.0047084234892294345,-0.0053440332785137405,-0.0047084234892294345,-0.0053440332785137405,0.0047084234892294345,0.0053440332785137405,0.021185145000643953,0.024045016373858197,0.002859871373214241,3.8295977628985836,20.44967003069367,True,False,False,True,False,True
7,4MIDD_085_170,y_minus3,-0.008062649040654467,0.0005915261829221312,-0.009292121555723015,0.0008528423202384147,-0.009292121555723015,0.0008528423202384147,0.009292121555723015,0.0008528423202384147,0.04180909872952358,0.00383729039205293,-0.03797180833747065,7.557750063005123,3.2635171092978665,True,True,False,False,True,True
7,4MIDD_085_170,y_plus3,-0.0011079220016199502,-0.002411071041283091,-0.002337394516688498,-0.0021497549039668075,-0.002337394516688498,-0.0021497549039668075,0.002337394516688498,0.0021497549039668075,0.010516904835138329,0.009672636597060991,-0.0008442682380773387,1.901120583693848,8.226329467247112,True,False,False,True,False,True
8,3MIDD_048,identity,-0.00643682348413707,-0.0024723196495345066,0.0,0.0,0.0,0.0,0.0,0.0,0.0,0.0,0.0,0.0,0.0,False,False,True,True,True,True
8,3MIDD_048,LR,0.008213830192597133,-0.002393450938677568,0.014650653676734203,7.886871085693858e-05,-0.0017770067084600626,0.004865770588212075,0.0017770067084600626,0.004865770588212075,0.011014452368927119,0.030159592604145132,0.019145140235218013,0.27606846018920905,1.968091346203856,True,False,True,False,True,True
8,3MIDD_048,UD,0.008213830192597133,-0.002393450938677568,0.014650653676734203,7.886871085693858e-05,-0.0017770067084600626,0.004865770588212075,0.0017770067084600626,0.004865770588212075,0.011014452368927119,0.030159592604145132,0.019145140235218013,0.27606846018920905,1.968091346203856,True,False,True,False,True,True
8,3MIDD_048,rot180,-0.00643682348413707,-0.0024723196495345066,0.0,0.0,0.0,0.0,0.0,0.0,0.0,0.0,0.0,0.0,0.0,False,False,True,True,True,True
8,3MIDD_048,x_minus3,-0.00511771854939987,0.004420343630773567,0.0013191049347372006,0.006892663280308074,0.0013191049347372006,0.006892663280308074,0.0013191049347372006,0.006892663280308074,0.008176231639480133,0.042722917721451294,0.03454668608197116,0.20493072222359057,2.7879224283888813,False,True,True,False,True,True
8,3MIDD_048,x_plus3,-0.0060529145022150555,-0.0024488991721308864,0.0003839089819220147,2.3420477403620233e-05,0.0003839089819220147,2.3420477403620233e-05,0.0003839089819220147,2.3420477403620233e-05,0.0023795898885760275,0.00014516756272870681,-0.0022344223258473207,0.05964252188100249,0.009473039894995343,False,False,True,True,True,True
8,3MIDD_048,y_minus3,0.0013741071790650625,0.0017432694096654868,0.007810930663202133,0.0042155890591999935,0.007810930663202133,0.0042155890591999935,0.007810930663202133,0.0042155890591999935,0.0484146308155402,0.02612956083872441,-0.022285069976815793,1.2134740913294382,1.7051079980348536,True,True,False,False,False,True
8,3MIDD_048,y_plus3,-0.015825678728041758,-0.00856767778569117,-0.009388855243904688,-0.006095358136156663,-0.009388855243904688,-0.006095358136156663,0.009388855243904688,0.006095358136156663,0.05819510888192236,0.037780967028779686,-0.020414141853142668,1.4586139702141712,2.465430990282507,False,False,True,True,True,True
8,3MIDD_207,identity,0.013943321146392228,-0.0012440484026888347,0.0,0.0,0.0,0.0,0.0,0.0,0.0,0.0,0.0,0.0,0.0,False,False,True,True,True,True
8,3MIDD_207,LR,-0.015742426072354977,-0.0019755667596084636,-0.029685747218747206,-0.0007315183569196288,0.0017991049259627485,0.0032196151622972983,0.0017991049259627485,0.0032196151622972983,0.008287865187689052,0.014831673259457306,0.006543808071768255,0.12902977825555398,2.5879935824062694,True,False,True,False,True,True
8,3MIDD_207,UD,-0.015742426072354977,-0.0019755667596084636,-0.029685747218747206,-0.0007315183569196288,0.0017991049259627485,0.0032196151622972983,0.0017991049259627485,0.0032196151622972983,0.008287865187689052,0.014831673259457306,0.006543808071768255,0.12902977825555398,2.5879935824062694,True,False,True,False,True,True
8,3MIDD_207,rot180,0.013943321146392228,-0.0012440484026888347,0.0,0.0,0.0,0.0,0.0,0.0,0.0,0.0,0.0,0.0,0.0,False,False,True,True,True,True
8,3MIDD_207,x_minus3,0.003701077128221459,-0.0010178883699704612,-0.010242244018170768,0.00022616003271837357,-0.010242244018170768,0.00022616003271837357,0.010242244018170768,0.00022616003271837357,0.047182538615188896,0.00104184243785014,-0.04614069617733876,0.7345622011437992,0.18179213470168648,False,False,True,True,True,True
8,3MIDD_207,x_plus3,0.00507125554863927,-0.001538326689629759,-0.008872065597752958,-0.0002942782869409242,-0.008872065597752958,-0.0002942782869409242,0.008872065597752958,0.0002942782869409242,0.04087059212022462,0.001355640093378831,-0.03951495202684578,0.6362945485984935,0.23654700318320135,False,False,True,True,True,True
8,3MIDD_207,y_minus3,0.007478798514837446,0.0057925889485095925,-0.006464522631554782,0.007036637351198427,-0.006464522631554782,0.007036637351198427,0.006464522631554782,0.007036637351198427,0.02977985958457669,0.032415397734616325,0.002635538150039631,0.4636282796186367,5.656195349020474,False,True,True,False,True,True
8,3MIDD_207,y_plus3,0.02181704816370434,-0.004228217501405104,0.007873727017312112,-0.0029841690987162696,0.007873727017312112,-0.0029841690987162696,0.007873727017312112,0.0029841690987162696,0.03627158544364909,0.013747053232147107,-0.022524532211501986,0.5646948304279069,2.3987371431007274,False,False,True,True,True,True
8,4MIDD_085_170,identity,-0.005653478282872622,-0.0038429242961894776,0.0,0.0,0.0,0.0,0.0,0.0,0.0,0.0,0.0,0.0,0.0,False,False,True,True,True,True
8,4MIDD_085_170,LR,-0.005463285494974811,-0.008885825561451906,0.00019019278789781085,-0.005042901265262428,0.011116763777847434,0.012728749857641383,0.011116763777847434,0.012728749857641383,0.05510633639166282,0.06309702945188754,0.00799069306022473,1.9663547922308313,3.3122475891047047,False,False,False,False,False,True
8,4MIDD_085_170,UD,-0.005463285494974811,-0.008885825561451906,0.00019019278789781085,-0.005042901265262428,0.011116763777847434,0.012728749857641383,0.011116763777847434,0.012728749857641383,0.05510633639166282,0.06309702945188754,0.00799069306022473,1.9663547922308313,3.3122475891047047,False,False,False,False,False,True
8,4MIDD_085_170,rot180,-0.005653478282872622,-0.0038429242961894776,0.0,0.0,0.0,0.0,0.0,0.0,0.0,0.0,0.0,0.0,0.0,False,False,True,True,True,True
8,4MIDD_085_170,x_minus3,-0.0002642115132329556,-0.011657181705800289,0.005389266769639666,-0.007814257409610812,0.005389266769639666,-0.007814257409610812,0.005389266769639666,0.007814257409610812,0.0267148563599036,0.038735652395812455,0.012020796035908861,0.9532639849925185,2.033409058635003,False,False,True,True,False,True
8,4MIDD_085_170,x_plus3,-0.00010213160293797915,0.007038002393514005,0.005551346679934643,0.010880926689703483,0.005551346679934643,0.010880926689703483,0.005551346679934643,0.010880926689703483,0.027518294324182707,0.05393728052499158,0.026418986200808875,0.9819329946703136,2.8314110653655042,False,True,True,False,False,True
8,4MIDD_085_170,y_minus3,0.010946781727375201,-0.02288932781567934,0.016600260010247822,-0.019046403519489864,0.016600260010247822,-0.019046403519489864,0.016600260010247822,0.019046403519489864,0.08228829276166516,0.09441394459490722,0.012125651833242048,2.9362862678142814,4.956213677235031,True,False,False,True,False,True
8,4MIDD_085_170,y_plus3,-0.0053107922039638605,0.01606161348484695,0.0003426860789087615,0.019904537781036426,0.0003426860789087615,0.019904537781036426,0.0003426860789087615,0.019904537781036426,0.0016987114882045923,0.09866775768574836,0.09696904619754378,0.06061497994909394,5.179515507400969,False,True,True,False,False,True
9,3MIDD_048,identity,-0.008110934884248548,0.010009854003404694,0.0,0.0,0.0,0.0,0.0,0.0,0.0,0.0,0.0,0.0,0.0,False,False,True,True,False,False
9,3MIDD_048,LR,0.00880648068378308,0.010679069010364438,0.016917415568031627,0.0006692150069597443,-0.0006955457995345329,-0.02068892301376913,0.0006955457995345329,0.02068892301376913,0.0034124819201830445,0.10150384889074561,0.09809136697056255,0.08575397927870063,2.0668535563252535,True,False,True,False,False,False
9,3MIDD_048,UD,0.00880648068378308,0.010679069010364438,0.016917415568031627,0.0006692150069597443,-0.0006955457995345329,-0.02068892301376913,0.0006955457995345329,0.02068892301376913,0.0034124819201830445,0.10150384889074561,0.09809136697056255,0.08575397927870063,2.0668535563252535,True,False,True,False,False,False
9,3MIDD_048,rot180,-0.008110934884248548,0.010009854003404694,0.0,0.0,0.0,0.0,0.0,0.0,0.0,0.0,0.0,0.0,0.0,False,False,True,True,False,False
9,3MIDD_048,x_minus3,-0.0037722628989381663,0.007195746243173799,0.004338671985310382,-0.0028141077602308944,0.004338671985310382,-0.0028141077602308944,0.004338671985310382,0.0028141077602308944,0.021286362044576294,0.013806555743218098,-0.007479806301358196,0.5349157277268745,0.2811334658766314,False,False,True,True,False,False
9,3MIDD_048,x_plus3,-0.0013376718074527925,0.01752905957774608,0.006773263076795755,0.007519205574341386,0.006773263076795755,0.007519205574341386,0.006773263076795755,0.007519205574341386,0.033230935771126506,0.0368906736173965,0.0036597378462699913,0.8350769452211949,0.7511795936272311,False,False,True,True,False,False
9,3MIDD_048,y_minus3,0.010152894206073012,0.010568461219600003,0.018263829090321558,0.0005586072161953091,0.018263829090321558,0.0005586072161953091,0.018263829090321558,0.0005586072161953091,0.08960587010336925,0.0027406348036692176,-0.08686523529970004,2.2517511031038944,0.05580567488282637,True,False,False,True,False,False
9,3MIDD_048,y_plus3,-0.002415101804104291,0.01372970219045532,0.005695833080144257,0.0037198481870506263,0.005695833080144257,0.0037198481870506263,0.005695833080144257,0.0037198481870506263,0.027944856283195426,0.0182502930685957,-0.009694563214599728,0.7022403877020004,0.3716182543324645,False,False,True,True,False,False
9,3MIDD_207,identity,0.007401675633932306,0.02051195092030445,0.0,0.0,0.0,0.0,0.0,0.0,0.0,0.0,0.0,0.0,0.0,False,False,True,True,False,False
9,3MIDD_207,LR,-0.007518143656330368,0.020043432047598578,-0.014919819290262674,-0.00046851887270587395,0.00011646802239806235,-0.04055538296790303,0.00011646802239806235,0.04055538296790303,0.0005020584319485669,0.17482199457589276,0.17431993614394417,0.015735337618788627,1.9771577727489682,True,False,True,False,False,False
9,3MIDD_207,UD,-0.007518143656330368,0.020043432047598578,-0.014919819290262674,-0.00046851887270587395,0.00011646802239806235,-0.04055538296790303,0.00011646802239806235,0.04055538296790303,0.0005020584319485669,0.17482199457589276,0.17431993614394417,0.015735337618788627,1.9771577727489682,True,False,True,False,False,False
9,3MIDD_207,rot180,0.007401675633932306,0.02051195092030445,0.0,0.0,0.0,0.0,0.0,0.0,0.0,0.0,0.0,0.0,0.0,False,False,True,True,False,False
9,3MIDD_207,x_minus3,0.01292725000755237,0.017482890460563318,0.005525574373620064,-0.003029060459741134,0.005525574373620064,-0.003029060459741134,0.005525574373620064,0.003029060459741134,0.023819080538290544,0.013057363844449886,-0.010761716693840656,0.7465291890118391,0.14767288566461323,False,False,True,True,False,False
9,3MIDD_207,x_plus3,0.01358521573527519,0.021954530044862346,0.006183540101342883,0.0014425791245578946,0.006183540101342883,0.0014425791245578946,0.006183540101342883,0.0014425791245578946,0.0266553718630234,0.006218522460713837,-0.020436849402309564,0.8354232275138851,0.0703286794550154,False,False,True,True,False,False
9,3MIDD_207,y_minus3,0.012620152394516887,0.030617744669670093,0.005218476760584581,0.01010579374936564,0.005218476760584581,0.01010579374936564,0.005218476760584581,0.01010579374936564,0.022495275575510412,0.04356302149667609,0.021067745921165674,0.7050389625656328,0.4926780910235687,False,False,True,True,False,False
9,3MIDD_207,y_plus3,0.010619383713150002,0.012604896949518414,0.0032177080792176963,-0.007907053970786037,0.0032177080792176963,-0.007907053970786037,0.0032177080792176963,0.007907053970786037,0.013870566696830493,0.03408491907192864,0.020214352375098145,0.4347263904949472,0.38548503487830726,False,False,True,True,False,False
9,4MIDD_085_170,identity,0.00682379434528957,0.008546121646432911,0.0,0.0,0.0,0.0,0.0,0.0,0.0,0.0,0.0,0.0,0.0,False,False,True,True,False,False
9,4MIDD_085_170,LR,-0.0028353253941186592,0.019404888021513467,-0.00965911973940823,0.010858766375080556,-0.0039884689511709105,-0.027951009667946378,0.0039884689511709105,0.027951009667946378,0.01769069159777901,0.123975565044079,0.1062848734463,0.5844934510650391,3.2706036864776022,True,False,True,False,False,False
9,4MIDD_085_170,UD,-0.0028353253941186592,0.019404888021513467,-0.00965911973940823,0.010858766375080556,-0.0039884689511709105,-0.027951009667946378,0.0039884689511709105,0.027951009667946378,0.01769069159777901,0.123975565044079,0.1062848734463,0.5844934510650391,3.2706036864776022,True,False,True,False,False,False
9,4MIDD_085_170,rot180,0.00682379434528957,0.008546121646432911,0.0,0.0,0.0,0.0,0.0,0.0,0.0,0.0,0.0,0.0,0.0,False,False,True,True,False,False
9,4MIDD_085_170,x_minus3,0.0032504316359326883,0.0090143933954319,-0.0035733627093568815,0.00046827174899898884,-0.0035733627093568815,0.00046827174899898884,0.0035733627093568815,0.00046827174899898884,0.01584950476790806,0.002077000271761351,-0.01377250449614671,0.5236613666720312,0.05479341629314145,False,False,True,True,False,False
9,4MIDD_085_170,x_plus3,0.002168997403859209,0.01454065863370212,-0.004654796941430361,0.005994536987269209,-0.004654796941430361,0.005994536987269209,0.004654796941430361,0.005994536987269209,0.02064616226157526,0.02658852467238741,0.005942362410812149,0.682141032464323,0.7014327926683978,False,False,True,True,False,False
9,4MIDD_085_170,y_minus3,-0.00919011697342283,0.015901697861415775,-0.0160139113187124,0.007355576214982864,-0.0160139113187124,0.007355576214982864,0.0160139113187124,0.007355576214982864,0.0710290514685729,0.03262535873697076,-0.03840369273160214,2.3467717578635887,0.8606907217551493,True,False,False,True,False,False
9,4MIDD_085_170,y_plus3,-0.0032011205242226874,0.007020219112117006,-0.010024914869512257,-0.0015259025343159049,-0.010024914869512257,-0.0015259025343159049,0.010024914869512257,0.0015259025343159049,0.04446510162714584,0.0067680785467634785,-0.037697023080382364,1.4691093651347717,0.17854891516359975,True,False,False,True,False,False
