model_id,group,n_phases,A_phase0,A_mean,A_median,A_SD,A_IQR,A_MAD,A_min,A_max,A_mean_absolute,mean_G,normalized_SD,normalized_range,positive_phases,negative_phases,zero_phases,dominant_sign_fraction,sign_consistency_with_phase_mean,phase0_vs_mean_sign_agreement,A_sign_changes,phasewise_reversal_count,phasewise_reversal_fraction,mean_T_original,mean_T_mirror,mean_S,reversal_of_phase_averaged_pair,phase0_reversal
flow/0000/000,3MIDD_048,12,-0.0018620960078069,0.005012806002715346,0.004832744055531225,0.0046792783146066734,0.007425674824028287,0.0036029594905051497,-0.0018620960078069,0.0127324241586588,0.005407666484372204,0.19301812166057805,0.024242689102711164,0.07561217589781613,10,2,0,0.8333333333333334,0.8333333333333334,False,True,8,0.6666666666666666,0.006849376136003084,-0.003176235869427608,0.0018365701332877379,True,True
flow/0000/001,3MIDD_048,12,-0.0014282551694965,-0.0009708811752576085,-0.0013599261102584751,0.001836385095629177,0.002281398078683875,0.0016644837443682001,-0.0038783494930636,0.0021170593974997,0.0016641270448504834,0.15313727809156594,0.01199175745131855,0.039150551487394485,5,7,0,0.5833333333333334,0.5833333333333334,True,True,6,0.5,-0.0030055114440839664,-0.00106374909356875,-0.0020346302688263583,False,True
flow/0000/002,3MIDD_048,12,-0.011688624415432251,-0.003914987744827663,-0.0042018834509123994,0.005889271323382209,0.007038484867819999,0.0041739459601916745,-0.0154513102921512,0.004666639527376,0.005234995156449113,0.12560372523437177,0.04688771222663223,0.1601700091457309,4,8,0,0.6666666666666666,0.6666666666666666,True,True,1,0.08333333333333333,0.008220713470240702,0.016050688959896028,0.012135701215068365,False,False
flow/0000/003,3MIDD_048,12,-0.03028506878736395,-0.016561536390426245,-0.016445217481515423,0.0072911122767316296,0.008279750232840373,0.005475091206536912,-0.03028506878736395,-0.00438841108712745,0.016561536390426245,0.11454189639823019,0.06365454480849932,0.22608895534784104,0,12,0,1.0,1.0,True,False,7,0.5833333333333334,-0.0023835760224326535,0.030739496758419835,0.01417796036799359,True,True
flow/0000/004,3MIDD_048,12,0.000317244122376251,0.007641520967422742,0.0099086149247844,0.011090417950409654,0.01680192914736135,0.00806258098132555,-0.00956900225857665,0.02268662433625475,0.011592427418725992,0.23965487251258685,0.046276622019555125,0.13459199162803298,9,3,0,0.75,0.75,True,True,5,0.4166666666666667,-0.0063450982863130665,-0.021628140221158554,-0.01398661925373581,False,False
flow/0000/005,3MIDD_048,12,-0.00775604902671355,0.010906176339910154,0.011688050908571725,0.011468054736233392,0.017367309637326037,0.009138316571796949,-0.00775604902671355,0.02681809186405585,0.013229075880612095,0.13280977227738225,0.08634947970757437,0.2603282898381826,9,3,0,0.75,0.75,False,True,8,0.6666666666666666,0.005115228744427392,-0.016697123935392914,-0.0057909475954827615,True,False
flow/0000/006,3MIDD_048,12,-0.02085538619151735,-0.013908990233431638,-0.01194051753409035,0.006887646062861111,0.012531591283565825,0.0046475992281961,-0.02640706460302825,-0.0046007756573525,0.013908990233431638,0.13044949610241655,0.05279933053519491,0.16716269205482806,0,12,0,1.0,1.0,True,False,9,0.75,-0.0052432836117988985,0.022574696855064375,0.008665706621632739,True,True
flow/0000/007,3MIDD_048,12,-0.0012038919532408503,0.008658916624353087,0.010896388715928726,0.006869827639023262,0.013249885943153239,0.004074988835116899,-0.00161399711264385,0.015369576358122201,0.00919306209753072,0.21628798529885418,0.0317624098700209,0.07852296301756724,9,3,0,0.75,0.75,False,True,9,0.75,0.005398852605875325,-0.011918980642830848,-0.003260064018477762,True,False
flow/0000/008,3MIDD_048,12,-0.006436823484137001,-0.010506437848233288,-0.0111977177161933,0.006308104798558273,0.004753135557948748,0.0026663965083505246,-0.0214385015993496,0.00252510034077135,0.010927287905028511,0.16660734758777895,0.037862104462318365,0.1438328038173434,1,11,0,0.9166666666666666,0.9166666666666666,True,True,12,1.0,-0.011486003216728666,0.009526872479737908,-0.0009795653684953791,True,True
flow/0000/009,3MIDD_048,12,-0.00811093488424855,0.00898887989294682,0.012840385942270174,0.012078243762461995,0.021836457979239915,0.008017316151334376,-0.00869203203103645,0.0238132621562003,0.013078524242309023,0.2060967629623692,0.058604723280721,0.1577186061538086,8,4,0,0.6666666666666666,0.6666666666666666,False,True,5,0.4166666666666667,0.023214700690958757,0.005236940905065118,0.014225820798011938,False,False
flow/0000/010,3MIDD_048,12,0.0006503452764232,0.0034469929128294833,0.0033555046923251,0.005733232903892434,0.007177065409763763,0.0036778094842777505,-0.007281922599263101,0.0125383430258136,0.0052515572220413085,0.1607585407364837,0.035663628679551036,0.12329214693212594,9,3,0,0.75,0.75,True,True,8,0.6666666666666666,0.0038546588943020508,-0.0030393269313569167,0.00040766598147256704,True,False
flow/0000/011,3MIDD_048,12,-0.0023494215013136494,-0.003805416722455862,-0.0021032346701068748,0.0037486214404355714,0.0036289358409547236,0.0017775467341532001,-0.0126239650587627,0.0002274844902658002,0.003843330804166829,0.24846759370236768,0.015086963191368687,0.05172283981798805,1,11,0,0.9166666666666666,0.9166666666666666,True,True,0,0.0,-0.02363570264380011,-0.016024869198888386,-0.019830285921344247,False,False
flow/0000/012,3MIDD_048,12,-0.019964331236357352,-0.016644504063135005,-0.01772201042252155,0.0063962190393055144,0.008113731646352866,0.0042677075084968,-0.025292074343109247,-0.0057502831154188,0.016644504063135005,0.2837826262553234,0.02253914950223465,0.06886183092163087,0,12,0,1.0,1.0,True,False,1,0.08333333333333333,0.009525607054012867,0.04281461518028288,0.026170111117147874,False,False
flow/0000/013,3MIDD_048,12,-0.00850144154206355,-0.003204104275491624,-0.001831557029800375,0.003936865397350168,0.0059489946475973126,0.0017620875561715,-0.0102896664101452,0.001770450714569507,0.003499179394586542,0.09192777900965383,0.04282563377210208,0.1311912161333541,1,11,0,0.9166666666666666,0.9166666666666666,True,True,6,0.5,-0.003715292264398233,0.0026929162865850158,-0.0005111879889066087,True,True
flow/0000/014,3MIDD_048,12,-0.01806849111605375,-0.017621614553337977,-0.018325936628066225,0.006620035150309032,0.008545734475858527,0.0045317256297877995,-0.0271722560064801,-0.00312758851503675,0.017621614553337977,0.21613859672599933,0.030628657956456085,0.11124652355324104,0,12,0,1.0,1.0,True,False,6,0.5,0.0012543823869275502,0.0364976114936035,0.018875996940265524,False,True
flow/0000/015,3MIDD_048,12,-0.00896853562354325,-0.006851796293004614,-0.0062670220778944,0.0020839485268356163,0.0020377976304390257,0.0007775555779409495,-0.0118532774645424,-0.0039039245939774497,0.006851796293004614,0.13870102540514798,0.015024752129613812,0.05731286302566805,0,12,0,1.0,1.0,True,False,11,0.9166666666666666,-0.0044174666200178245,0.009286125965991399,0.0024343296729867872,True,True
flow/0000/016,3MIDD_048,12,-0.0078418639270209,0.015776218999033777,0.021940373062752698,0.014484975210390258,0.022048891585251154,0.00792963244545775,-0.0078418639270209,0.03398015335432415,0.018235070991271807,0.2518164120457962,0.05752196647038228,0.16608138024672975,10,2,0,0.8333333333333334,0.8333333333333334,False,True,10,0.8333333333333334,0.016061500695621685,-0.015490937302445868,0.0002852816965879081,True,True
flow/0000/017,3MIDD_048,12,-0.03320526016418215,-0.02523005971284251,-0.02295536835937965,0.008613040046700554,0.015739033908951122,0.007480571977473826,-0.037929780457623755,-0.0144727449487396,0.02523005971284251,0.27733765342031796,0.03105615101475996,0.08457933937060447,0,12,0,1.0,1.0,True,False,11,0.9166666666666666,-0.0390047699740831,0.011455349451601907,-0.013774710261240598,True,True
flow/0000/018,3MIDD_048,12,-0.01189287139718135,-0.003997973397435088,-0.00357353834425385,0.005181207108623688,0.007089975615802886,0.003976042075716,-0.0128566518880944,0.0034639609348687,0.004833320419203854,0.12411292043333146,0.041745912436302934,0.13149809678138938,4,8,0,0.6666666666666666,0.6666666666666666,True,True,6,0.5,-0.005285614418654133,0.0027103323762160416,-0.0012876410212190458,True,True
flow/0000/019,3MIDD_048,12,-0.013613262491972202,-0.00011863655032696653,-0.00014756668991209795,0.007028366914032665,0.005769727334251911,0.004159690744834822,-0.013613262491972202,0.012657772967064452,0.005084908601516116,0.27782719199715905,0.02529762066667878,0.09455890645615887,6,6,0,0.5,0.5,True,True,0,0.0,0.030408971619671998,0.030646244720325927,0.030527608169998964,False,False
flow/0000/020,3MIDD_048,12,-0.005051069962130199,-0.001725186329443163,-0.0022317761344473,0.0022308285824770495,0.004021161170773863,0.00177504361907185,-0.005051069962130199,0.0015369966360868498,0.0022928053341642043,0.08127184675633255,0.027448971218354008,0.08106210036015601,4,8,0,0.6666666666666666,0.6666666666666666,True,True,6,0.5,-0.003609867158158067,-0.00015949449927174164,-0.0018846808287149043,False,True
flow/0000/021,3MIDD_048,12,-0.010846336137110401,0.0016734804855728792,0.0011312151648496748,0.013928316015245789,0.025771688399128613,0.013044877669561125,-0.0209238566051534,0.0206404524591595,0.011219197797301695,0.48925041179406165,0.028468685318365317,0.08495508243293703,6,6,0,0.5,0.5,False,True,6,0.5,0.00114117284099555,-0.002205788130150209,-0.0005323076445773294,True,False
flow/0000/022,3MIDD_048,12,-0.0057900909621478,0.0029420995457405254,0.00519885276292875,0.006052710295939209,0.010421156082736326,0.0032485173155683256,-0.0068793831786894,0.010200022539609,0.006160011224144758,0.08846567696629241,0.06841874163519304,0.19306251084028972,8,4,0,0.6666666666666666,0.6666666666666666,False,True,11,0.9166666666666666,0.0015312978362505836,-0.004352901255230466,-0.0014108017094899413,True,True
flow/0000/023,3MIDD_048,12,-0.0015761894802856,-0.001729591141926888,-0.0025257707424558252,0.0029822241544515903,0.0033672795545841875,0.0013052918771273752,-0.00754565368487395,0.002869237832382,0.0028463353687577797,0.20685210063747528,0.014417180900077852,0.05034945975969988,4,8,0,0.6666666666666666,0.6666666666666666,True,True,0,0.0,0.0068447111468509505,0.010303893430704723,0.008574302288777837,False,False
flow/0000/024,3MIDD_048,12,-0.02646622858104975,-0.023660107858005843,-0.02255904335329195,0.004039080497009675,0.005831924730522846,0.0025778779994038246,-0.03113359207904995,-0.01827547609823305,0.023660107858005843,0.10783009651696585,0.037457821401227914,0.11924422212488534,0,12,0,1.0,1.0,True,False,12,1.0,-0.011651945300461925,0.03566827041554976,0.01200816255754392,True,True
flow/0000/025,3MIDD_048,12,0.005784491474054649,0.012959472436619955,0.013398450006789023,0.0054259686345616955,0.009609144823128047,0.0054782654884712265,0.005784491474054649,0.02083266886286685,0.012959472436619955,0.2574862011062021,0.021072852103339375,0.058442655661401714,12,0,0,1.0,1.0,True,False,8,0.6666666666666666,0.021642279815586914,-0.004276665057653,0.008682807378966957,True,False
flow/0000/026,3MIDD_048,12,-0.003355010389404749,0.005848928083389916,0.005006273068082649,0.006600827224748322,0.008007989941040749,0.00519338398885765,-0.003355010389404749,0.018103377427868248,0.006864735071166993,0.12966624794880768,0.05090628694179793,0.1654893864573361,9,3,0,0.75,0.75,False,True,1,0.08333333333333333,-0.009570568772213626,-0.021268424938993457,-0.01541949685560354,False,False
flow/0000/027,3MIDD_048,12,-0.0517527888167973,-0.02453195004601778,-0.019447248928140825,0.018333749772038693,0.0344401081256427,0.015374637852106476,-0.0517527888167973,-0.0010095654466613997,0.02453195004601778,0.3204934428087369,0.057204757798991396,0.15832842920414533,0,12,0,1.0,1.0,True,False,8,0.6666666666666666,-0.043349068682196755,0.005714831409838817,-0.018817118636178968,True,True
flow/0000/028,3MIDD_048,12,-0.00444002004906645,-0.0014329138869780865,-0.0012017346717495248,0.0030439488384805162,0.0033263156800802432,0.00191696545969795,-0.006873159930876199,0.0037605082397949,0.002623256907537412,0.16790042434150923,0.01812948865625931,0.0633331822261642,3,9,0,0.75,0.75,True,True,5,0.4166666666666667,-0.004766885691348781,-0.0019010579173926083,-0.003333971804370695,False,True
flow/0000/029,3MIDD_048,12,-0.01562918843383235,-0.01468889738398503,-0.014822642938715675,0.004508791326900722,0.00626564787725834,0.0032931380845657755,-0.02382638040120845,-0.006955431283338649,0.01468889738398503,0.41195388451739284,0.010944893339658165,0.040953489582054185,0,12,0,1.0,1.0,True,False,0,0.0,0.016116067019829892,0.045493861787799954,0.030804964403814923,False,False
flow/0000/030,3MIDD_048,12,-0.02945642716453835,-0.02005669621196606,-0.0192470012662662,0.004441965382023722,0.0055848738844043976,0.0033154559811910695,-0.02945642716453835,-0.01334925839653815,0.02005669621196606,0.19617327982674515,0.022643070381179044,0.08210684341020145,0,12,0,1.0,1.0,True,False,10,0.8333333333333334,-0.03263522481134216,0.007478167612589968,-0.012578528599376094,True,True
flow/0000/031,3MIDD_048,12,-0.0018644062041211981,0.002636738257305342,0.0056987258678205,0.009343884946016972,0.012980857816385161,0.005137035176711051,-0.014169467910392301,0.0131121167582012,0.008483328335942017,0.2945782019135634,0.03171953961739064,0.09261236741678056,8,4,0,0.6666666666666666,0.6666666666666666,False,True,0,0.0,0.03499443211953756,0.029720955604926876,0.032357693862232216,False,False
flow/0000/032,3MIDD_048,12,-0.002511025113445,0.003961869014353488,0.00649535219716335,0.009724306996489372,0.012948328513947026,0.007409354144630826,-0.01431212145226815,0.0194356029525872,0.008736704002167087,0.46991738021778334,0.020693652556503954,0.07181629330078185,7,5,0,0.5833333333333334,0.5833333333333334,False,True,0,0.0,-0.03125435508901154,-0.039178093117718506,-0.03521622410336502,False,False
flow/0000/033,3MIDD_048,12,-0.0025573790996377497,-0.002139949921956446,-0.0025999951218988243,0.0030701892988503382,0.0033479931866251256,0.0018498701209446501,-0.005594366362884349,0.0051940287217210005,0.0032590164484066295,0.12420451207008228,0.024718822590905448,0.0868599288769639,2,10,0,0.8333333333333334,0.8333333333333334,True,True,0,0.0,-0.015382488761448876,-0.011102588917535983,-0.013242538839492429,False,False
flow/0000/034,3MIDD_048,12,-0.0079416508659581,-0.0038280835284056126,-0.0034758627546220494,0.007031241100537532,0.008382693084663512,0.004500038001532276,-0.0138343394220955,0.0072997261211084005,0.0063353133684629715,0.19085971711660998,0.03683983821605289,0.11073088581752205,3,9,0,0.75,0.75,True,True,8,0.6666666666666666,-0.0002683067042096666,0.007387860352601558,0.0035597768241959456,True,True
flow/0000/035,3MIDD_048,12,-0.00828970536625805,-0.01022468385788164,-0.010029079279385823,0.007061556525274983,0.008353932076251399,0.005154771644426901,-0.02252000693767565,0.0010464686106313502,0.010399095292986866,0.3798534558851128,0.01859021266193445,0.062040966544305215,1,11,0,0.9166666666666666,0.9166666666666666,True,True,3,0.25,0.005789664339128417,0.0262390320548917,0.01601434819701006,False,False
flow/0000/036,3MIDD_048,12,-0.0645211469605471,-0.05840899604718618,-0.05814874836588267,0.00610309646194965,0.005281704263032157,0.002730753938584525,-0.06805708895514764,-0.046572277377831796,0.05840899604718618,0.4456702386092087,0.01369419793656274,0.04820786697438656,0,12,0,1.0,1.0,True,False,11,0.9166666666666666,-0.0323832355480622,0.08443475654631016,0.02602576049912398,True,True
flow/0000/037,3MIDD_048,12,-0.014985948800308051,-0.011985651672063745,-0.011865034846042673,0.007399935675956977,0.00816431295347711,0.004451938579522773,-0.02364998396568615,-0.0008983938518003498,0.011985651672063745,0.22891816583868144,0.03232568131430735,0.09938743843474107,0,12,0,1.0,1.0,True,False,7,0.5833333333333334,-0.003022143089679141,0.02094916025444835,0.008963508582384604,True,True
flow/0000/038,3MIDD_048,12,0.0047033479286965,0.0023453846686094753,0.003999292847575074,0.0056432749999471695,0.006538115279805563,0.0033652512207907755,-0.0064396566093420995,0.01012167129115195,0.005335638769116941,0.23166811507860272,0.024359308133674165,0.07148729938461731,9,3,0,0.75,0.75,True,True,1,0.08333333333333333,0.011875743237654583,0.007184973900435632,0.009530358569045107,False,False
flow/0000/039,3MIDD_048,12,0.0029872736774097007,0.011618881649229628,0.01417020263898755,0.0067525866970496225,0.010218341168230661,0.002428658929396775,0.0011678664542188995,0.022416316234152148,0.011618881649229628,0.06646750577358583,0.10159229864968243,0.3196817682961315,12,0,0,1.0,1.0,True,False,7,0.5833333333333334,0.02538883724974539,0.002151073951286134,0.01376995560051576,False,False
flow/0000/040,3MIDD_048,12,-0.0031641947830019002,-0.0056685003129303335,-0.0069181760468503975,0.004423618857358133,0.005372493983324149,0.002587976454030975,-0.011714407262876,0.0029778449646337495,0.006167792786300024,0.27331442007190804,0.016185091354471142,0.05375586192504688,2,10,0,0.8333333333333334,0.8333333333333334,True,True,7,0.5833333333333334,-0.009876334454425524,0.0014606661714351413,-0.004207834141495191,True,False
flow/0000/041,3MIDD_048,12,0.00672988842680575,0.017325772908446613,0.019915494808286277,0.007574968105338946,0.010975017531418798,0.005392455293238799,0.003501003706716,0.0259098479808151,0.017325772908446613,0.25809323405404067,0.02934973531213479,0.08682460954945855,12,0,0,1.0,1.0,True,False,11,0.9166666666666666,0.015764207924995475,-0.01888733789189775,-0.001561564983451138,True,True
flow/0000/042,3MIDD_048,12,-0.0011967937964301998,-0.0013460910199488043,-0.0010219617062603,0.004137928222536312,0.003958560945280263,0.0020502221194713755,-0.0097403561254095,0.0067433701922036,0.003092047719876796,0.15435166287720173,0.026808446021267314,0.10679331864877371,4,8,0,0.6666666666666666,0.6666666666666666,True,True,5,0.4166666666666667,-0.0027199045740222663,-2.7722534124658338e-05,-0.0013738135540734622,False,False
flow/0000/043,3MIDD_048,12,-0.0003199385279579499,-0.00021766429093899586,-0.00026242196853249996,0.0013416040163705166,0.0010753526182283625,0.0006889753102939999,-0.0021064556954322,0.00239927797102595,0.0010309704813075877,0.1473182485492474,0.00910684202115007,0.030585034174852525,3,9,0,0.75,0.75,True,True,3,0.25,0.0011884682599428917,0.0016237968418208835,0.0014061325508818875,False,False
flow/0000/044,3MIDD_048,12,-0.0052541759459535,-0.0034584995501700136,-0.002354981858834475,0.004223553096398759,0.0057385419573074015,0.0024904607427909497,-0.01158356943442795,0.0019305659063317505,0.0038286924616865304,0.2759391136129092,0.01530610518059289,0.04897506251947123,4,8,0,0.6666666666666666,0.6666666666666666,True,True,2,0.16666666666666666,0.004018639903370324,0.010935639003710348,0.007477139453540336,False,False
flow/0000/045,3MIDD_048,12,0.0076927316623866485,0.0046215054430489705,0.004165422852074625,0.003099080644827673,0.004408922615966461,0.002421256521381426,-0.0007971459772573505,0.010098334270764548,0.004754363105925196,0.25646424122774947,0.012083870367236025,0.042483428472768335,11,1,0,0.9166666666666666,0.9166666666666666,True,True,0,0.0,0.036233305176392366,0.026990294290294425,0.031611799733343396,False,False
flow/0000/046,3MIDD_048,12,-0.00084696065352265,0.00011219257402608322,-0.00020927405041194997,0.002002651883813977,0.0022512826338857,0.00109046859074805,-0.0037390577466650003,0.00407657016492795,0.0015608312578739832,0.22715589773763045,0.008816200256121369,0.034406449444778026,6,6,0,0.5,0.5,False,True,0,0.0,-0.009122896915770992,-0.009347282063823159,-0.009235089489797076,False,False
flow/0000/047,3MIDD_048,12,-0.007201530150077151,-0.0037272919908913626,-0.0032504606344193245,0.00284652739301923,0.0030540627775836257,0.0016667255738626258,-0.010155117935377699,0.00015778690806715016,0.0037535898089025546,0.10446637612882148,0.027248263972601754,0.09871984867865631,1,11,0,0.9166666666666666,0.9166666666666666,True,True,0,0.0,-0.016401913914226626,-0.0089473299324439,-0.012674621923335263,False,False
flow/0000/048,3MIDD_048,12,-0.00692464287474885,-0.0030770208607861457,-0.0023159016406068,0.0023372239529169505,0.0029083312313939865,0.0015467981058481495,-0.00711154675036315,-0.0006326415376324002,0.0030770208607861457,0.1984126114992059,0.01177961388269064,0.03265369657591892,0,12,0,1.0,1.0,True,False,0,0.0,0.013665978293005717,0.01982002001457801,0.016742999153791863,False,False
flow/0000/049,3MIDD_048,12,-0.00017055603590220014,-7.030779625248343e-05,-5.575418569902504e-05,0.0005150645756462108,0.0005939242676378873,0.0003685624989751752,-0.0008856082069751501,0.0007052327580624497,0.00040566269358149166,0.1841322108814951,0.0027972540664148063,0.008639666886210597,6,6,0,0.5,0.5,True,True,0,0.0,0.011330930974443298,0.011471546566948267,0.011401238770695783,False,False
