group,metric,estimate,ci_low,ci_high,valid_draws,undefined_draws,bootstrap_unit,n_models,n_fixed_phases
3MIDD_048,icc_absolute,0.6129693135542903,0.32313206790246046,0.70376961046195718,10000,0,whole selected model,10,12
3MIDD_048,icc_consistency,0.7409370702003617,0.51049121575766565,0.88952065816209602,10000,0,whole selected model,10,12
3MIDD_048,model_variance,0.00010261841654860697,3.4276039287451075e-05,0.00014368938520824737,10000,0,whole selected model,10,12
3MIDD_048,phase_variance,2.8913842327212679e-05,5.294127957844366e-06,6.8216232583926198e-05,10000,0,whole selected model,10,12
3MIDD_048,residual_variance,3.5879737580538224e-05,1.4870618622638365e-05,5.5130135764619513e-05,10000,0,whole selected model,10,12
3MIDD_048,within_phase_total_variance,6.4793579907750903e-05,3.7243094473387347e-05,9.4839868070045781e-05,10000,0,whole selected model,10,12
3MIDD_048,observed_within_to_between,0.61352679494735318,0.41415977582342534,1.9592265333357983,10000,0,whole selected model,10,12
3MIDD_207,icc_absolute,0.82345942511841208,0.33190826679908281,0.89490372100689686,10000,0,whole selected model,10,12
3MIDD_207,icc_consistency,0.84884483300756308,0.41571550006576297,0.92184817099595229,10000,0,whole selected model,10,12
3MIDD_207,model_variance,0.00020580788186997626,1.5782459292463209e-05,0.00045170412807808165,10000,0,whole selected model,10,12
3MIDD_207,phase_variance,7.4743879355373593e-06,2.088390100907937e-06,2.4913122696200646e-05,10000,0,whole selected model,10,12
3MIDD_207,residual_variance,3.6648541102845831e-05,1.7649705107624022e-05,4.7550820635834721e-05,10000,0,whole selected model,10,12
3MIDD_207,within_phase_total_variance,4.4122929038383193e-05,2.543978720208046e-05,6.4096449122032727e-05,10000,0,whole selected model,10,12
3MIDD_207,observed_within_to_between,0.21125405515595091,0.11657105123740769,1.811652990615197,10000,0,whole selected model,10,12
4MIDD_085_170,icc_absolute,0.087135607202738663,0.022890884157699756,0.14021879852843777,10000,0,whole selected model,10,12
4MIDD_085_170,icc_consistency,0.14339228168372023,0.049841763113827403,0.21147442888325779,10000,0,whole selected model,10,12
4MIDD_085_170,model_variance,8.2350836792609996e-06,1.3494818454480275e-06,1.4528122886497167e-05,10000,0,whole selected model,10,12
4MIDD_085_170,phase_variance,3.707837011447207e-05,1.4014233947296602e-05,8.6298883729030349e-05,10000,0,whole selected model,10,12
4MIDD_085_170,residual_variance,4.919536921934821e-05,1.9674354704288871e-05,7.1769648359593034e-05,10000,0,whole selected model,10,12
4MIDD_085_170,within_phase_total_variance,8.6273739333820286e-05,3.9564178216159226e-05,0.00014239854586872776,10000,0,whole selected model,10,12
4MIDD_085_170,observed_within_to_between,6.9943942580903427,4.5359234069699337,18.503661441687669,10000,0,whole selected model,10,12
