group,variant,frame,mean,sem
3MIDD_048,mirror,0,0.011281882701441622,0.0025939050774234575
3MIDD_048,mirror,1,0.011251934214378683,0.0026238965986075205
3MIDD_048,mirror,2,0.011373407825594737,0.00264931491192005
3MIDD_048,mirror,3,0.011644506003358382,0.0026611384535846576
3MIDD_048,mirror,4,0.011934208434540754,0.0026613644134250735
3MIDD_048,mirror,5,0.012109595108804551,0.0026478127002910424
3MIDD_048,mirror,6,0.012237447602674345,0.002619364666420469
3MIDD_048,mirror,7,0.012328423060825997,0.002597559863462894
3MIDD_048,mirror,8,0.012329648562590566,0.002593189358875102
3MIDD_048,mirror,9,0.012237101723148923,0.0026051923141878204
3MIDD_048,mirror,10,0.012070473614148775,0.0026382537998848815
3MIDD_048,mirror,11,0.011894706698367357,0.002688351151045314
3MIDD_048,mirror,12,0.011772020828211662,0.0027291289977999177
3MIDD_048,mirror,13,0.011711398757179246,0.0027417124269476898
3MIDD_048,mirror,14,0.011618995034150408,0.0027584613411521922
3MIDD_048,mirror,15,0.0115173865323595,0.0027771227105848322
3MIDD_048,mirror,16,0.011439237014274095,0.0027934092153428357
3MIDD_048,mirror,17,0.011360819378460276,0.0028152708316993595
3MIDD_048,mirror,18,0.01134332258559878,0.0028189093400596975
3MIDD_048,mirror,19,0.011368078550476618,0.0028087765589440068
3MIDD_048,mirror,20,0.011398283508897274,0.0027941761436608785
3MIDD_048,mirror,21,0.011416790057919545,0.0027832282966810187
3MIDD_048,mirror,22,0.011399895525391888,0.0027849386013669942
3MIDD_048,mirror,23,0.011370655257487651,0.002792518522153522
3MIDD_048,mirror,24,0.011344887215818724,0.0028010705808910884
3MIDD_048,mirror,25,0.011315512379223918,0.0028113145076395776
3MIDD_048,mirror,26,0.011315433825948254,0.0028126088573185593
3MIDD_048,mirror,27,0.011299560262414146,0.0028200167319473446
3MIDD_048,mirror,28,0.011260102793748936,0.002835921875829005
3MIDD_048,mirror,29,0.0111780709812592,0.002865247948111034
3MIDD_048,mirror,30,0.011088856666028712,0.00289919939708783
3MIDD_048,mirror,31,0.01100532709693651,0.0029343800564206953
3MIDD_048,mirror,32,0.010962615095486372,0.0029581673839391134
3MIDD_048,mirror,33,0.010936194018358927,0.0029762465663337977
3MIDD_048,mirror,34,0.010927213704562719,0.002987631913345511
3MIDD_048,mirror,35,0.010898371624280099,0.003004683376534753
3MIDD_048,mirror,36,0.010827000706849483,0.0030372956976797124
3MIDD_048,mirror,37,0.010740508204107739,0.0030782978884459715
3MIDD_048,mirror,38,0.010697459016555494,0.0031060585173386256
3MIDD_048,mirror,39,0.010689929224554345,0.0031209591247942587
3MIDD_048,mirror,40,0.010703911075604026,0.0031273341519998357
3MIDD_048,mirror,41,0.010724983089730794,0.0031316511353014585
3MIDD_048,mirror,42,0.010723967891281045,0.0031455942528781575
3MIDD_048,mirror,43,0.010694289727325654,0.0031709842772279437
3MIDD_048,mirror,44,0.010649256317992677,0.003201396912697192
3MIDD_048,mirror,45,0.010621638803640946,0.0032244030175397234
3MIDD_048,mirror,46,0.01061857112406868,0.0032386787706256697
3MIDD_048,mirror,47,0.010628556032024766,0.003247001891138159
3MIDD_048,mirror,48,0.010636999903363163,0.0032551934723677855
3MIDD_048,mirror,49,0.010644723610603231,0.0032635724983711024
3MIDD_048,original,0,-0.00745335718325803,0.002659384407429273
3MIDD_048,original,1,-0.007635563104995508,0.0026757638183682432
3MIDD_048,original,2,-0.007946369305282116,0.0026846677545592267
3MIDD_048,original,3,-0.00828708357817958,0.0026786865787633766
3MIDD_048,original,4,-0.00856705246804266,0.0026661947278557754
3MIDD_048,original,5,-0.008674658513045845,0.0026500386803978804
3MIDD_048,original,6,-0.008596336459740974,0.0026281588097765932
3MIDD_048,original,7,-0.008433582145371455,0.0026170546750823678
3MIDD_048,original,8,-0.008313915799953952,0.002618966223530995
3MIDD_048,original,9,-0.00822972876252604,0.0026303871018081536
3MIDD_048,original,10,-0.008192143610212935,0.0026404786695856386
3MIDD_048,original,11,-0.008162328491453064,0.0026449161088779203
3MIDD_048,original,12,-0.008109485622262554,0.0026448647013798217
3MIDD_048,original,13,-0.008044368991395438,0.0026455884530303666
3MIDD_048,original,14,-0.007967915671179052,0.0026513748429356676
3MIDD_048,original,15,-0.007893605889403238,0.0026605721000398036
3MIDD_048,original,16,-0.007849670216787652,0.0026692136451586237
3MIDD_048,original,17,-0.007805049314629278,0.002673827565832293
3MIDD_048,original,18,-0.007773482571355976,0.002679435410159928
3MIDD_048,original,19,-0.007746347063221016,0.002687933745066132
3MIDD_048,original,20,-0.007660431878466612,0.0026930314523125752
3MIDD_048,original,21,-0.007541374095599148,0.002695147525993139
3MIDD_048,original,22,-0.007415316601109207,0.002695963952005049
3MIDD_048,original,23,-0.007328755778762557,0.002698736234174357
3MIDD_048,original,24,-0.007271073182346283,0.0027031583911402866
3MIDD_048,original,25,-0.00724911255878395,0.002711390278538092
3MIDD_048,original,26,-0.007282144912169298,0.00272760119656706
3MIDD_048,original,27,-0.0073009200900560145,0.0027463373792121952
3MIDD_048,original,28,-0.007310879859724067,0.0027640466358794394
3MIDD_048,original,29,-0.007287724072812109,0.002775022246342801
3MIDD_048,original,30,-0.007227424894808778,0.002778589388065235
3MIDD_048,original,31,-0.007206465193885365,0.0027881274946770806
3MIDD_048,original,32,-0.007246863283799012,0.0028109400460046103
3MIDD_048,original,33,-0.007357404077774834,0.002853336418323686
3MIDD_048,original,34,-0.007472717604832706,0.002906309620665464
3MIDD_048,original,35,-0.007500149157713154,0.0029375187499559056
3MIDD_048,original,36,-0.0075132509908871535,0.0029660940989811595
3MIDD_048,original,37,-0.007467599099036294,0.00297428760176089
3MIDD_048,original,38,-0.007441016426309927,0.0029894932222051915
3MIDD_048,original,39,-0.007445867471978978,0.0030154222352016566
3MIDD_048,original,40,-0.007466328389127724,0.003044794170558606
3MIDD_048,original,41,-0.007523875801707602,0.0030892022956816837
3MIDD_048,original,42,-0.007573900509160002,0.003129504225077149
3MIDD_048,original,43,-0.007594264958170234,0.003158779675084403
3MIDD_048,original,44,-0.007609237414435466,0.0031864482402019258
3MIDD_048,original,45,-0.007617013788549221,0.0032146431529641688
3MIDD_048,original,46,-0.007611682211863794,0.00323753795241247
3MIDD_048,original,47,-0.007611575149930998,0.003263535991025752
3MIDD_048,original,48,-0.007591880890540756,0.0032797899100322895
3MIDD_048,original,49,-0.007562349463114498,0.003290108210629905
3MIDD_207,mirror,0,0.00067824876867234,0.0027552822659223856
3MIDD_207,mirror,1,0.0004639700707048122,0.0027395591377094622
3MIDD_207,mirror,2,0.00016968506388366015,0.002718091018944663
3MIDD_207,mirror,3,-0.0007817996887024517,0.0027374055267123786
3MIDD_207,mirror,4,-0.0016100835730321677,0.002790985427474829
3MIDD_207,mirror,5,-0.0020160398563530218,0.002833608320898826
3MIDD_207,mirror,6,-0.0021806659712456183,0.002870155269962659
3MIDD_207,mirror,7,-0.002293501960812142,0.0028978314824816822
3MIDD_207,mirror,8,-0.0023331447642704066,0.0029121201901125653
3MIDD_207,mirror,9,-0.002282056132680744,0.0029072469842435257
3MIDD_207,mirror,10,-0.0022510118374339154,0.002906687406210865
3MIDD_207,mirror,11,-0.0022281670017400717,0.00290298893429307
3MIDD_207,mirror,12,-0.002196447284950412,0.0028998950298943123
3MIDD_207,mirror,13,-0.0022520037309732327,0.0029126480475646986
3MIDD_207,mirror,14,-0.002288251185818809,0.0029285361011618222
3MIDD_207,mirror,15,-0.0022428822648362305,0.0029388661277282126
3MIDD_207,mirror,16,-0.0021643566741840928,0.002947744973212079
3MIDD_207,mirror,17,-0.002075252789945814,0.0029524249054161365
3MIDD_207,mirror,18,-0.002053127826657142,0.0029555366680385398
3MIDD_207,mirror,19,-0.0020943880104459804,0.002961131734978341
3MIDD_207,mirror,20,-0.0021295060067109267,0.0029693110189493214
3MIDD_207,mirror,21,-0.0021222940466395813,0.0029792471418606963
3MIDD_207,mirror,22,-0.0020593344060034703,0.0029898513683175297
3MIDD_207,mirror,23,-0.001996704455013978,0.002999884569752997
3MIDD_207,mirror,24,-0.0019695632306684263,0.003009480468924121
3MIDD_207,mirror,25,-0.0020025398739380736,0.0030161662168616435
3MIDD_207,mirror,26,-0.002068137730821032,0.0030226164555456165
3MIDD_207,mirror,27,-0.0021348691306047832,0.003028491230370257
3MIDD_207,mirror,28,-0.002191542644723088,0.003037340694415219
3MIDD_207,mirror,29,-0.002227855834025823,0.003049589375504347
3MIDD_207,mirror,30,-0.0022395504859741796,0.0030578855154491692
3MIDD_207,mirror,31,-0.002236515750701068,0.0030621952841973317
3MIDD_207,mirror,32,-0.002248162575124294,0.0030640681573602534
3MIDD_207,mirror,33,-0.0022653141996124716,0.0030643882138099636
3MIDD_207,mirror,34,-0.0023000241228146438,0.0030666022415231746
3MIDD_207,mirror,35,-0.002320754592656154,0.003065908886015095
3MIDD_207,mirror,36,-0.00229774063453078,0.003058041074193778
3MIDD_207,mirror,37,-0.002257582126185288,0.003049133890163817
3MIDD_207,mirror,38,-0.002227372033521516,0.0030435937612776466
3MIDD_207,mirror,39,-0.00220571091282181,0.0030405175377474524
3MIDD_207,mirror,40,-0.0022049805824644816,0.0030412492757377328
3MIDD_207,mirror,41,-0.002211022094124928,0.00304349971466486
3MIDD_207,mirror,42,-0.002213657246902584,0.003046903417039102
3MIDD_207,mirror,43,-0.002200512631097806,0.003048999052881069
3MIDD_207,mirror,44,-0.002170806749491014,0.0030495996349395246
3MIDD_207,mirror,45,-0.0021428910852409823,0.003050562327148648
3MIDD_207,mirror,46,-0.002119418057845896,0.0030513214007958267
3MIDD_207,mirror,47,-0.0020999865815974662,0.0030520120676577377
3MIDD_207,mirror,48,-0.0020984858472365897,0.0030546364106945837
3MIDD_207,mirror,49,-0.002107420191168782,0.0030590151853172156
3MIDD_207,original,0,0.01472112083880344,0.0027235047417783218
3MIDD_207,original,1,0.014471130557649281,0.002772841874486009
3MIDD_207,original,2,0.01426446920027954,0.0028093199281733158
3MIDD_207,original,3,0.01472222019743638,0.002815890283172049
3MIDD_207,original,4,0.015285369051853173,0.0028100713588850236
3MIDD_207,original,5,0.015537943525705464,0.0028140602997213287
3MIDD_207,original,6,0.015379739346099056,0.002825716652192788
3MIDD_207,original,7,0.015009954920969869,0.002834167126807286
3MIDD_207,original,8,0.014777901568450007,0.002829978210583306
3MIDD_207,original,9,0.014778113369829926,0.0028173435578969417
3MIDD_207,original,10,0.014837652388960091,0.002809421632108356
3MIDD_207,original,11,0.014878259396646143,0.002801208598857883
3MIDD_207,original,12,0.014834891998907522,0.0027977195856421166
3MIDD_207,original,13,0.014687270640861222,0.0028130623020957246
3MIDD_207,original,14,0.014531058294232912,0.002837235480357278
3MIDD_207,original,15,0.014407053148825049,0.0028644852130418523
3MIDD_207,original,16,0.014342778238933514,0.002877379224516542
3MIDD_207,original,17,0.014320235814666356,0.00287266714854614
3MIDD_207,original,18,0.014320917673176135,0.0028565623418915936
3MIDD_207,original,19,0.014311987943947295,0.0028433528652499593
3MIDD_207,original,20,0.014278944185352855,0.0028351171218909824
3MIDD_207,original,21,0.014241720748832424,0.002832018273603138
3MIDD_207,original,22,0.014199657113058463,0.0028367658894868785
3MIDD_207,original,23,0.014166007521562251,0.002843292810603802
3MIDD_207,original,24,0.014150969172478631,0.00284338863337166
3MIDD_207,original,25,0.014148140668985404,0.002839542259936196
3MIDD_207,original,26,0.014121888169320276,0.002841044125978562
3MIDD_207,original,27,0.014091540682129533,0.002843171497369755
3MIDD_207,original,28,0.014059879810083633,0.0028451946912301028
3MIDD_207,original,29,0.014066709186881743,0.0028366160241566673
3MIDD_207,original,30,0.014069441796746074,0.002831143555047503
3MIDD_207,original,31,0.014069139885250454,0.002827234009205854
3MIDD_207,original,32,0.014081579574849427,0.0028199367394549425
3MIDD_207,original,33,0.01410440071718765,0.002811042796737774
3MIDD_207,original,34,0.01414278972195458,0.002800354385538961
3MIDD_207,original,35,0.014188484637998015,0.0027909986942528876
3MIDD_207,original,36,0.014233881845138938,0.0027846527151694804
3MIDD_207,original,37,0.01429091057740149,0.0027775264552356137
3MIDD_207,original,38,0.014308456277940392,0.0027804551051276646
3MIDD_207,original,39,0.014322785120457392,0.002783280459709339
3MIDD_207,original,40,0.014330737784039206,0.002788554970494335
3MIDD_207,original,41,0.014349924875423282,0.0027920463507184437
3MIDD_207,original,42,0.014382723872549807,0.002792553494923089
3MIDD_207,original,43,0.014417098830454026,0.0027931146799314165
3MIDD_207,original,44,0.014439141536131479,0.0027966790922204104
3MIDD_207,original,45,0.014468199354596407,0.0027990059511906066
3MIDD_207,original,46,0.014524375954642864,0.002796019000097251
3MIDD_207,original,47,0.01460536837112156,0.0027895838210446815
3MIDD_207,original,48,0.014688195046037413,0.002785740888747849
3MIDD_207,original,49,0.014753376697190082,0.002787454873890074
4MIDD_085_170,mirror,0,0.0014357644802657783,0.0017819842936540966
4MIDD_085_170,mirror,1,0.0013407499135064357,0.0017807556168374966
4MIDD_085_170,mirror,2,0.001167336942107785,0.001784154946120418
4MIDD_085_170,mirror,3,0.0009434116026386498,0.0017842591712565606
4MIDD_085_170,mirror,4,0.00080033744830871,0.0017761928884729035
4MIDD_085_170,mirror,5,0.0007848105789162178,0.0017547234612060405
4MIDD_085_170,mirror,6,0.0007727437882567699,0.0017351247859656177
4MIDD_085_170,mirror,7,0.0007848617220588455,0.0017106633146797756
4MIDD_085_170,mirror,8,0.000862846684249238,0.0016830939536950193
4MIDD_085_170,mirror,9,0.0009071005554869698,0.0016680388851827176
4MIDD_085_170,mirror,10,0.0008955473131208997,0.0016663233092004944
4MIDD_085_170,mirror,11,0.0008504818296932895,0.0016711428632028196
4MIDD_085_170,mirror,12,0.0008248278448809202,0.0016748330403943928
4MIDD_085_170,mirror,13,0.0008266703510525815,0.0016795760063263564
4MIDD_085_170,mirror,14,0.0008855079728709691,0.001684340159866632
4MIDD_085_170,mirror,15,0.0009773266170759484,0.0016941331595366493
4MIDD_085_170,mirror,16,0.001068429807273775,0.0017108756412596482
4MIDD_085_170,mirror,17,0.001120017724315396,0.001727426646547301
4MIDD_085_170,mirror,18,0.0011065240360767278,0.0017400984555060318
4MIDD_085_170,mirror,19,0.0010584991975338106,0.0017513957913000947
4MIDD_085_170,mirror,20,0.000973954620712888,0.0017638131764360818
4MIDD_085_170,mirror,21,0.0008872755909396701,0.0017799353820555275
4MIDD_085_170,mirror,22,0.000829478640807782,0.0017990197535179692
4MIDD_085_170,mirror,23,0.0007913243150687658,0.001819234680323386
4MIDD_085_170,mirror,24,0.0007363360264571319,0.0018408039090626826
4MIDD_085_170,mirror,25,0.0006556860121781841,0.0018665382333624997
4MIDD_085_170,mirror,26,0.0005681075691245439,0.0018949930948950861
4MIDD_085_170,mirror,27,0.00048609269331790594,0.0019262312141016707
4MIDD_085_170,mirror,28,0.000438307860458729,0.001951831488444374
4MIDD_085_170,mirror,29,0.000439192516832919,0.001964651431139824
4MIDD_085_170,mirror,30,0.0004561955070676051,0.001974216521402685
4MIDD_085_170,mirror,31,0.000431668611417984,0.0019944355498434934
4MIDD_085_170,mirror,32,0.000359667729062482,0.002029396853312047
4MIDD_085_170,mirror,33,0.00026989394187693,0.0020751171166384103
4MIDD_085_170,mirror,34,0.0001999138714745561,0.002120639736289984
4MIDD_085_170,mirror,35,0.0001370238361414443,0.002168917364896464
4MIDD_085_170,mirror,36,0.00014645243587436976,0.0021913150441472706
4MIDD_085_170,mirror,37,0.00023290067794732187,0.002185582887805907
4MIDD_085_170,mirror,38,0.00032266301568596804,0.0021800392861103554
4MIDD_085_170,mirror,39,0.00031456583645194394,0.0022120802883969296
4MIDD_085_170,mirror,40,0.00025395908684003023,0.0022674819655687903
4MIDD_085_170,mirror,41,0.00021232909755780413,0.0023185088300301743
4MIDD_085_170,mirror,42,0.00018151508818845606,0.0023655022152091285
4MIDD_085_170,mirror,43,0.00016104297246782393,0.002408714383756041
4MIDD_085_170,mirror,44,0.0001907333591952799,0.0024269243177908345
4MIDD_085_170,mirror,45,0.00027397235448005196,0.002418432489261161
4MIDD_085_170,mirror,46,0.0003227916284231458,0.0024275975677826105
4MIDD_085_170,mirror,47,0.00031754263909532606,0.0024626846815680487
4MIDD_085_170,mirror,48,0.00028958531096577,0.002511500923070228
4MIDD_085_170,mirror,49,0.0002694823453202782,0.002556084093190532
4MIDD_085_170,original,0,0.007864758621435593,0.002188503752168388
4MIDD_085_170,original,1,0.00779167222091926,0.0021985250499595784
4MIDD_085_170,original,2,0.007693578769685676,0.0022082568808106506
4MIDD_085_170,original,3,0.007551094633527076,0.0022015331159675735
4MIDD_085_170,original,4,0.007474191166547803,0.0021889596386097778
4MIDD_085_170,original,5,0.007474800796771864,0.002176715454640149
4MIDD_085_170,original,6,0.0074734959057241,0.0021708240995898806
4MIDD_085_170,original,7,0.00746521820808991,0.0021600495300360765
4MIDD_085_170,original,8,0.007451212824380476,0.002151606656162355
4MIDD_085_170,original,9,0.007438440194237031,0.0021496578720254012
4MIDD_085_170,original,10,0.007407702868658796,0.0021567196131283286
4MIDD_085_170,original,11,0.00734283443220191,0.002173514375829077
4MIDD_085_170,original,12,0.007344320527045039,0.0021733495189762086
4MIDD_085_170,original,13,0.007420825759181718,0.002154608437666557
4MIDD_085_170,original,14,0.0075424926530103876,0.002130532192011771
4MIDD_085_170,original,15,0.007618254780536498,0.0021232490571372253
4MIDD_085_170,original,16,0.007659002958680482,0.0021245653924756415
4MIDD_085_170,original,17,0.0076153577418881305,0.0021390710105695094
4MIDD_085_170,original,18,0.0075413065904467455,0.0021584085530231734
4MIDD_085_170,original,19,0.007487121742160509,0.0021760671829781416
4MIDD_085_170,original,20,0.0074469383267569125,0.002191940085529352
4MIDD_085_170,original,21,0.0073715868836734255,0.0022161419664988927
4MIDD_085_170,original,22,0.007306887653176074,0.00223922406612282
4MIDD_085_170,original,23,0.007243220685559191,0.00226584613089366
4MIDD_085_170,original,24,0.007157756519627566,0.002301662908529813
4MIDD_085_170,original,25,0.007057771244690214,0.0023450402706715334
4MIDD_085_170,original,26,0.006912030163512081,0.0024059407917403765
4MIDD_085_170,original,27,0.0067819774308008965,0.0024657738845064356
4MIDD_085_170,original,28,0.006713718486425919,0.0025059144937238246
4MIDD_085_170,original,29,0.006695627937442614,0.002529126895518545
4MIDD_085_170,original,30,0.006696843946265275,0.0025459537253754677
4MIDD_085_170,original,31,0.006680607534945005,0.0025692587336663968
4MIDD_085_170,original,32,0.006646784064796508,0.002599733251326592
4MIDD_085_170,original,33,0.006550720718223586,0.002659021015534304
4MIDD_085_170,original,34,0.006467416636296538,0.00271600022878507
4MIDD_085_170,original,35,0.006449838750122569,0.0027443548041095334
4MIDD_085_170,original,36,0.0064681158409803105,0.002757665215013326
4MIDD_085_170,original,37,0.006533929195720695,0.0027489973914885616
4MIDD_085_170,original,38,0.00660797457821899,0.0027360705352613094
4MIDD_085_170,original,39,0.006647566041792734,0.0027377769431398886
4MIDD_085_170,original,40,0.00666939004557207,0.0027496417108990538
4MIDD_085_170,original,41,0.006667231980827628,0.0027772560524794198
4MIDD_085_170,original,42,0.006669912007637307,0.0028080770876266754
4MIDD_085_170,original,43,0.006681147377239528,0.0028355871267066175
4MIDD_085_170,original,44,0.006679712617187754,0.002864840348278092
4MIDD_085_170,original,45,0.0066953595628729,0.0028842135037944047
4MIDD_085_170,original,46,0.006711168290930798,0.002903837941974578
4MIDD_085_170,original,47,0.006733180031296784,0.0029215826745124652
4MIDD_085_170,original,48,0.0067633231007494,0.002939267376015134
4MIDD_085_170,original,49,0.006800000602379436,0.0029565911908633765
