,,A,A,S,S
,,mean,sem,mean,sem
group,frame,,,,
3MIDD_048,0,-0.009367619942349817,0.0017810171167051548,0.001914262759091792,0.0019308838697818726
3MIDD_048,1,-0.00944374865968708,0.0017919122113067999,0.001808185554691576,0.0019522610770350182
3MIDD_048,2,-0.009659888565438406,0.001801489394554289,0.001713519260156306,0.0019666700762340466
3MIDD_048,3,-0.00996579479076896,0.0018044370202242286,0.0016787112125893873,0.0019678711513311273
3MIDD_048,4,-0.010250630451291692,0.0018094253705016397,0.0016835779832490442,0.0019549187355311355
3MIDD_048,5,-0.010392126810925183,0.001811967090099525,0.0017174682978793397,0.0019322483836479191
3MIDD_048,6,-0.01041689203120765,0.0018076482811747372,0.0018205555714666847,0.0019017236087600035
3MIDD_048,7,-0.010381002603098719,0.0018080542332776619,0.001947420457727278,0.0018785861965447952
3MIDD_048,8,-0.01032178218127225,0.0018126435166479508,0.002007866381318308,0.0018724665676705058
3MIDD_048,9,-0.010233415242837478,0.001825867305599468,0.0020036864803114358,0.001875950487612594
3MIDD_048,10,-0.010131308612180843,0.0018448408700713066,0.0019391650019679198,0.0018875427207579757
3MIDD_048,11,-0.010028517594910191,0.0018672097196172272,0.001866189103457136,0.0019039260568969683
3MIDD_048,12,-0.00994075322523709,0.001888261508509266,0.001831267602974548,0.001912118109087662
3MIDD_048,13,-0.00987788387428733,0.0019009959137531475,0.0018335148828919061,0.0019089990003500108
3MIDD_048,14,-0.009793455352664716,0.0019158089370351111,0.0018255396814856782,0.0019102682746064837
3MIDD_048,15,-0.009705496210881353,0.0019281324728093964,0.001811890321478124,0.0019177675541827406
3MIDD_048,16,-0.009644453615530856,0.0019327179992503472,0.001794783398743213,0.0019309374405467833
3MIDD_048,17,-0.009582934346544758,0.0019367864051235064,0.001777885031915498,0.0019458700559748798
3MIDD_048,18,-0.009558402578477366,0.0019335262106751343,0.0017849200071213922,0.0019555787851630022
3MIDD_048,19,-0.009557212806848809,0.0019279425799875625,0.0018108657436277959,0.0019596285862989913
3MIDD_048,20,-0.009529357693681923,0.0019292498993259955,0.00186892581521533,0.001951387759627698
3MIDD_048,21,-0.009479082076759338,0.0019338271154983372,0.0019377079811601998,0.0019404645465763606
3MIDD_048,22,-0.009407606063250543,0.0019403851044961966,0.001992289462141344,0.0019357060645140828
3MIDD_048,23,-0.009349705518125083,0.0019450605062777846,0.0020209497393625458,0.0019384034941225335
3MIDD_048,24,-0.009307980199082484,0.0019481537937620893,0.002036907016736216,0.0019445378986312429
3MIDD_048,25,-0.009282312469003929,0.0019497956339322906,0.002033199910219992,0.001955980633239089
3MIDD_048,26,-0.009298789369058764,0.0019451883100182897,0.00201664445688948,0.0019726963462374583
3MIDD_048,27,-0.009300240176235063,0.001944120642636714,0.001999320086179074,0.001991940413600355
3MIDD_048,28,-0.009285491326736476,0.0019448894279926708,0.001974611467012436,0.0020145988331286492
3MIDD_048,29,-0.00923289752703564,0.0019489063688966598,0.001945173454223554,0.002038862697976496
3MIDD_048,30,-0.00915814078041873,0.0019561577960565,0.0019307158856099735,0.0020582528374082126
3MIDD_048,31,-0.009105896145410923,0.0019629014202073203,0.001899430951525582,0.002083059921268465
3MIDD_048,32,-0.009104739189642684,0.001964849975650702,0.0018578759058436923,0.0021131572776303766
3MIDD_048,33,-0.009146799048066862,0.001963836918901827,0.0017893949702920539,0.0021547925018040957
3MIDD_048,34,-0.009199965654697707,0.001964181469504592,0.0017272480498650162,0.0021973350188947893
3MIDD_048,35,-0.009199260390996604,0.001966910844081102,0.0016991112332834719,0.0022270678101978746
3MIDD_048,36,-0.009170125848868305,0.00197104244185025,0.001656874857981176,0.0022641623996529645
3MIDD_048,37,-0.009104053651572002,0.0019768477155800482,0.001636454552535732,0.002291991584497134
3MIDD_048,38,-0.009069237721432696,0.0019833009604345343,0.0016282212951227878,0.002314919419701417
3MIDD_048,39,-0.00906789834826665,0.001989728386314782,0.001622030876287682,0.002336142013295791
3MIDD_048,40,-0.009085119732365858,0.001995006771041025,0.0016187913432381483,0.0023548764730164833
3MIDD_048,41,-0.009124429445719184,0.0020020121606142173,0.001600553644011598,0.0023805781098701078
3MIDD_048,42,-0.009148934200220511,0.002010721107784529,0.0015750336910605278,0.0024085847661993657
3MIDD_048,43,-0.009144277342747928,0.002018821795871281,0.0015500123845777181,0.002437390760135031
3MIDD_048,44,-0.009129246866214058,0.002025131864499582,0.0015200094517786123,0.002469825544738934
3MIDD_048,45,-0.009119326296095069,0.002031290002773265,0.001502312507545866,0.002497841795399126
3MIDD_048,46,-0.009115126667966225,0.0020376805588134114,0.0015034444561024434,0.002516585787637711
3MIDD_048,47,-0.009120065590977876,0.0020448316291069714,0.001508490441046888,0.0025328852779964847
3MIDD_048,48,-0.00911444039695195,0.0020503806406467016,0.0015225595064111961,0.0025441290114121455
3MIDD_048,49,-0.009103536536858853,0.0020552664429599843,0.0015411870737443742,0.002552202694405729
3MIDD_207,0,0.007021436035065538,0.0013313508363870772,0.007699684803737898,0.002394166696817312
3MIDD_207,1,0.0070035802434722195,0.001322207953446779,0.007467550314177051,0.0024184053202053056
3MIDD_207,2,0.007047392068197918,0.0013081606697010705,0.0072170771320815945,0.0024349259301459096
3MIDD_207,3,0.007752009943069396,0.0013389705190524296,0.0069702102543669564,0.0024327908873097944
3MIDD_207,4,0.008447726312442654,0.0013862729228009873,0.006837642739410502,0.002433371679935104
3MIDD_207,5,0.008776991691029225,0.001426733017270959,0.006760951834676219,0.002436917856801145
3MIDD_207,6,0.008780202658672315,0.0014465734690639594,0.00659953668742672,0.0024532953623009343
3MIDD_207,7,0.008651728440890988,0.0014565984446483942,0.006358226480078865,0.002468458278524553
3MIDD_207,8,0.008555523166360194,0.0014669853077388967,0.006222378402089802,0.002468312063718234
3MIDD_207,9,0.008530084751255313,0.0014809070682398726,0.006248028618574593,0.0024498304289369533
3MIDD_207,10,0.008544332113196978,0.0014936638952991858,0.006293320275763093,0.0024371723287595535
3MIDD_207,11,0.008553213199193098,0.0015014041338737478,0.0063250461974530305,0.002425457237359278
3MIDD_207,12,0.008515669641928953,0.0015078196565295303,0.006319222356978556,0.0024176006526158904
3MIDD_207,13,0.008469637185917206,0.0015158172630800697,0.006217633454943988,0.002429139169989179
3MIDD_207,14,0.008409654740025845,0.001530971422028002,0.006121403554207046,0.002443203008007458
3MIDD_207,15,0.008324967706830628,0.001556574969216349,0.006082085441994412,0.002449118043588537
3MIDD_207,16,0.008253567456558787,0.0015788726704311432,0.006089210782374712,0.0024477370988228854
3MIDD_207,17,0.008197744302306064,0.0015871687463506086,0.006122491512360266,0.002442418894218735
3MIDD_207,18,0.008187022749916619,0.0015766308912902832,0.006133894923259494,0.0024416813340905003
3MIDD_207,19,0.00820318797719662,0.0015642549644838035,0.006108799966750658,0.0024453189444729414
3MIDD_207,20,0.00820422509603188,0.0015588947357839293,0.006074719089320966,0.0024489172533574462
3MIDD_207,21,0.008182007397735985,0.0015612980622360802,0.006059713351096424,0.002451625762226255
3MIDD_207,22,0.008129495759530956,0.0015691889717622785,0.0060701613535274965,0.0024557833636322393
3MIDD_207,23,0.008081355988288097,0.0015755444677511242,0.006084651533274152,0.0024615991447584458
3MIDD_207,24,0.00806026620157351,0.001575316424462984,0.0060907029709050976,0.002467649482691696
3MIDD_207,25,0.008075340271461735,0.0015672708061042545,0.006072800397523663,0.0024746296020180126
3MIDD_207,26,0.00809501295007064,0.001561356499150612,0.006026875219249623,0.0024831505923133927
3MIDD_207,27,0.008113204906367147,0.001556270536932286,0.0059783357757623775,0.0024911269866907926
3MIDD_207,28,0.008125711227403336,0.0015540658011268802,0.005934168582680276,0.002499032842570343
3MIDD_207,29,0.008147282510453786,0.001551317348611482,0.005919426676427963,0.0025033192760298716
3MIDD_207,30,0.00815449614136012,0.0015493369289710796,0.005914945655385962,0.002506506315165967
3MIDD_207,31,0.00815282781797575,0.001546762209080509,0.005916312067274686,0.0025085200256816115
3MIDD_207,32,0.008164871074986858,0.001540677125158808,0.005916708499862568,0.0025093011855396715
3MIDD_207,33,0.00818485745840004,0.0015337817938098452,0.005919543258787597,0.0025087311083477675
3MIDD_207,34,0.008221406922384596,0.0015264354029643457,0.005921382799569972,0.002508587641829201
3MIDD_207,35,0.008254619615327072,0.001519509315815167,0.00593386502267094,0.002507155149464176
3MIDD_207,36,0.008265811239834846,0.0015153365298687046,0.005968070605304082,0.0025013412760005304
3MIDD_207,37,0.008274246351793371,0.0015120627592944825,0.006016664225608101,0.0024939129008035503
3MIDD_207,38,0.008267914155730947,0.0015100507989552422,0.006040542122209438,0.002493379909326692
3MIDD_207,39,0.00826424801663959,0.0015065184574897662,0.00605853710381779,0.0024952155507325362
3MIDD_207,40,0.008267859183251835,0.0015011795277346377,0.006062878600787354,0.002501814944361868
3MIDD_207,41,0.008280473484774094,0.0014950333834069958,0.006069451390649182,0.0025088008791773917
3MIDD_207,42,0.008298190559726188,0.001489613477937867,0.006084533312823601,0.002514366602890618
3MIDD_207,43,0.008308805730775897,0.0014845895591335946,0.006108293099678111,0.002518915691477292
3MIDD_207,44,0.00830497414281123,0.0014807464228078387,0.00613416739332023,0.002523514606750833
3MIDD_207,45,0.008305545219918678,0.0014780411793667775,0.006162654134677704,0.0025269698623856932
3MIDD_207,46,0.008321897006244371,0.0014750404686509047,0.006202478948398478,0.0025275280187906568
3MIDD_207,47,0.008352677476359495,0.001470764378266424,0.00625269089476204,0.002526881461704116
3MIDD_207,48,0.008393340446636982,0.001466286793484347,0.006294854599400412,0.0025289485937133546
3MIDD_207,49,0.008430398444179412,0.00146194784760076,0.006322978253010646,0.0025350439404244903
4MIDD_085_170,0,0.0032144970705849,0.0007656606123597886,0.004650261550850684,0.0018428977656732154
4MIDD_085_170,1,0.0032254611537064,0.0007703232447997987,0.004566211067212842,0.0018463216349325854
4MIDD_085_170,2,0.003263120913788936,0.0007721125957742985,0.00443045785589673,0.0018530099301281237
4MIDD_085_170,3,0.0033038415154442004,0.0007611041828739569,0.004247253118082862,0.001853613996567054
4MIDD_085_170,4,0.00333692685911954,0.0007562416181272412,0.004137264307428256,0.0018442617366508664
4MIDD_085_170,5,0.003344995108927816,0.0007597406209141486,0.00412980568784404,0.0018252031357690196
4MIDD_085_170,6,0.0033503760587336503,0.0007634288906170773,0.004123119846990428,0.0018107302328307746
4MIDD_085_170,7,0.0033401782430155357,0.0007648341294887625,0.00412503996507438,0.0017919598847544811
4MIDD_085_170,8,0.003294183070065612,0.0007718553409610368,0.004157029754314844,0.00177069126685974
4MIDD_085_170,9,0.0032656698193750193,0.0007788968931037491,0.004172770374861996,0.001759264327647925
4MIDD_085_170,10,0.003256077777768934,0.0007844764110829503,0.004151625090889856,0.0017602934956060749
4MIDD_085_170,11,0.003246176301254294,0.0007909454866072584,0.0040966581309475995,0.001769984983778192
4MIDD_085_170,12,0.003259746341082048,0.0007891175050565334,0.004084574185962977,0.0017724419555034145
4MIDD_085_170,13,0.003297077704064556,0.0007774826994262925,0.004123748055117148,0.001768382648760826
4MIDD_085_170,14,0.0033284923400697043,0.000765679100958962,0.004214000312940676,0.0017611984874010321
4MIDD_085_170,15,0.00332046408173026,0.0007626076724545843,0.004297790698806224,0.0017628290893762987
4MIDD_085_170,16,0.003295286575703344,0.0007647010660315481,0.004363716382977133,0.0017707820484155026
4MIDD_085_170,17,0.0032476700087863608,0.000774728436037149,0.004367687733101759,0.001783145999105425
4MIDD_085_170,18,0.003217391277184991,0.0007810140012879713,0.004323915313261737,0.0017981524373926647
4MIDD_085_170,19,0.0032143112723133286,0.000776848765442567,0.004272810469847156,0.001815993886812235
4MIDD_085_170,20,0.003236491853021995,0.000762415816224867,0.0042104464737349155,0.0018375367351784147
4MIDD_085_170,21,0.00324215564636686,0.0007539096986247005,0.004129431237306549,0.0018631553226462294
4MIDD_085_170,22,0.003238704506184138,0.0007503568381161394,0.004068183146991927,0.0018873957882272797
4MIDD_085_170,23,0.0032259481852452017,0.0007520821425091243,0.004017272500313974,0.0019121216505252566
4MIDD_085_170,24,0.003210710246585205,0.0007556845655425784,0.003947046273042349,0.0019421756937676624
4MIDD_085_170,25,0.0032010426162560005,0.0007581376722500051,0.003856728628434196,0.0019790949178230322
4MIDD_085_170,26,0.003171961297193761,0.000765453929909062,0.00374006886631831,0.002025797433781805
4MIDD_085_170,27,0.0031479423687414843,0.0007713710904936108,0.0036340350620593966,0.002073690046896465
4MIDD_085_170,28,0.0031377053129835793,0.0007760530409929524,0.0035760131734423168,0.0021076926915787877
4MIDD_085_170,29,0.00312821771030483,0.0007836518887336828,0.003567410227137766,0.0021246314426369684
4MIDD_085_170,30,0.003120324219598827,0.0007906048361716574,0.003576519726666435,0.0021365040640233413
4MIDD_085_170,31,0.003124469461763486,0.000791032586247455,0.0035561380731814894,0.002159559966519788
4MIDD_085_170,32,0.0031435581678669984,0.0007828148071767441,0.0035032258969294964,0.002196755166332339
4MIDD_085_170,33,0.003140413388173304,0.0007820803553438237,0.0034103073300502623,0.0022531316477726435
4MIDD_085_170,34,0.003133751382410978,0.0007835718133533145,0.0033336652538855484,0.0023071411487519565
4MIDD_085_170,35,0.003156407456990544,0.0007755631993890969,0.0032934312931320116,0.0023486899831709576
4MIDD_085_170,36,0.0031608317025529457,0.0007749400794338673,0.00330728413842734,0.002367014449404006
4MIDD_085_170,37,0.0031505142588866657,0.0007786035839976701,0.003383414936834006,0.0023581043377947546
4MIDD_085_170,38,0.0031426557812664862,0.0007801392064289612,0.003465318796952474,0.0023474900319377743
4MIDD_085_170,39,0.0031665001026703766,0.0007718524728363568,0.0034810659391223396,0.002366137074754484
4MIDD_085_170,40,0.0032077154793659956,0.0007630968069266162,0.003461674566206044,0.0024018087485281146
4MIDD_085_170,41,0.0032274514416348937,0.0007624814863783708,0.0034397805391927177,0.0024419130146077998
4MIDD_085_170,42,0.003244198459724407,0.0007632292768207046,0.0034257135479128747,0.0024815176608499762
4MIDD_085_170,43,0.0032600522023858323,0.000764607218486307,0.0034210951748536817,0.0025172615019634728
4MIDD_085_170,44,0.0032444896289962155,0.0007693963359565901,0.0034352229881915164,0.00254099689313464
4MIDD_085_170,45,0.0032106936041964014,0.000775985872598785,0.003484665958676481,0.0025458981805679226
4MIDD_085_170,46,0.003194188331253801,0.0007807756319902079,0.0035169799596769698,0.002559910503253559
4MIDD_085_170,47,0.003207818696100714,0.000781890477705698,0.0035253613351960583,0.002586286500620882
4MIDD_085_170,48,0.003236868894891786,0.0007823771947951926,0.003526454205857581,0.0026194180121181768
4MIDD_085_170,49,0.003265259128529562,0.0007832638155826651,0.003534741473849852,0.0026502823388980974
