model_id,checkpoint,eval_mode,source_target_pairs,edges_per_pair
flow/0000/000,<FLYVIS_ROOT_DIR>/results/flow/0000/000/chkpts/chkpt_00000,True,24,"{""Mi1->T4a"": 23, ""Mi1->T4b"": 12, ""Mi1->T4c"": 18, ""Mi1->T4d"": 8, ""Tm1->T5a"": 10, ""Tm1->T5b"": 9, ""Tm1->T5c"": 9, ""Tm1->T5d"": 11, ""Tm2->T5a"": 8, ""Tm2->T5b"": 11, ""Tm2->T5c"": 8, ""Tm2->T5d"": 10, ""Tm3->T4a"": 12, ""Tm3->T4b"": 6, ""Tm3->T4c"": 8, ""Tm3->T4d"": 6, ""Tm4->T5a"": 7, ""Tm4->T5b"": 6, ""Tm4->T5c"": 9, ""Tm4->T5d"": 7, ""Tm9->T5a"": 4, ""Tm9->T5b"": 4, ""Tm9->T5c"": 4, ""Tm9->T5d"": 4}"
flow/0000/001,<FLYVIS_ROOT_DIR>/results/flow/0000/001/chkpts/chkpt_00000,True,24,"{""Mi1->T4a"": 23, ""Mi1->T4b"": 12, ""Mi1->T4c"": 18, ""Mi1->T4d"": 8, ""Tm1->T5a"": 10, ""Tm1->T5b"": 9, ""Tm1->T5c"": 9, ""Tm1->T5d"": 11, ""Tm2->T5a"": 8, ""Tm2->T5b"": 11, ""Tm2->T5c"": 8, ""Tm2->T5d"": 10, ""Tm3->T4a"": 12, ""Tm3->T4b"": 6, ""Tm3->T4c"": 8, ""Tm3->T4d"": 6, ""Tm4->T5a"": 7, ""Tm4->T5b"": 6, ""Tm4->T5c"": 9, ""Tm4->T5d"": 7, ""Tm9->T5a"": 4, ""Tm9->T5b"": 4, ""Tm9->T5c"": 4, ""Tm9->T5d"": 4}"
flow/0000/002,<FLYVIS_ROOT_DIR>/results/flow/0000/002/chkpts/chkpt_00000,True,24,"{""Mi1->T4a"": 23, ""Mi1->T4b"": 12, ""Mi1->T4c"": 18, ""Mi1->T4d"": 8, ""Tm1->T5a"": 10, ""Tm1->T5b"": 9, ""Tm1->T5c"": 9, ""Tm1->T5d"": 11, ""Tm2->T5a"": 8, ""Tm2->T5b"": 11, ""Tm2->T5c"": 8, ""Tm2->T5d"": 10, ""Tm3->T4a"": 12, ""Tm3->T4b"": 6, ""Tm3->T4c"": 8, ""Tm3->T4d"": 6, ""Tm4->T5a"": 7, ""Tm4->T5b"": 6, ""Tm4->T5c"": 9, ""Tm4->T5d"": 7, ""Tm9->T5a"": 4, ""Tm9->T5b"": 4, ""Tm9->T5c"": 4, ""Tm9->T5d"": 4}"
flow/0000/003,<FLYVIS_ROOT_DIR>/results/flow/0000/003/chkpts/chkpt_00000,True,24,"{""Mi1->T4a"": 23, ""Mi1->T4b"": 12, ""Mi1->T4c"": 18, ""Mi1->T4d"": 8, ""Tm1->T5a"": 10, ""Tm1->T5b"": 9, ""Tm1->T5c"": 9, ""Tm1->T5d"": 11, ""Tm2->T5a"": 8, ""Tm2->T5b"": 11, ""Tm2->T5c"": 8, ""Tm2->T5d"": 10, ""Tm3->T4a"": 12, ""Tm3->T4b"": 6, ""Tm3->T4c"": 8, ""Tm3->T4d"": 6, ""Tm4->T5a"": 7, ""Tm4->T5b"": 6, ""Tm4->T5c"": 9, ""Tm4->T5d"": 7, ""Tm9->T5a"": 4, ""Tm9->T5b"": 4, ""Tm9->T5c"": 4, ""Tm9->T5d"": 4}"
flow/0000/004,<FLYVIS_ROOT_DIR>/results/flow/0000/004/chkpts/chkpt_00000,True,24,"{""Mi1->T4a"": 23, ""Mi1->T4b"": 12, ""Mi1->T4c"": 18, ""Mi1->T4d"": 8, ""Tm1->T5a"": 10, ""Tm1->T5b"": 9, ""Tm1->T5c"": 9, ""Tm1->T5d"": 11, ""Tm2->T5a"": 8, ""Tm2->T5b"": 11, ""Tm2->T5c"": 8, ""Tm2->T5d"": 10, ""Tm3->T4a"": 12, ""Tm3->T4b"": 6, ""Tm3->T4c"": 8, ""Tm3->T4d"": 6, ""Tm4->T5a"": 7, ""Tm4->T5b"": 6, ""Tm4->T5c"": 9, ""Tm4->T5d"": 7, ""Tm9->T5a"": 4, ""Tm9->T5b"": 4, ""Tm9->T5c"": 4, ""Tm9->T5d"": 4}"
flow/0000/005,<FLYVIS_ROOT_DIR>/results/flow/0000/005/chkpts/chkpt_00000,True,24,"{""Mi1->T4a"": 23, ""Mi1->T4b"": 12, ""Mi1->T4c"": 18, ""Mi1->T4d"": 8, ""Tm1->T5a"": 10, ""Tm1->T5b"": 9, ""Tm1->T5c"": 9, ""Tm1->T5d"": 11, ""Tm2->T5a"": 8, ""Tm2->T5b"": 11, ""Tm2->T5c"": 8, ""Tm2->T5d"": 10, ""Tm3->T4a"": 12, ""Tm3->T4b"": 6, ""Tm3->T4c"": 8, ""Tm3->T4d"": 6, ""Tm4->T5a"": 7, ""Tm4->T5b"": 6, ""Tm4->T5c"": 9, ""Tm4->T5d"": 7, ""Tm9->T5a"": 4, ""Tm9->T5b"": 4, ""Tm9->T5c"": 4, ""Tm9->T5d"": 4}"
flow/0000/006,<FLYVIS_ROOT_DIR>/results/flow/0000/006/chkpts/chkpt_00000,True,24,"{""Mi1->T4a"": 23, ""Mi1->T4b"": 12, ""Mi1->T4c"": 18, ""Mi1->T4d"": 8, ""Tm1->T5a"": 10, ""Tm1->T5b"": 9, ""Tm1->T5c"": 9, ""Tm1->T5d"": 11, ""Tm2->T5a"": 8, ""Tm2->T5b"": 11, ""Tm2->T5c"": 8, ""Tm2->T5d"": 10, ""Tm3->T4a"": 12, ""Tm3->T4b"": 6, ""Tm3->T4c"": 8, ""Tm3->T4d"": 6, ""Tm4->T5a"": 7, ""Tm4->T5b"": 6, ""Tm4->T5c"": 9, ""Tm4->T5d"": 7, ""Tm9->T5a"": 4, ""Tm9->T5b"": 4, ""Tm9->T5c"": 4, ""Tm9->T5d"": 4}"
flow/0000/007,<FLYVIS_ROOT_DIR>/results/flow/0000/007/chkpts/chkpt_00000,True,24,"{""Mi1->T4a"": 23, ""Mi1->T4b"": 12, ""Mi1->T4c"": 18, ""Mi1->T4d"": 8, ""Tm1->T5a"": 10, ""Tm1->T5b"": 9, ""Tm1->T5c"": 9, ""Tm1->T5d"": 11, ""Tm2->T5a"": 8, ""Tm2->T5b"": 11, ""Tm2->T5c"": 8, ""Tm2->T5d"": 10, ""Tm3->T4a"": 12, ""Tm3->T4b"": 6, ""Tm3->T4c"": 8, ""Tm3->T4d"": 6, ""Tm4->T5a"": 7, ""Tm4->T5b"": 6, ""Tm4->T5c"": 9, ""Tm4->T5d"": 7, ""Tm9->T5a"": 4, ""Tm9->T5b"": 4, ""Tm9->T5c"": 4, ""Tm9->T5d"": 4}"
flow/0000/008,<FLYVIS_ROOT_DIR>/results/flow/0000/008/chkpts/chkpt_00000,True,24,"{""Mi1->T4a"": 23, ""Mi1->T4b"": 12, ""Mi1->T4c"": 18, ""Mi1->T4d"": 8, ""Tm1->T5a"": 10, ""Tm1->T5b"": 9, ""Tm1->T5c"": 9, ""Tm1->T5d"": 11, ""Tm2->T5a"": 8, ""Tm2->T5b"": 11, ""Tm2->T5c"": 8, ""Tm2->T5d"": 10, ""Tm3->T4a"": 12, ""Tm3->T4b"": 6, ""Tm3->T4c"": 8, ""Tm3->T4d"": 6, ""Tm4->T5a"": 7, ""Tm4->T5b"": 6, ""Tm4->T5c"": 9, ""Tm4->T5d"": 7, ""Tm9->T5a"": 4, ""Tm9->T5b"": 4, ""Tm9->T5c"": 4, ""Tm9->T5d"": 4}"
flow/0000/009,<FLYVIS_ROOT_DIR>/results/flow/0000/009/chkpts/chkpt_00000,True,24,"{""Mi1->T4a"": 23, ""Mi1->T4b"": 12, ""Mi1->T4c"": 18, ""Mi1->T4d"": 8, ""Tm1->T5a"": 10, ""Tm1->T5b"": 9, ""Tm1->T5c"": 9, ""Tm1->T5d"": 11, ""Tm2->T5a"": 8, ""Tm2->T5b"": 11, ""Tm2->T5c"": 8, ""Tm2->T5d"": 10, ""Tm3->T4a"": 12, ""Tm3->T4b"": 6, ""Tm3->T4c"": 8, ""Tm3->T4d"": 6, ""Tm4->T5a"": 7, ""Tm4->T5b"": 6, ""Tm4->T5c"": 9, ""Tm4->T5d"": 7, ""Tm9->T5a"": 4, ""Tm9->T5b"": 4, ""Tm9->T5c"": 4, ""Tm9->T5d"": 4}"
flow/0000/010,<FLYVIS_ROOT_DIR>/results/flow/0000/010/chkpts/chkpt_00000,True,24,"{""Mi1->T4a"": 23, ""Mi1->T4b"": 12, ""Mi1->T4c"": 18, ""Mi1->T4d"": 8, ""Tm1->T5a"": 10, ""Tm1->T5b"": 9, ""Tm1->T5c"": 9, ""Tm1->T5d"": 11, ""Tm2->T5a"": 8, ""Tm2->T5b"": 11, ""Tm2->T5c"": 8, ""Tm2->T5d"": 10, ""Tm3->T4a"": 12, ""Tm3->T4b"": 6, ""Tm3->T4c"": 8, ""Tm3->T4d"": 6, ""Tm4->T5a"": 7, ""Tm4->T5b"": 6, ""Tm4->T5c"": 9, ""Tm4->T5d"": 7, ""Tm9->T5a"": 4, ""Tm9->T5b"": 4, ""Tm9->T5c"": 4, ""Tm9->T5d"": 4}"
flow/0000/011,<FLYVIS_ROOT_DIR>/results/flow/0000/011/chkpts/chkpt_00000,True,24,"{""Mi1->T4a"": 23, ""Mi1->T4b"": 12, ""Mi1->T4c"": 18, ""Mi1->T4d"": 8, ""Tm1->T5a"": 10, ""Tm1->T5b"": 9, ""Tm1->T5c"": 9, ""Tm1->T5d"": 11, ""Tm2->T5a"": 8, ""Tm2->T5b"": 11, ""Tm2->T5c"": 8, ""Tm2->T5d"": 10, ""Tm3->T4a"": 12, ""Tm3->T4b"": 6, ""Tm3->T4c"": 8, ""Tm3->T4d"": 6, ""Tm4->T5a"": 7, ""Tm4->T5b"": 6, ""Tm4->T5c"": 9, ""Tm4->T5d"": 7, ""Tm9->T5a"": 4, ""Tm9->T5b"": 4, ""Tm9->T5c"": 4, ""Tm9->T5d"": 4}"
flow/0000/012,<FLYVIS_ROOT_DIR>/results/flow/0000/012/chkpts/chkpt_00000,True,24,"{""Mi1->T4a"": 23, ""Mi1->T4b"": 12, ""Mi1->T4c"": 18, ""Mi1->T4d"": 8, ""Tm1->T5a"": 10, ""Tm1->T5b"": 9, ""Tm1->T5c"": 9, ""Tm1->T5d"": 11, ""Tm2->T5a"": 8, ""Tm2->T5b"": 11, ""Tm2->T5c"": 8, ""Tm2->T5d"": 10, ""Tm3->T4a"": 12, ""Tm3->T4b"": 6, ""Tm3->T4c"": 8, ""Tm3->T4d"": 6, ""Tm4->T5a"": 7, ""Tm4->T5b"": 6, ""Tm4->T5c"": 9, ""Tm4->T5d"": 7, ""Tm9->T5a"": 4, ""Tm9->T5b"": 4, ""Tm9->T5c"": 4, ""Tm9->T5d"": 4}"
flow/0000/013,<FLYVIS_ROOT_DIR>/results/flow/0000/013/chkpts/chkpt_00000,True,24,"{""Mi1->T4a"": 23, ""Mi1->T4b"": 12, ""Mi1->T4c"": 18, ""Mi1->T4d"": 8, ""Tm1->T5a"": 10, ""Tm1->T5b"": 9, ""Tm1->T5c"": 9, ""Tm1->T5d"": 11, ""Tm2->T5a"": 8, ""Tm2->T5b"": 11, ""Tm2->T5c"": 8, ""Tm2->T5d"": 10, ""Tm3->T4a"": 12, ""Tm3->T4b"": 6, ""Tm3->T4c"": 8, ""Tm3->T4d"": 6, ""Tm4->T5a"": 7, ""Tm4->T5b"": 6, ""Tm4->T5c"": 9, ""Tm4->T5d"": 7, ""Tm9->T5a"": 4, ""Tm9->T5b"": 4, ""Tm9->T5c"": 4, ""Tm9->T5d"": 4}"
flow/0000/014,<FLYVIS_ROOT_DIR>/results/flow/0000/014/chkpts/chkpt_00000,True,24,"{""Mi1->T4a"": 23, ""Mi1->T4b"": 12, ""Mi1->T4c"": 18, ""Mi1->T4d"": 8, ""Tm1->T5a"": 10, ""Tm1->T5b"": 9, ""Tm1->T5c"": 9, ""Tm1->T5d"": 11, ""Tm2->T5a"": 8, ""Tm2->T5b"": 11, ""Tm2->T5c"": 8, ""Tm2->T5d"": 10, ""Tm3->T4a"": 12, ""Tm3->T4b"": 6, ""Tm3->T4c"": 8, ""Tm3->T4d"": 6, ""Tm4->T5a"": 7, ""Tm4->T5b"": 6, ""Tm4->T5c"": 9, ""Tm4->T5d"": 7, ""Tm9->T5a"": 4, ""Tm9->T5b"": 4, ""Tm9->T5c"": 4, ""Tm9->T5d"": 4}"
flow/0000/015,<FLYVIS_ROOT_DIR>/results/flow/0000/015/chkpts/chkpt_00000,True,24,"{""Mi1->T4a"": 23, ""Mi1->T4b"": 12, ""Mi1->T4c"": 18, ""Mi1->T4d"": 8, ""Tm1->T5a"": 10, ""Tm1->T5b"": 9, ""Tm1->T5c"": 9, ""Tm1->T5d"": 11, ""Tm2->T5a"": 8, ""Tm2->T5b"": 11, ""Tm2->T5c"": 8, ""Tm2->T5d"": 10, ""Tm3->T4a"": 12, ""Tm3->T4b"": 6, ""Tm3->T4c"": 8, ""Tm3->T4d"": 6, ""Tm4->T5a"": 7, ""Tm4->T5b"": 6, ""Tm4->T5c"": 9, ""Tm4->T5d"": 7, ""Tm9->T5a"": 4, ""Tm9->T5b"": 4, ""Tm9->T5c"": 4, ""Tm9->T5d"": 4}"
flow/0000/016,<FLYVIS_ROOT_DIR>/results/flow/0000/016/chkpts/chkpt_00000,True,24,"{""Mi1->T4a"": 23, ""Mi1->T4b"": 12, ""Mi1->T4c"": 18, ""Mi1->T4d"": 8, ""Tm1->T5a"": 10, ""Tm1->T5b"": 9, ""Tm1->T5c"": 9, ""Tm1->T5d"": 11, ""Tm2->T5a"": 8, ""Tm2->T5b"": 11, ""Tm2->T5c"": 8, ""Tm2->T5d"": 10, ""Tm3->T4a"": 12, ""Tm3->T4b"": 6, ""Tm3->T4c"": 8, ""Tm3->T4d"": 6, ""Tm4->T5a"": 7, ""Tm4->T5b"": 6, ""Tm4->T5c"": 9, ""Tm4->T5d"": 7, ""Tm9->T5a"": 4, ""Tm9->T5b"": 4, ""Tm9->T5c"": 4, ""Tm9->T5d"": 4}"
flow/0000/017,<FLYVIS_ROOT_DIR>/results/flow/0000/017/chkpts/chkpt_00000,True,24,"{""Mi1->T4a"": 23, ""Mi1->T4b"": 12, ""Mi1->T4c"": 18, ""Mi1->T4d"": 8, ""Tm1->T5a"": 10, ""Tm1->T5b"": 9, ""Tm1->T5c"": 9, ""Tm1->T5d"": 11, ""Tm2->T5a"": 8, ""Tm2->T5b"": 11, ""Tm2->T5c"": 8, ""Tm2->T5d"": 10, ""Tm3->T4a"": 12, ""Tm3->T4b"": 6, ""Tm3->T4c"": 8, ""Tm3->T4d"": 6, ""Tm4->T5a"": 7, ""Tm4->T5b"": 6, ""Tm4->T5c"": 9, ""Tm4->T5d"": 7, ""Tm9->T5a"": 4, ""Tm9->T5b"": 4, ""Tm9->T5c"": 4, ""Tm9->T5d"": 4}"
flow/0000/018,<FLYVIS_ROOT_DIR>/results/flow/0000/018/chkpts/chkpt_00000,True,24,"{""Mi1->T4a"": 23, ""Mi1->T4b"": 12, ""Mi1->T4c"": 18, ""Mi1->T4d"": 8, ""Tm1->T5a"": 10, ""Tm1->T5b"": 9, ""Tm1->T5c"": 9, ""Tm1->T5d"": 11, ""Tm2->T5a"": 8, ""Tm2->T5b"": 11, ""Tm2->T5c"": 8, ""Tm2->T5d"": 10, ""Tm3->T4a"": 12, ""Tm3->T4b"": 6, ""Tm3->T4c"": 8, ""Tm3->T4d"": 6, ""Tm4->T5a"": 7, ""Tm4->T5b"": 6, ""Tm4->T5c"": 9, ""Tm4->T5d"": 7, ""Tm9->T5a"": 4, ""Tm9->T5b"": 4, ""Tm9->T5c"": 4, ""Tm9->T5d"": 4}"
flow/0000/019,<FLYVIS_ROOT_DIR>/results/flow/0000/019/chkpts/chkpt_00000,True,24,"{""Mi1->T4a"": 23, ""Mi1->T4b"": 12, ""Mi1->T4c"": 18, ""Mi1->T4d"": 8, ""Tm1->T5a"": 10, ""Tm1->T5b"": 9, ""Tm1->T5c"": 9, ""Tm1->T5d"": 11, ""Tm2->T5a"": 8, ""Tm2->T5b"": 11, ""Tm2->T5c"": 8, ""Tm2->T5d"": 10, ""Tm3->T4a"": 12, ""Tm3->T4b"": 6, ""Tm3->T4c"": 8, ""Tm3->T4d"": 6, ""Tm4->T5a"": 7, ""Tm4->T5b"": 6, ""Tm4->T5c"": 9, ""Tm4->T5d"": 7, ""Tm9->T5a"": 4, ""Tm9->T5b"": 4, ""Tm9->T5c"": 4, ""Tm9->T5d"": 4}"
flow/0000/020,<FLYVIS_ROOT_DIR>/results/flow/0000/020/chkpts/chkpt_00000,True,24,"{""Mi1->T4a"": 23, ""Mi1->T4b"": 12, ""Mi1->T4c"": 18, ""Mi1->T4d"": 8, ""Tm1->T5a"": 10, ""Tm1->T5b"": 9, ""Tm1->T5c"": 9, ""Tm1->T5d"": 11, ""Tm2->T5a"": 8, ""Tm2->T5b"": 11, ""Tm2->T5c"": 8, ""Tm2->T5d"": 10, ""Tm3->T4a"": 12, ""Tm3->T4b"": 6, ""Tm3->T4c"": 8, ""Tm3->T4d"": 6, ""Tm4->T5a"": 7, ""Tm4->T5b"": 6, ""Tm4->T5c"": 9, ""Tm4->T5d"": 7, ""Tm9->T5a"": 4, ""Tm9->T5b"": 4, ""Tm9->T5c"": 4, ""Tm9->T5d"": 4}"
flow/0000/021,<FLYVIS_ROOT_DIR>/results/flow/0000/021/chkpts/chkpt_00000,True,24,"{""Mi1->T4a"": 23, ""Mi1->T4b"": 12, ""Mi1->T4c"": 18, ""Mi1->T4d"": 8, ""Tm1->T5a"": 10, ""Tm1->T5b"": 9, ""Tm1->T5c"": 9, ""Tm1->T5d"": 11, ""Tm2->T5a"": 8, ""Tm2->T5b"": 11, ""Tm2->T5c"": 8, ""Tm2->T5d"": 10, ""Tm3->T4a"": 12, ""Tm3->T4b"": 6, ""Tm3->T4c"": 8, ""Tm3->T4d"": 6, ""Tm4->T5a"": 7, ""Tm4->T5b"": 6, ""Tm4->T5c"": 9, ""Tm4->T5d"": 7, ""Tm9->T5a"": 4, ""Tm9->T5b"": 4, ""Tm9->T5c"": 4, ""Tm9->T5d"": 4}"
flow/0000/022,<FLYVIS_ROOT_DIR>/results/flow/0000/022/chkpts/chkpt_00000,True,24,"{""Mi1->T4a"": 23, ""Mi1->T4b"": 12, ""Mi1->T4c"": 18, ""Mi1->T4d"": 8, ""Tm1->T5a"": 10, ""Tm1->T5b"": 9, ""Tm1->T5c"": 9, ""Tm1->T5d"": 11, ""Tm2->T5a"": 8, ""Tm2->T5b"": 11, ""Tm2->T5c"": 8, ""Tm2->T5d"": 10, ""Tm3->T4a"": 12, ""Tm3->T4b"": 6, ""Tm3->T4c"": 8, ""Tm3->T4d"": 6, ""Tm4->T5a"": 7, ""Tm4->T5b"": 6, ""Tm4->T5c"": 9, ""Tm4->T5d"": 7, ""Tm9->T5a"": 4, ""Tm9->T5b"": 4, ""Tm9->T5c"": 4, ""Tm9->T5d"": 4}"
flow/0000/023,<FLYVIS_ROOT_DIR>/results/flow/0000/023/chkpts/chkpt_00000,True,24,"{""Mi1->T4a"": 23, ""Mi1->T4b"": 12, ""Mi1->T4c"": 18, ""Mi1->T4d"": 8, ""Tm1->T5a"": 10, ""Tm1->T5b"": 9, ""Tm1->T5c"": 9, ""Tm1->T5d"": 11, ""Tm2->T5a"": 8, ""Tm2->T5b"": 11, ""Tm2->T5c"": 8, ""Tm2->T5d"": 10, ""Tm3->T4a"": 12, ""Tm3->T4b"": 6, ""Tm3->T4c"": 8, ""Tm3->T4d"": 6, ""Tm4->T5a"": 7, ""Tm4->T5b"": 6, ""Tm4->T5c"": 9, ""Tm4->T5d"": 7, ""Tm9->T5a"": 4, ""Tm9->T5b"": 4, ""Tm9->T5c"": 4, ""Tm9->T5d"": 4}"
flow/0000/024,<FLYVIS_ROOT_DIR>/results/flow/0000/024/chkpts/chkpt_00000,True,24,"{""Mi1->T4a"": 23, ""Mi1->T4b"": 12, ""Mi1->T4c"": 18, ""Mi1->T4d"": 8, ""Tm1->T5a"": 10, ""Tm1->T5b"": 9, ""Tm1->T5c"": 9, ""Tm1->T5d"": 11, ""Tm2->T5a"": 8, ""Tm2->T5b"": 11, ""Tm2->T5c"": 8, ""Tm2->T5d"": 10, ""Tm3->T4a"": 12, ""Tm3->T4b"": 6, ""Tm3->T4c"": 8, ""Tm3->T4d"": 6, ""Tm4->T5a"": 7, ""Tm4->T5b"": 6, ""Tm4->T5c"": 9, ""Tm4->T5d"": 7, ""Tm9->T5a"": 4, ""Tm9->T5b"": 4, ""Tm9->T5c"": 4, ""Tm9->T5d"": 4}"
flow/0000/025,<FLYVIS_ROOT_DIR>/results/flow/0000/025/chkpts/chkpt_00000,True,24,"{""Mi1->T4a"": 23, ""Mi1->T4b"": 12, ""Mi1->T4c"": 18, ""Mi1->T4d"": 8, ""Tm1->T5a"": 10, ""Tm1->T5b"": 9, ""Tm1->T5c"": 9, ""Tm1->T5d"": 11, ""Tm2->T5a"": 8, ""Tm2->T5b"": 11, ""Tm2->T5c"": 8, ""Tm2->T5d"": 10, ""Tm3->T4a"": 12, ""Tm3->T4b"": 6, ""Tm3->T4c"": 8, ""Tm3->T4d"": 6, ""Tm4->T5a"": 7, ""Tm4->T5b"": 6, ""Tm4->T5c"": 9, ""Tm4->T5d"": 7, ""Tm9->T5a"": 4, ""Tm9->T5b"": 4, ""Tm9->T5c"": 4, ""Tm9->T5d"": 4}"
flow/0000/026,<FLYVIS_ROOT_DIR>/results/flow/0000/026/chkpts/chkpt_00000,True,24,"{""Mi1->T4a"": 23, ""Mi1->T4b"": 12, ""Mi1->T4c"": 18, ""Mi1->T4d"": 8, ""Tm1->T5a"": 10, ""Tm1->T5b"": 9, ""Tm1->T5c"": 9, ""Tm1->T5d"": 11, ""Tm2->T5a"": 8, ""Tm2->T5b"": 11, ""Tm2->T5c"": 8, ""Tm2->T5d"": 10, ""Tm3->T4a"": 12, ""Tm3->T4b"": 6, ""Tm3->T4c"": 8, ""Tm3->T4d"": 6, ""Tm4->T5a"": 7, ""Tm4->T5b"": 6, ""Tm4->T5c"": 9, ""Tm4->T5d"": 7, ""Tm9->T5a"": 4, ""Tm9->T5b"": 4, ""Tm9->T5c"": 4, ""Tm9->T5d"": 4}"
flow/0000/027,<FLYVIS_ROOT_DIR>/results/flow/0000/027/chkpts/chkpt_00000,True,24,"{""Mi1->T4a"": 23, ""Mi1->T4b"": 12, ""Mi1->T4c"": 18, ""Mi1->T4d"": 8, ""Tm1->T5a"": 10, ""Tm1->T5b"": 9, ""Tm1->T5c"": 9, ""Tm1->T5d"": 11, ""Tm2->T5a"": 8, ""Tm2->T5b"": 11, ""Tm2->T5c"": 8, ""Tm2->T5d"": 10, ""Tm3->T4a"": 12, ""Tm3->T4b"": 6, ""Tm3->T4c"": 8, ""Tm3->T4d"": 6, ""Tm4->T5a"": 7, ""Tm4->T5b"": 6, ""Tm4->T5c"": 9, ""Tm4->T5d"": 7, ""Tm9->T5a"": 4, ""Tm9->T5b"": 4, ""Tm9->T5c"": 4, ""Tm9->T5d"": 4}"
flow/0000/028,<FLYVIS_ROOT_DIR>/results/flow/0000/028/chkpts/chkpt_00000,True,24,"{""Mi1->T4a"": 23, ""Mi1->T4b"": 12, ""Mi1->T4c"": 18, ""Mi1->T4d"": 8, ""Tm1->T5a"": 10, ""Tm1->T5b"": 9, ""Tm1->T5c"": 9, ""Tm1->T5d"": 11, ""Tm2->T5a"": 8, ""Tm2->T5b"": 11, ""Tm2->T5c"": 8, ""Tm2->T5d"": 10, ""Tm3->T4a"": 12, ""Tm3->T4b"": 6, ""Tm3->T4c"": 8, ""Tm3->T4d"": 6, ""Tm4->T5a"": 7, ""Tm4->T5b"": 6, ""Tm4->T5c"": 9, ""Tm4->T5d"": 7, ""Tm9->T5a"": 4, ""Tm9->T5b"": 4, ""Tm9->T5c"": 4, ""Tm9->T5d"": 4}"
flow/0000/029,<FLYVIS_ROOT_DIR>/results/flow/0000/029/chkpts/chkpt_00000,True,24,"{""Mi1->T4a"": 23, ""Mi1->T4b"": 12, ""Mi1->T4c"": 18, ""Mi1->T4d"": 8, ""Tm1->T5a"": 10, ""Tm1->T5b"": 9, ""Tm1->T5c"": 9, ""Tm1->T5d"": 11, ""Tm2->T5a"": 8, ""Tm2->T5b"": 11, ""Tm2->T5c"": 8, ""Tm2->T5d"": 10, ""Tm3->T4a"": 12, ""Tm3->T4b"": 6, ""Tm3->T4c"": 8, ""Tm3->T4d"": 6, ""Tm4->T5a"": 7, ""Tm4->T5b"": 6, ""Tm4->T5c"": 9, ""Tm4->T5d"": 7, ""Tm9->T5a"": 4, ""Tm9->T5b"": 4, ""Tm9->T5c"": 4, ""Tm9->T5d"": 4}"
flow/0000/030,<FLYVIS_ROOT_DIR>/results/flow/0000/030/chkpts/chkpt_00000,True,24,"{""Mi1->T4a"": 23, ""Mi1->T4b"": 12, ""Mi1->T4c"": 18, ""Mi1->T4d"": 8, ""Tm1->T5a"": 10, ""Tm1->T5b"": 9, ""Tm1->T5c"": 9, ""Tm1->T5d"": 11, ""Tm2->T5a"": 8, ""Tm2->T5b"": 11, ""Tm2->T5c"": 8, ""Tm2->T5d"": 10, ""Tm3->T4a"": 12, ""Tm3->T4b"": 6, ""Tm3->T4c"": 8, ""Tm3->T4d"": 6, ""Tm4->T5a"": 7, ""Tm4->T5b"": 6, ""Tm4->T5c"": 9, ""Tm4->T5d"": 7, ""Tm9->T5a"": 4, ""Tm9->T5b"": 4, ""Tm9->T5c"": 4, ""Tm9->T5d"": 4}"
flow/0000/031,<FLYVIS_ROOT_DIR>/results/flow/0000/031/chkpts/chkpt_00000,True,24,"{""Mi1->T4a"": 23, ""Mi1->T4b"": 12, ""Mi1->T4c"": 18, ""Mi1->T4d"": 8, ""Tm1->T5a"": 10, ""Tm1->T5b"": 9, ""Tm1->T5c"": 9, ""Tm1->T5d"": 11, ""Tm2->T5a"": 8, ""Tm2->T5b"": 11, ""Tm2->T5c"": 8, ""Tm2->T5d"": 10, ""Tm3->T4a"": 12, ""Tm3->T4b"": 6, ""Tm3->T4c"": 8, ""Tm3->T4d"": 6, ""Tm4->T5a"": 7, ""Tm4->T5b"": 6, ""Tm4->T5c"": 9, ""Tm4->T5d"": 7, ""Tm9->T5a"": 4, ""Tm9->T5b"": 4, ""Tm9->T5c"": 4, ""Tm9->T5d"": 4}"
flow/0000/032,<FLYVIS_ROOT_DIR>/results/flow/0000/032/chkpts/chkpt_00000,True,24,"{""Mi1->T4a"": 23, ""Mi1->T4b"": 12, ""Mi1->T4c"": 18, ""Mi1->T4d"": 8, ""Tm1->T5a"": 10, ""Tm1->T5b"": 9, ""Tm1->T5c"": 9, ""Tm1->T5d"": 11, ""Tm2->T5a"": 8, ""Tm2->T5b"": 11, ""Tm2->T5c"": 8, ""Tm2->T5d"": 10, ""Tm3->T4a"": 12, ""Tm3->T4b"": 6, ""Tm3->T4c"": 8, ""Tm3->T4d"": 6, ""Tm4->T5a"": 7, ""Tm4->T5b"": 6, ""Tm4->T5c"": 9, ""Tm4->T5d"": 7, ""Tm9->T5a"": 4, ""Tm9->T5b"": 4, ""Tm9->T5c"": 4, ""Tm9->T5d"": 4}"
flow/0000/033,<FLYVIS_ROOT_DIR>/results/flow/0000/033/chkpts/chkpt_00000,True,24,"{""Mi1->T4a"": 23, ""Mi1->T4b"": 12, ""Mi1->T4c"": 18, ""Mi1->T4d"": 8, ""Tm1->T5a"": 10, ""Tm1->T5b"": 9, ""Tm1->T5c"": 9, ""Tm1->T5d"": 11, ""Tm2->T5a"": 8, ""Tm2->T5b"": 11, ""Tm2->T5c"": 8, ""Tm2->T5d"": 10, ""Tm3->T4a"": 12, ""Tm3->T4b"": 6, ""Tm3->T4c"": 8, ""Tm3->T4d"": 6, ""Tm4->T5a"": 7, ""Tm4->T5b"": 6, ""Tm4->T5c"": 9, ""Tm4->T5d"": 7, ""Tm9->T5a"": 4, ""Tm9->T5b"": 4, ""Tm9->T5c"": 4, ""Tm9->T5d"": 4}"
flow/0000/034,<FLYVIS_ROOT_DIR>/results/flow/0000/034/chkpts/chkpt_00000,True,24,"{""Mi1->T4a"": 23, ""Mi1->T4b"": 12, ""Mi1->T4c"": 18, ""Mi1->T4d"": 8, ""Tm1->T5a"": 10, ""Tm1->T5b"": 9, ""Tm1->T5c"": 9, ""Tm1->T5d"": 11, ""Tm2->T5a"": 8, ""Tm2->T5b"": 11, ""Tm2->T5c"": 8, ""Tm2->T5d"": 10, ""Tm3->T4a"": 12, ""Tm3->T4b"": 6, ""Tm3->T4c"": 8, ""Tm3->T4d"": 6, ""Tm4->T5a"": 7, ""Tm4->T5b"": 6, ""Tm4->T5c"": 9, ""Tm4->T5d"": 7, ""Tm9->T5a"": 4, ""Tm9->T5b"": 4, ""Tm9->T5c"": 4, ""Tm9->T5d"": 4}"
flow/0000/035,<FLYVIS_ROOT_DIR>/results/flow/0000/035/chkpts/chkpt_00000,True,24,"{""Mi1->T4a"": 23, ""Mi1->T4b"": 12, ""Mi1->T4c"": 18, ""Mi1->T4d"": 8, ""Tm1->T5a"": 10, ""Tm1->T5b"": 9, ""Tm1->T5c"": 9, ""Tm1->T5d"": 11, ""Tm2->T5a"": 8, ""Tm2->T5b"": 11, ""Tm2->T5c"": 8, ""Tm2->T5d"": 10, ""Tm3->T4a"": 12, ""Tm3->T4b"": 6, ""Tm3->T4c"": 8, ""Tm3->T4d"": 6, ""Tm4->T5a"": 7, ""Tm4->T5b"": 6, ""Tm4->T5c"": 9, ""Tm4->T5d"": 7, ""Tm9->T5a"": 4, ""Tm9->T5b"": 4, ""Tm9->T5c"": 4, ""Tm9->T5d"": 4}"
flow/0000/036,<FLYVIS_ROOT_DIR>/results/flow/0000/036/chkpts/chkpt_00000,True,24,"{""Mi1->T4a"": 23, ""Mi1->T4b"": 12, ""Mi1->T4c"": 18, ""Mi1->T4d"": 8, ""Tm1->T5a"": 10, ""Tm1->T5b"": 9, ""Tm1->T5c"": 9, ""Tm1->T5d"": 11, ""Tm2->T5a"": 8, ""Tm2->T5b"": 11, ""Tm2->T5c"": 8, ""Tm2->T5d"": 10, ""Tm3->T4a"": 12, ""Tm3->T4b"": 6, ""Tm3->T4c"": 8, ""Tm3->T4d"": 6, ""Tm4->T5a"": 7, ""Tm4->T5b"": 6, ""Tm4->T5c"": 9, ""Tm4->T5d"": 7, ""Tm9->T5a"": 4, ""Tm9->T5b"": 4, ""Tm9->T5c"": 4, ""Tm9->T5d"": 4}"
flow/0000/037,<FLYVIS_ROOT_DIR>/results/flow/0000/037/chkpts/chkpt_00000,True,24,"{""Mi1->T4a"": 23, ""Mi1->T4b"": 12, ""Mi1->T4c"": 18, ""Mi1->T4d"": 8, ""Tm1->T5a"": 10, ""Tm1->T5b"": 9, ""Tm1->T5c"": 9, ""Tm1->T5d"": 11, ""Tm2->T5a"": 8, ""Tm2->T5b"": 11, ""Tm2->T5c"": 8, ""Tm2->T5d"": 10, ""Tm3->T4a"": 12, ""Tm3->T4b"": 6, ""Tm3->T4c"": 8, ""Tm3->T4d"": 6, ""Tm4->T5a"": 7, ""Tm4->T5b"": 6, ""Tm4->T5c"": 9, ""Tm4->T5d"": 7, ""Tm9->T5a"": 4, ""Tm9->T5b"": 4, ""Tm9->T5c"": 4, ""Tm9->T5d"": 4}"
flow/0000/038,<FLYVIS_ROOT_DIR>/results/flow/0000/038/chkpts/chkpt_00000,True,24,"{""Mi1->T4a"": 23, ""Mi1->T4b"": 12, ""Mi1->T4c"": 18, ""Mi1->T4d"": 8, ""Tm1->T5a"": 10, ""Tm1->T5b"": 9, ""Tm1->T5c"": 9, ""Tm1->T5d"": 11, ""Tm2->T5a"": 8, ""Tm2->T5b"": 11, ""Tm2->T5c"": 8, ""Tm2->T5d"": 10, ""Tm3->T4a"": 12, ""Tm3->T4b"": 6, ""Tm3->T4c"": 8, ""Tm3->T4d"": 6, ""Tm4->T5a"": 7, ""Tm4->T5b"": 6, ""Tm4->T5c"": 9, ""Tm4->T5d"": 7, ""Tm9->T5a"": 4, ""Tm9->T5b"": 4, ""Tm9->T5c"": 4, ""Tm9->T5d"": 4}"
flow/0000/039,<FLYVIS_ROOT_DIR>/results/flow/0000/039/chkpts/chkpt_00000,True,24,"{""Mi1->T4a"": 23, ""Mi1->T4b"": 12, ""Mi1->T4c"": 18, ""Mi1->T4d"": 8, ""Tm1->T5a"": 10, ""Tm1->T5b"": 9, ""Tm1->T5c"": 9, ""Tm1->T5d"": 11, ""Tm2->T5a"": 8, ""Tm2->T5b"": 11, ""Tm2->T5c"": 8, ""Tm2->T5d"": 10, ""Tm3->T4a"": 12, ""Tm3->T4b"": 6, ""Tm3->T4c"": 8, ""Tm3->T4d"": 6, ""Tm4->T5a"": 7, ""Tm4->T5b"": 6, ""Tm4->T5c"": 9, ""Tm4->T5d"": 7, ""Tm9->T5a"": 4, ""Tm9->T5b"": 4, ""Tm9->T5c"": 4, ""Tm9->T5d"": 4}"
flow/0000/040,<FLYVIS_ROOT_DIR>/results/flow/0000/040/chkpts/chkpt_00000,True,24,"{""Mi1->T4a"": 23, ""Mi1->T4b"": 12, ""Mi1->T4c"": 18, ""Mi1->T4d"": 8, ""Tm1->T5a"": 10, ""Tm1->T5b"": 9, ""Tm1->T5c"": 9, ""Tm1->T5d"": 11, ""Tm2->T5a"": 8, ""Tm2->T5b"": 11, ""Tm2->T5c"": 8, ""Tm2->T5d"": 10, ""Tm3->T4a"": 12, ""Tm3->T4b"": 6, ""Tm3->T4c"": 8, ""Tm3->T4d"": 6, ""Tm4->T5a"": 7, ""Tm4->T5b"": 6, ""Tm4->T5c"": 9, ""Tm4->T5d"": 7, ""Tm9->T5a"": 4, ""Tm9->T5b"": 4, ""Tm9->T5c"": 4, ""Tm9->T5d"": 4}"
flow/0000/041,<FLYVIS_ROOT_DIR>/results/flow/0000/041/chkpts/chkpt_00000,True,24,"{""Mi1->T4a"": 23, ""Mi1->T4b"": 12, ""Mi1->T4c"": 18, ""Mi1->T4d"": 8, ""Tm1->T5a"": 10, ""Tm1->T5b"": 9, ""Tm1->T5c"": 9, ""Tm1->T5d"": 11, ""Tm2->T5a"": 8, ""Tm2->T5b"": 11, ""Tm2->T5c"": 8, ""Tm2->T5d"": 10, ""Tm3->T4a"": 12, ""Tm3->T4b"": 6, ""Tm3->T4c"": 8, ""Tm3->T4d"": 6, ""Tm4->T5a"": 7, ""Tm4->T5b"": 6, ""Tm4->T5c"": 9, ""Tm4->T5d"": 7, ""Tm9->T5a"": 4, ""Tm9->T5b"": 4, ""Tm9->T5c"": 4, ""Tm9->T5d"": 4}"
flow/0000/042,<FLYVIS_ROOT_DIR>/results/flow/0000/042/chkpts/chkpt_00000,True,24,"{""Mi1->T4a"": 23, ""Mi1->T4b"": 12, ""Mi1->T4c"": 18, ""Mi1->T4d"": 8, ""Tm1->T5a"": 10, ""Tm1->T5b"": 9, ""Tm1->T5c"": 9, ""Tm1->T5d"": 11, ""Tm2->T5a"": 8, ""Tm2->T5b"": 11, ""Tm2->T5c"": 8, ""Tm2->T5d"": 10, ""Tm3->T4a"": 12, ""Tm3->T4b"": 6, ""Tm3->T4c"": 8, ""Tm3->T4d"": 6, ""Tm4->T5a"": 7, ""Tm4->T5b"": 6, ""Tm4->T5c"": 9, ""Tm4->T5d"": 7, ""Tm9->T5a"": 4, ""Tm9->T5b"": 4, ""Tm9->T5c"": 4, ""Tm9->T5d"": 4}"
flow/0000/043,<FLYVIS_ROOT_DIR>/results/flow/0000/043/chkpts/chkpt_00000,True,24,"{""Mi1->T4a"": 23, ""Mi1->T4b"": 12, ""Mi1->T4c"": 18, ""Mi1->T4d"": 8, ""Tm1->T5a"": 10, ""Tm1->T5b"": 9, ""Tm1->T5c"": 9, ""Tm1->T5d"": 11, ""Tm2->T5a"": 8, ""Tm2->T5b"": 11, ""Tm2->T5c"": 8, ""Tm2->T5d"": 10, ""Tm3->T4a"": 12, ""Tm3->T4b"": 6, ""Tm3->T4c"": 8, ""Tm3->T4d"": 6, ""Tm4->T5a"": 7, ""Tm4->T5b"": 6, ""Tm4->T5c"": 9, ""Tm4->T5d"": 7, ""Tm9->T5a"": 4, ""Tm9->T5b"": 4, ""Tm9->T5c"": 4, ""Tm9->T5d"": 4}"
flow/0000/044,<FLYVIS_ROOT_DIR>/results/flow/0000/044/chkpts/chkpt_00000,True,24,"{""Mi1->T4a"": 23, ""Mi1->T4b"": 12, ""Mi1->T4c"": 18, ""Mi1->T4d"": 8, ""Tm1->T5a"": 10, ""Tm1->T5b"": 9, ""Tm1->T5c"": 9, ""Tm1->T5d"": 11, ""Tm2->T5a"": 8, ""Tm2->T5b"": 11, ""Tm2->T5c"": 8, ""Tm2->T5d"": 10, ""Tm3->T4a"": 12, ""Tm3->T4b"": 6, ""Tm3->T4c"": 8, ""Tm3->T4d"": 6, ""Tm4->T5a"": 7, ""Tm4->T5b"": 6, ""Tm4->T5c"": 9, ""Tm4->T5d"": 7, ""Tm9->T5a"": 4, ""Tm9->T5b"": 4, ""Tm9->T5c"": 4, ""Tm9->T5d"": 4}"
flow/0000/045,<FLYVIS_ROOT_DIR>/results/flow/0000/045/chkpts/chkpt_00000,True,24,"{""Mi1->T4a"": 23, ""Mi1->T4b"": 12, ""Mi1->T4c"": 18, ""Mi1->T4d"": 8, ""Tm1->T5a"": 10, ""Tm1->T5b"": 9, ""Tm1->T5c"": 9, ""Tm1->T5d"": 11, ""Tm2->T5a"": 8, ""Tm2->T5b"": 11, ""Tm2->T5c"": 8, ""Tm2->T5d"": 10, ""Tm3->T4a"": 12, ""Tm3->T4b"": 6, ""Tm3->T4c"": 8, ""Tm3->T4d"": 6, ""Tm4->T5a"": 7, ""Tm4->T5b"": 6, ""Tm4->T5c"": 9, ""Tm4->T5d"": 7, ""Tm9->T5a"": 4, ""Tm9->T5b"": 4, ""Tm9->T5c"": 4, ""Tm9->T5d"": 4}"
flow/0000/046,<FLYVIS_ROOT_DIR>/results/flow/0000/046/chkpts/chkpt_00000,True,24,"{""Mi1->T4a"": 23, ""Mi1->T4b"": 12, ""Mi1->T4c"": 18, ""Mi1->T4d"": 8, ""Tm1->T5a"": 10, ""Tm1->T5b"": 9, ""Tm1->T5c"": 9, ""Tm1->T5d"": 11, ""Tm2->T5a"": 8, ""Tm2->T5b"": 11, ""Tm2->T5c"": 8, ""Tm2->T5d"": 10, ""Tm3->T4a"": 12, ""Tm3->T4b"": 6, ""Tm3->T4c"": 8, ""Tm3->T4d"": 6, ""Tm4->T5a"": 7, ""Tm4->T5b"": 6, ""Tm4->T5c"": 9, ""Tm4->T5d"": 7, ""Tm9->T5a"": 4, ""Tm9->T5b"": 4, ""Tm9->T5c"": 4, ""Tm9->T5d"": 4}"
flow/0000/047,<FLYVIS_ROOT_DIR>/results/flow/0000/047/chkpts/chkpt_00000,True,24,"{""Mi1->T4a"": 23, ""Mi1->T4b"": 12, ""Mi1->T4c"": 18, ""Mi1->T4d"": 8, ""Tm1->T5a"": 10, ""Tm1->T5b"": 9, ""Tm1->T5c"": 9, ""Tm1->T5d"": 11, ""Tm2->T5a"": 8, ""Tm2->T5b"": 11, ""Tm2->T5c"": 8, ""Tm2->T5d"": 10, ""Tm3->T4a"": 12, ""Tm3->T4b"": 6, ""Tm3->T4c"": 8, ""Tm3->T4d"": 6, ""Tm4->T5a"": 7, ""Tm4->T5b"": 6, ""Tm4->T5c"": 9, ""Tm4->T5d"": 7, ""Tm9->T5a"": 4, ""Tm9->T5b"": 4, ""Tm9->T5c"": 4, ""Tm9->T5d"": 4}"
flow/0000/048,<FLYVIS_ROOT_DIR>/results/flow/0000/048/chkpts/chkpt_00000,True,24,"{""Mi1->T4a"": 23, ""Mi1->T4b"": 12, ""Mi1->T4c"": 18, ""Mi1->T4d"": 8, ""Tm1->T5a"": 10, ""Tm1->T5b"": 9, ""Tm1->T5c"": 9, ""Tm1->T5d"": 11, ""Tm2->T5a"": 8, ""Tm2->T5b"": 11, ""Tm2->T5c"": 8, ""Tm2->T5d"": 10, ""Tm3->T4a"": 12, ""Tm3->T4b"": 6, ""Tm3->T4c"": 8, ""Tm3->T4d"": 6, ""Tm4->T5a"": 7, ""Tm4->T5b"": 6, ""Tm4->T5c"": 9, ""Tm4->T5d"": 7, ""Tm9->T5a"": 4, ""Tm9->T5b"": 4, ""Tm9->T5c"": 4, ""Tm9->T5d"": 4}"
flow/0000/049,<FLYVIS_ROOT_DIR>/results/flow/0000/049/chkpts/chkpt_00000,True,24,"{""Mi1->T4a"": 23, ""Mi1->T4b"": 12, ""Mi1->T4c"": 18, ""Mi1->T4d"": 8, ""Tm1->T5a"": 10, ""Tm1->T5b"": 9, ""Tm1->T5c"": 9, ""Tm1->T5d"": 11, ""Tm2->T5a"": 8, ""Tm2->T5b"": 11, ""Tm2->T5c"": 8, ""Tm2->T5d"": 10, ""Tm3->T4a"": 12, ""Tm3->T4b"": 6, ""Tm3->T4c"": 8, ""Tm3->T4d"": 6, ""Tm4->T5a"": 7, ""Tm4->T5b"": 6, ""Tm4->T5c"": 9, ""Tm4->T5d"": 7, ""Tm9->T5a"": 4, ""Tm9->T5b"": 4, ""Tm9->T5c"": 4, ""Tm9->T5d"": 4}"
