integration_key,model_id,phase_index,phase_deg,condition,completed,resumed
000_p00_original,flow/0000/000,0,0.0,original,True,False
000_p00_mirror,flow/0000/000,0,0.0,mirror,True,False
000_p01_original,flow/0000/000,1,1.25,original,True,False
000_p01_mirror,flow/0000/000,1,1.25,mirror,True,False
000_p02_original,flow/0000/000,2,2.5,original,True,False
000_p02_mirror,flow/0000/000,2,2.5,mirror,True,False
000_p03_original,flow/0000/000,3,3.75,original,True,False
000_p03_mirror,flow/0000/000,3,3.75,mirror,True,False
000_p04_original,flow/0000/000,4,5.0,original,True,False
000_p04_mirror,flow/0000/000,4,5.0,mirror,True,False
000_p05_original,flow/0000/000,5,6.25,original,True,False
000_p05_mirror,flow/0000/000,5,6.25,mirror,True,False
000_p06_original,flow/0000/000,6,7.5,original,True,False
000_p06_mirror,flow/0000/000,6,7.5,mirror,True,False
000_p07_original,flow/0000/000,7,8.75,original,True,False
000_p07_mirror,flow/0000/000,7,8.75,mirror,True,False
000_p08_original,flow/0000/000,8,10.0,original,True,False
000_p08_mirror,flow/0000/000,8,10.0,mirror,True,False
000_p09_original,flow/0000/000,9,11.25,original,True,False
000_p09_mirror,flow/0000/000,9,11.25,mirror,True,False
000_p10_original,flow/0000/000,10,12.5,original,True,False
000_p10_mirror,flow/0000/000,10,12.5,mirror,True,False
000_p11_original,flow/0000/000,11,13.75,original,True,False
000_p11_mirror,flow/0000/000,11,13.75,mirror,True,False
001_p00_original,flow/0000/001,0,0.0,original,True,False
001_p00_mirror,flow/0000/001,0,0.0,mirror,True,False
001_p01_original,flow/0000/001,1,1.25,original,True,False
001_p01_mirror,flow/0000/001,1,1.25,mirror,True,False
001_p02_original,flow/0000/001,2,2.5,original,True,False
001_p02_mirror,flow/0000/001,2,2.5,mirror,True,False
001_p03_original,flow/0000/001,3,3.75,original,True,False
001_p03_mirror,flow/0000/001,3,3.75,mirror,True,False
001_p04_original,flow/0000/001,4,5.0,original,True,False
001_p04_mirror,flow/0000/001,4,5.0,mirror,True,False
001_p05_original,flow/0000/001,5,6.25,original,True,False
001_p05_mirror,flow/0000/001,5,6.25,mirror,True,False
001_p06_original,flow/0000/001,6,7.5,original,True,False
001_p06_mirror,flow/0000/001,6,7.5,mirror,True,False
001_p07_original,flow/0000/001,7,8.75,original,True,False
001_p07_mirror,flow/0000/001,7,8.75,mirror,True,False
001_p08_original,flow/0000/001,8,10.0,original,True,False
001_p08_mirror,flow/0000/001,8,10.0,mirror,True,False
001_p09_original,flow/0000/001,9,11.25,original,True,False
001_p09_mirror,flow/0000/001,9,11.25,mirror,True,False
001_p10_original,flow/0000/001,10,12.5,original,True,False
001_p10_mirror,flow/0000/001,10,12.5,mirror,True,False
001_p11_original,flow/0000/001,11,13.75,original,True,False
001_p11_mirror,flow/0000/001,11,13.75,mirror,True,False
002_p00_original,flow/0000/002,0,0.0,original,True,False
002_p00_mirror,flow/0000/002,0,0.0,mirror,True,False
002_p01_original,flow/0000/002,1,1.25,original,True,False
002_p01_mirror,flow/0000/002,1,1.25,mirror,True,False
002_p02_original,flow/0000/002,2,2.5,original,True,False
002_p02_mirror,flow/0000/002,2,2.5,mirror,True,False
002_p03_original,flow/0000/002,3,3.75,original,True,False
002_p03_mirror,flow/0000/002,3,3.75,mirror,True,False
002_p04_original,flow/0000/002,4,5.0,original,True,False
002_p04_mirror,flow/0000/002,4,5.0,mirror,True,False
002_p05_original,flow/0000/002,5,6.25,original,True,False
002_p05_mirror,flow/0000/002,5,6.25,mirror,True,False
002_p06_original,flow/0000/002,6,7.5,original,True,False
002_p06_mirror,flow/0000/002,6,7.5,mirror,True,False
002_p07_original,flow/0000/002,7,8.75,original,True,False
002_p07_mirror,flow/0000/002,7,8.75,mirror,True,False
002_p08_original,flow/0000/002,8,10.0,original,True,False
002_p08_mirror,flow/0000/002,8,10.0,mirror,True,False
002_p09_original,flow/0000/002,9,11.25,original,True,False
002_p09_mirror,flow/0000/002,9,11.25,mirror,True,False
002_p10_original,flow/0000/002,10,12.5,original,True,False
002_p10_mirror,flow/0000/002,10,12.5,mirror,True,False
002_p11_original,flow/0000/002,11,13.75,original,True,False
002_p11_mirror,flow/0000/002,11,13.75,mirror,True,False
003_p00_original,flow/0000/003,0,0.0,original,True,False
003_p00_mirror,flow/0000/003,0,0.0,mirror,True,False
003_p01_original,flow/0000/003,1,1.25,original,True,False
003_p01_mirror,flow/0000/003,1,1.25,mirror,True,False
003_p02_original,flow/0000/003,2,2.5,original,True,False
003_p02_mirror,flow/0000/003,2,2.5,mirror,True,False
003_p03_original,flow/0000/003,3,3.75,original,True,False
003_p03_mirror,flow/0000/003,3,3.75,mirror,True,False
003_p04_original,flow/0000/003,4,5.0,original,True,False
003_p04_mirror,flow/0000/003,4,5.0,mirror,True,False
003_p05_original,flow/0000/003,5,6.25,original,True,False
003_p05_mirror,flow/0000/003,5,6.25,mirror,True,False
003_p06_original,flow/0000/003,6,7.5,original,True,False
003_p06_mirror,flow/0000/003,6,7.5,mirror,True,False
003_p07_original,flow/0000/003,7,8.75,original,True,False
003_p07_mirror,flow/0000/003,7,8.75,mirror,True,False
003_p08_original,flow/0000/003,8,10.0,original,True,False
003_p08_mirror,flow/0000/003,8,10.0,mirror,True,False
003_p09_original,flow/0000/003,9,11.25,original,True,False
003_p09_mirror,flow/0000/003,9,11.25,mirror,True,False
003_p10_original,flow/0000/003,10,12.5,original,True,False
003_p10_mirror,flow/0000/003,10,12.5,mirror,True,False
003_p11_original,flow/0000/003,11,13.75,original,True,False
003_p11_mirror,flow/0000/003,11,13.75,mirror,True,False
004_p00_original,flow/0000/004,0,0.0,original,True,False
004_p00_mirror,flow/0000/004,0,0.0,mirror,True,False
004_p01_original,flow/0000/004,1,1.25,original,True,False
004_p01_mirror,flow/0000/004,1,1.25,mirror,True,False
004_p02_original,flow/0000/004,2,2.5,original,True,False
004_p02_mirror,flow/0000/004,2,2.5,mirror,True,False
004_p03_original,flow/0000/004,3,3.75,original,True,False
004_p03_mirror,flow/0000/004,3,3.75,mirror,True,False
004_p04_original,flow/0000/004,4,5.0,original,True,False
004_p04_mirror,flow/0000/004,4,5.0,mirror,True,False
004_p05_original,flow/0000/004,5,6.25,original,True,False
004_p05_mirror,flow/0000/004,5,6.25,mirror,True,False
004_p06_original,flow/0000/004,6,7.5,original,True,False
004_p06_mirror,flow/0000/004,6,7.5,mirror,True,False
004_p07_original,flow/0000/004,7,8.75,original,True,False
004_p07_mirror,flow/0000/004,7,8.75,mirror,True,False
004_p08_original,flow/0000/004,8,10.0,original,True,False
004_p08_mirror,flow/0000/004,8,10.0,mirror,True,False
004_p09_original,flow/0000/004,9,11.25,original,True,False
004_p09_mirror,flow/0000/004,9,11.25,mirror,True,False
004_p10_original,flow/0000/004,10,12.5,original,True,False
004_p10_mirror,flow/0000/004,10,12.5,mirror,True,False
004_p11_original,flow/0000/004,11,13.75,original,True,False
004_p11_mirror,flow/0000/004,11,13.75,mirror,True,False
005_p00_original,flow/0000/005,0,0.0,original,True,False
005_p00_mirror,flow/0000/005,0,0.0,mirror,True,False
005_p01_original,flow/0000/005,1,1.25,original,True,False
005_p01_mirror,flow/0000/005,1,1.25,mirror,True,False
005_p02_original,flow/0000/005,2,2.5,original,True,False
005_p02_mirror,flow/0000/005,2,2.5,mirror,True,False
005_p03_original,flow/0000/005,3,3.75,original,True,False
005_p03_mirror,flow/0000/005,3,3.75,mirror,True,False
005_p04_original,flow/0000/005,4,5.0,original,True,False
005_p04_mirror,flow/0000/005,4,5.0,mirror,True,False
005_p05_original,flow/0000/005,5,6.25,original,True,False
005_p05_mirror,flow/0000/005,5,6.25,mirror,True,False
005_p06_original,flow/0000/005,6,7.5,original,True,False
005_p06_mirror,flow/0000/005,6,7.5,mirror,True,False
005_p07_original,flow/0000/005,7,8.75,original,True,False
005_p07_mirror,flow/0000/005,7,8.75,mirror,True,False
005_p08_original,flow/0000/005,8,10.0,original,True,False
005_p08_mirror,flow/0000/005,8,10.0,mirror,True,False
005_p09_original,flow/0000/005,9,11.25,original,True,False
005_p09_mirror,flow/0000/005,9,11.25,mirror,True,False
005_p10_original,flow/0000/005,10,12.5,original,True,False
005_p10_mirror,flow/0000/005,10,12.5,mirror,True,False
005_p11_original,flow/0000/005,11,13.75,original,True,False
005_p11_mirror,flow/0000/005,11,13.75,mirror,True,False
006_p00_original,flow/0000/006,0,0.0,original,True,False
006_p00_mirror,flow/0000/006,0,0.0,mirror,True,False
006_p01_original,flow/0000/006,1,1.25,original,True,False
006_p01_mirror,flow/0000/006,1,1.25,mirror,True,False
006_p02_original,flow/0000/006,2,2.5,original,True,False
006_p02_mirror,flow/0000/006,2,2.5,mirror,True,False
006_p03_original,flow/0000/006,3,3.75,original,True,False
006_p03_mirror,flow/0000/006,3,3.75,mirror,True,False
006_p04_original,flow/0000/006,4,5.0,original,True,False
006_p04_mirror,flow/0000/006,4,5.0,mirror,True,False
006_p05_original,flow/0000/006,5,6.25,original,True,False
006_p05_mirror,flow/0000/006,5,6.25,mirror,True,False
006_p06_original,flow/0000/006,6,7.5,original,True,False
006_p06_mirror,flow/0000/006,6,7.5,mirror,True,False
006_p07_original,flow/0000/006,7,8.75,original,True,False
006_p07_mirror,flow/0000/006,7,8.75,mirror,True,False
006_p08_original,flow/0000/006,8,10.0,original,True,False
006_p08_mirror,flow/0000/006,8,10.0,mirror,True,False
006_p09_original,flow/0000/006,9,11.25,original,True,False
006_p09_mirror,flow/0000/006,9,11.25,mirror,True,False
006_p10_original,flow/0000/006,10,12.5,original,True,False
006_p10_mirror,flow/0000/006,10,12.5,mirror,True,False
006_p11_original,flow/0000/006,11,13.75,original,True,False
006_p11_mirror,flow/0000/006,11,13.75,mirror,True,False
007_p00_original,flow/0000/007,0,0.0,original,True,False
007_p00_mirror,flow/0000/007,0,0.0,mirror,True,False
007_p01_original,flow/0000/007,1,1.25,original,True,False
007_p01_mirror,flow/0000/007,1,1.25,mirror,True,False
007_p02_original,flow/0000/007,2,2.5,original,True,False
007_p02_mirror,flow/0000/007,2,2.5,mirror,True,False
007_p03_original,flow/0000/007,3,3.75,original,True,False
007_p03_mirror,flow/0000/007,3,3.75,mirror,True,False
007_p04_original,flow/0000/007,4,5.0,original,True,False
007_p04_mirror,flow/0000/007,4,5.0,mirror,True,False
007_p05_original,flow/0000/007,5,6.25,original,True,False
007_p05_mirror,flow/0000/007,5,6.25,mirror,True,False
007_p06_original,flow/0000/007,6,7.5,original,True,False
007_p06_mirror,flow/0000/007,6,7.5,mirror,True,False
007_p07_original,flow/0000/007,7,8.75,original,True,False
007_p07_mirror,flow/0000/007,7,8.75,mirror,True,False
007_p08_original,flow/0000/007,8,10.0,original,True,False
007_p08_mirror,flow/0000/007,8,10.0,mirror,True,False
007_p09_original,flow/0000/007,9,11.25,original,True,False
007_p09_mirror,flow/0000/007,9,11.25,mirror,True,False
007_p10_original,flow/0000/007,10,12.5,original,True,False
007_p10_mirror,flow/0000/007,10,12.5,mirror,True,False
007_p11_original,flow/0000/007,11,13.75,original,True,False
007_p11_mirror,flow/0000/007,11,13.75,mirror,True,False
008_p00_original,flow/0000/008,0,0.0,original,True,False
008_p00_mirror,flow/0000/008,0,0.0,mirror,True,False
008_p01_original,flow/0000/008,1,1.25,original,True,False
008_p01_mirror,flow/0000/008,1,1.25,mirror,True,False
008_p02_original,flow/0000/008,2,2.5,original,True,False
008_p02_mirror,flow/0000/008,2,2.5,mirror,True,False
008_p03_original,flow/0000/008,3,3.75,original,True,False
008_p03_mirror,flow/0000/008,3,3.75,mirror,True,False
008_p04_original,flow/0000/008,4,5.0,original,True,False
008_p04_mirror,flow/0000/008,4,5.0,mirror,True,False
008_p05_original,flow/0000/008,5,6.25,original,True,False
008_p05_mirror,flow/0000/008,5,6.25,mirror,True,False
008_p06_original,flow/0000/008,6,7.5,original,True,False
008_p06_mirror,flow/0000/008,6,7.5,mirror,True,False
008_p07_original,flow/0000/008,7,8.75,original,True,False
008_p07_mirror,flow/0000/008,7,8.75,mirror,True,False
008_p08_original,flow/0000/008,8,10.0,original,True,False
008_p08_mirror,flow/0000/008,8,10.0,mirror,True,False
008_p09_original,flow/0000/008,9,11.25,original,True,False
008_p09_mirror,flow/0000/008,9,11.25,mirror,True,False
008_p10_original,flow/0000/008,10,12.5,original,True,False
008_p10_mirror,flow/0000/008,10,12.5,mirror,True,False
008_p11_original,flow/0000/008,11,13.75,original,True,False
008_p11_mirror,flow/0000/008,11,13.75,mirror,True,False
009_p00_original,flow/0000/009,0,0.0,original,True,False
009_p00_mirror,flow/0000/009,0,0.0,mirror,True,False
009_p01_original,flow/0000/009,1,1.25,original,True,False
009_p01_mirror,flow/0000/009,1,1.25,mirror,True,False
009_p02_original,flow/0000/009,2,2.5,original,True,False
009_p02_mirror,flow/0000/009,2,2.5,mirror,True,False
009_p03_original,flow/0000/009,3,3.75,original,True,False
009_p03_mirror,flow/0000/009,3,3.75,mirror,True,False
009_p04_original,flow/0000/009,4,5.0,original,True,False
009_p04_mirror,flow/0000/009,4,5.0,mirror,True,False
009_p05_original,flow/0000/009,5,6.25,original,True,False
009_p05_mirror,flow/0000/009,5,6.25,mirror,True,False
009_p06_original,flow/0000/009,6,7.5,original,True,False
009_p06_mirror,flow/0000/009,6,7.5,mirror,True,False
009_p07_original,flow/0000/009,7,8.75,original,True,False
009_p07_mirror,flow/0000/009,7,8.75,mirror,True,False
009_p08_original,flow/0000/009,8,10.0,original,True,False
009_p08_mirror,flow/0000/009,8,10.0,mirror,True,False
009_p09_original,flow/0000/009,9,11.25,original,True,False
009_p09_mirror,flow/0000/009,9,11.25,mirror,True,False
009_p10_original,flow/0000/009,10,12.5,original,True,False
009_p10_mirror,flow/0000/009,10,12.5,mirror,True,False
009_p11_original,flow/0000/009,11,13.75,original,True,False
009_p11_mirror,flow/0000/009,11,13.75,mirror,True,False
010_p00_original,flow/0000/010,0,0.0,original,True,False
010_p00_mirror,flow/0000/010,0,0.0,mirror,True,False
010_p01_original,flow/0000/010,1,1.25,original,True,False
010_p01_mirror,flow/0000/010,1,1.25,mirror,True,False
010_p02_original,flow/0000/010,2,2.5,original,True,False
010_p02_mirror,flow/0000/010,2,2.5,mirror,True,False
010_p03_original,flow/0000/010,3,3.75,original,True,False
010_p03_mirror,flow/0000/010,3,3.75,mirror,True,False
010_p04_original,flow/0000/010,4,5.0,original,True,False
010_p04_mirror,flow/0000/010,4,5.0,mirror,True,False
010_p05_original,flow/0000/010,5,6.25,original,True,False
010_p05_mirror,flow/0000/010,5,6.25,mirror,True,False
010_p06_original,flow/0000/010,6,7.5,original,True,False
010_p06_mirror,flow/0000/010,6,7.5,mirror,True,False
010_p07_original,flow/0000/010,7,8.75,original,True,False
010_p07_mirror,flow/0000/010,7,8.75,mirror,True,False
010_p08_original,flow/0000/010,8,10.0,original,True,False
010_p08_mirror,flow/0000/010,8,10.0,mirror,True,False
010_p09_original,flow/0000/010,9,11.25,original,True,False
010_p09_mirror,flow/0000/010,9,11.25,mirror,True,False
010_p10_original,flow/0000/010,10,12.5,original,True,False
010_p10_mirror,flow/0000/010,10,12.5,mirror,True,False
010_p11_original,flow/0000/010,11,13.75,original,True,False
010_p11_mirror,flow/0000/010,11,13.75,mirror,True,False
011_p00_original,flow/0000/011,0,0.0,original,True,False
011_p00_mirror,flow/0000/011,0,0.0,mirror,True,False
011_p01_original,flow/0000/011,1,1.25,original,True,False
011_p01_mirror,flow/0000/011,1,1.25,mirror,True,False
011_p02_original,flow/0000/011,2,2.5,original,True,False
011_p02_mirror,flow/0000/011,2,2.5,mirror,True,False
011_p03_original,flow/0000/011,3,3.75,original,True,False
011_p03_mirror,flow/0000/011,3,3.75,mirror,True,False
011_p04_original,flow/0000/011,4,5.0,original,True,False
011_p04_mirror,flow/0000/011,4,5.0,mirror,True,False
011_p05_original,flow/0000/011,5,6.25,original,True,False
011_p05_mirror,flow/0000/011,5,6.25,mirror,True,False
011_p06_original,flow/0000/011,6,7.5,original,True,False
011_p06_mirror,flow/0000/011,6,7.5,mirror,True,False
011_p07_original,flow/0000/011,7,8.75,original,True,False
011_p07_mirror,flow/0000/011,7,8.75,mirror,True,False
011_p08_original,flow/0000/011,8,10.0,original,True,False
011_p08_mirror,flow/0000/011,8,10.0,mirror,True,False
011_p09_original,flow/0000/011,9,11.25,original,True,False
011_p09_mirror,flow/0000/011,9,11.25,mirror,True,False
011_p10_original,flow/0000/011,10,12.5,original,True,False
011_p10_mirror,flow/0000/011,10,12.5,mirror,True,False
011_p11_original,flow/0000/011,11,13.75,original,True,False
011_p11_mirror,flow/0000/011,11,13.75,mirror,True,False
012_p00_original,flow/0000/012,0,0.0,original,True,False
012_p00_mirror,flow/0000/012,0,0.0,mirror,True,False
012_p01_original,flow/0000/012,1,1.25,original,True,False
012_p01_mirror,flow/0000/012,1,1.25,mirror,True,False
012_p02_original,flow/0000/012,2,2.5,original,True,False
012_p02_mirror,flow/0000/012,2,2.5,mirror,True,False
012_p03_original,flow/0000/012,3,3.75,original,True,False
012_p03_mirror,flow/0000/012,3,3.75,mirror,True,False
012_p04_original,flow/0000/012,4,5.0,original,True,False
012_p04_mirror,flow/0000/012,4,5.0,mirror,True,False
012_p05_original,flow/0000/012,5,6.25,original,True,False
012_p05_mirror,flow/0000/012,5,6.25,mirror,True,False
012_p06_original,flow/0000/012,6,7.5,original,True,False
012_p06_mirror,flow/0000/012,6,7.5,mirror,True,False
012_p07_original,flow/0000/012,7,8.75,original,True,False
012_p07_mirror,flow/0000/012,7,8.75,mirror,True,False
012_p08_original,flow/0000/012,8,10.0,original,True,False
012_p08_mirror,flow/0000/012,8,10.0,mirror,True,False
012_p09_original,flow/0000/012,9,11.25,original,True,False
012_p09_mirror,flow/0000/012,9,11.25,mirror,True,False
012_p10_original,flow/0000/012,10,12.5,original,True,False
012_p10_mirror,flow/0000/012,10,12.5,mirror,True,False
012_p11_original,flow/0000/012,11,13.75,original,True,False
012_p11_mirror,flow/0000/012,11,13.75,mirror,True,False
013_p00_original,flow/0000/013,0,0.0,original,True,False
013_p00_mirror,flow/0000/013,0,0.0,mirror,True,False
013_p01_original,flow/0000/013,1,1.25,original,True,False
013_p01_mirror,flow/0000/013,1,1.25,mirror,True,False
013_p02_original,flow/0000/013,2,2.5,original,True,False
013_p02_mirror,flow/0000/013,2,2.5,mirror,True,False
013_p03_original,flow/0000/013,3,3.75,original,True,False
013_p03_mirror,flow/0000/013,3,3.75,mirror,True,False
013_p04_original,flow/0000/013,4,5.0,original,True,False
013_p04_mirror,flow/0000/013,4,5.0,mirror,True,False
013_p05_original,flow/0000/013,5,6.25,original,True,False
013_p05_mirror,flow/0000/013,5,6.25,mirror,True,False
013_p06_original,flow/0000/013,6,7.5,original,True,False
013_p06_mirror,flow/0000/013,6,7.5,mirror,True,False
013_p07_original,flow/0000/013,7,8.75,original,True,False
013_p07_mirror,flow/0000/013,7,8.75,mirror,True,False
013_p08_original,flow/0000/013,8,10.0,original,True,False
013_p08_mirror,flow/0000/013,8,10.0,mirror,True,False
013_p09_original,flow/0000/013,9,11.25,original,True,False
013_p09_mirror,flow/0000/013,9,11.25,mirror,True,False
013_p10_original,flow/0000/013,10,12.5,original,True,False
013_p10_mirror,flow/0000/013,10,12.5,mirror,True,False
013_p11_original,flow/0000/013,11,13.75,original,True,False
013_p11_mirror,flow/0000/013,11,13.75,mirror,True,False
014_p00_original,flow/0000/014,0,0.0,original,True,False
014_p00_mirror,flow/0000/014,0,0.0,mirror,True,False
014_p01_original,flow/0000/014,1,1.25,original,True,False
014_p01_mirror,flow/0000/014,1,1.25,mirror,True,False
014_p02_original,flow/0000/014,2,2.5,original,True,False
014_p02_mirror,flow/0000/014,2,2.5,mirror,True,False
014_p03_original,flow/0000/014,3,3.75,original,True,False
014_p03_mirror,flow/0000/014,3,3.75,mirror,True,False
014_p04_original,flow/0000/014,4,5.0,original,True,False
014_p04_mirror,flow/0000/014,4,5.0,mirror,True,False
014_p05_original,flow/0000/014,5,6.25,original,True,False
014_p05_mirror,flow/0000/014,5,6.25,mirror,True,False
014_p06_original,flow/0000/014,6,7.5,original,True,False
014_p06_mirror,flow/0000/014,6,7.5,mirror,True,False
014_p07_original,flow/0000/014,7,8.75,original,True,False
014_p07_mirror,flow/0000/014,7,8.75,mirror,True,False
014_p08_original,flow/0000/014,8,10.0,original,True,False
014_p08_mirror,flow/0000/014,8,10.0,mirror,True,False
014_p09_original,flow/0000/014,9,11.25,original,True,False
014_p09_mirror,flow/0000/014,9,11.25,mirror,True,False
014_p10_original,flow/0000/014,10,12.5,original,True,False
014_p10_mirror,flow/0000/014,10,12.5,mirror,True,False
014_p11_original,flow/0000/014,11,13.75,original,True,False
014_p11_mirror,flow/0000/014,11,13.75,mirror,True,False
015_p00_original,flow/0000/015,0,0.0,original,True,False
015_p00_mirror,flow/0000/015,0,0.0,mirror,True,False
015_p01_original,flow/0000/015,1,1.25,original,True,False
015_p01_mirror,flow/0000/015,1,1.25,mirror,True,False
015_p02_original,flow/0000/015,2,2.5,original,True,False
015_p02_mirror,flow/0000/015,2,2.5,mirror,True,False
015_p03_original,flow/0000/015,3,3.75,original,True,False
015_p03_mirror,flow/0000/015,3,3.75,mirror,True,False
015_p04_original,flow/0000/015,4,5.0,original,True,False
015_p04_mirror,flow/0000/015,4,5.0,mirror,True,False
015_p05_original,flow/0000/015,5,6.25,original,True,False
015_p05_mirror,flow/0000/015,5,6.25,mirror,True,False
015_p06_original,flow/0000/015,6,7.5,original,True,False
015_p06_mirror,flow/0000/015,6,7.5,mirror,True,False
015_p07_original,flow/0000/015,7,8.75,original,True,False
015_p07_mirror,flow/0000/015,7,8.75,mirror,True,False
015_p08_original,flow/0000/015,8,10.0,original,True,False
015_p08_mirror,flow/0000/015,8,10.0,mirror,True,False
015_p09_original,flow/0000/015,9,11.25,original,True,False
015_p09_mirror,flow/0000/015,9,11.25,mirror,True,False
015_p10_original,flow/0000/015,10,12.5,original,True,False
015_p10_mirror,flow/0000/015,10,12.5,mirror,True,False
015_p11_original,flow/0000/015,11,13.75,original,True,False
015_p11_mirror,flow/0000/015,11,13.75,mirror,True,False
016_p00_original,flow/0000/016,0,0.0,original,True,False
016_p00_mirror,flow/0000/016,0,0.0,mirror,True,False
016_p01_original,flow/0000/016,1,1.25,original,True,False
016_p01_mirror,flow/0000/016,1,1.25,mirror,True,False
016_p02_original,flow/0000/016,2,2.5,original,True,False
016_p02_mirror,flow/0000/016,2,2.5,mirror,True,False
016_p03_original,flow/0000/016,3,3.75,original,True,False
016_p03_mirror,flow/0000/016,3,3.75,mirror,True,False
016_p04_original,flow/0000/016,4,5.0,original,True,False
016_p04_mirror,flow/0000/016,4,5.0,mirror,True,False
016_p05_original,flow/0000/016,5,6.25,original,True,False
016_p05_mirror,flow/0000/016,5,6.25,mirror,True,False
016_p06_original,flow/0000/016,6,7.5,original,True,False
016_p06_mirror,flow/0000/016,6,7.5,mirror,True,False
016_p07_original,flow/0000/016,7,8.75,original,True,False
016_p07_mirror,flow/0000/016,7,8.75,mirror,True,False
016_p08_original,flow/0000/016,8,10.0,original,True,False
016_p08_mirror,flow/0000/016,8,10.0,mirror,True,False
016_p09_original,flow/0000/016,9,11.25,original,True,False
016_p09_mirror,flow/0000/016,9,11.25,mirror,True,False
016_p10_original,flow/0000/016,10,12.5,original,True,False
016_p10_mirror,flow/0000/016,10,12.5,mirror,True,False
016_p11_original,flow/0000/016,11,13.75,original,True,False
016_p11_mirror,flow/0000/016,11,13.75,mirror,True,False
017_p00_original,flow/0000/017,0,0.0,original,True,False
017_p00_mirror,flow/0000/017,0,0.0,mirror,True,False
017_p01_original,flow/0000/017,1,1.25,original,True,False
017_p01_mirror,flow/0000/017,1,1.25,mirror,True,False
017_p02_original,flow/0000/017,2,2.5,original,True,False
017_p02_mirror,flow/0000/017,2,2.5,mirror,True,False
017_p03_original,flow/0000/017,3,3.75,original,True,False
017_p03_mirror,flow/0000/017,3,3.75,mirror,True,False
017_p04_original,flow/0000/017,4,5.0,original,True,False
017_p04_mirror,flow/0000/017,4,5.0,mirror,True,False
017_p05_original,flow/0000/017,5,6.25,original,True,False
017_p05_mirror,flow/0000/017,5,6.25,mirror,True,False
017_p06_original,flow/0000/017,6,7.5,original,True,False
017_p06_mirror,flow/0000/017,6,7.5,mirror,True,False
017_p07_original,flow/0000/017,7,8.75,original,True,False
017_p07_mirror,flow/0000/017,7,8.75,mirror,True,False
017_p08_original,flow/0000/017,8,10.0,original,True,False
017_p08_mirror,flow/0000/017,8,10.0,mirror,True,False
017_p09_original,flow/0000/017,9,11.25,original,True,False
017_p09_mirror,flow/0000/017,9,11.25,mirror,True,False
017_p10_original,flow/0000/017,10,12.5,original,True,False
017_p10_mirror,flow/0000/017,10,12.5,mirror,True,False
017_p11_original,flow/0000/017,11,13.75,original,True,False
017_p11_mirror,flow/0000/017,11,13.75,mirror,True,False
018_p00_original,flow/0000/018,0,0.0,original,True,False
018_p00_mirror,flow/0000/018,0,0.0,mirror,True,False
018_p01_original,flow/0000/018,1,1.25,original,True,False
018_p01_mirror,flow/0000/018,1,1.25,mirror,True,False
018_p02_original,flow/0000/018,2,2.5,original,True,False
018_p02_mirror,flow/0000/018,2,2.5,mirror,True,False
018_p03_original,flow/0000/018,3,3.75,original,True,False
018_p03_mirror,flow/0000/018,3,3.75,mirror,True,False
018_p04_original,flow/0000/018,4,5.0,original,True,False
018_p04_mirror,flow/0000/018,4,5.0,mirror,True,False
018_p05_original,flow/0000/018,5,6.25,original,True,False
018_p05_mirror,flow/0000/018,5,6.25,mirror,True,False
018_p06_original,flow/0000/018,6,7.5,original,True,False
018_p06_mirror,flow/0000/018,6,7.5,mirror,True,False
018_p07_original,flow/0000/018,7,8.75,original,True,False
018_p07_mirror,flow/0000/018,7,8.75,mirror,True,False
018_p08_original,flow/0000/018,8,10.0,original,True,False
018_p08_mirror,flow/0000/018,8,10.0,mirror,True,False
018_p09_original,flow/0000/018,9,11.25,original,True,False
018_p09_mirror,flow/0000/018,9,11.25,mirror,True,False
018_p10_original,flow/0000/018,10,12.5,original,True,False
018_p10_mirror,flow/0000/018,10,12.5,mirror,True,False
018_p11_original,flow/0000/018,11,13.75,original,True,False
018_p11_mirror,flow/0000/018,11,13.75,mirror,True,False
019_p00_original,flow/0000/019,0,0.0,original,True,False
019_p00_mirror,flow/0000/019,0,0.0,mirror,True,False
019_p01_original,flow/0000/019,1,1.25,original,True,False
019_p01_mirror,flow/0000/019,1,1.25,mirror,True,False
019_p02_original,flow/0000/019,2,2.5,original,True,False
019_p02_mirror,flow/0000/019,2,2.5,mirror,True,False
019_p03_original,flow/0000/019,3,3.75,original,True,False
019_p03_mirror,flow/0000/019,3,3.75,mirror,True,False
019_p04_original,flow/0000/019,4,5.0,original,True,False
019_p04_mirror,flow/0000/019,4,5.0,mirror,True,False
019_p05_original,flow/0000/019,5,6.25,original,True,False
019_p05_mirror,flow/0000/019,5,6.25,mirror,True,False
019_p06_original,flow/0000/019,6,7.5,original,True,False
019_p06_mirror,flow/0000/019,6,7.5,mirror,True,False
019_p07_original,flow/0000/019,7,8.75,original,True,False
019_p07_mirror,flow/0000/019,7,8.75,mirror,True,False
019_p08_original,flow/0000/019,8,10.0,original,True,False
019_p08_mirror,flow/0000/019,8,10.0,mirror,True,False
019_p09_original,flow/0000/019,9,11.25,original,True,False
019_p09_mirror,flow/0000/019,9,11.25,mirror,True,False
019_p10_original,flow/0000/019,10,12.5,original,True,False
019_p10_mirror,flow/0000/019,10,12.5,mirror,True,False
019_p11_original,flow/0000/019,11,13.75,original,True,False
019_p11_mirror,flow/0000/019,11,13.75,mirror,True,False
020_p00_original,flow/0000/020,0,0.0,original,True,False
020_p00_mirror,flow/0000/020,0,0.0,mirror,True,False
020_p01_original,flow/0000/020,1,1.25,original,True,False
020_p01_mirror,flow/0000/020,1,1.25,mirror,True,False
020_p02_original,flow/0000/020,2,2.5,original,True,False
020_p02_mirror,flow/0000/020,2,2.5,mirror,True,False
020_p03_original,flow/0000/020,3,3.75,original,True,False
020_p03_mirror,flow/0000/020,3,3.75,mirror,True,False
020_p04_original,flow/0000/020,4,5.0,original,True,False
020_p04_mirror,flow/0000/020,4,5.0,mirror,True,False
020_p05_original,flow/0000/020,5,6.25,original,True,False
020_p05_mirror,flow/0000/020,5,6.25,mirror,True,False
020_p06_original,flow/0000/020,6,7.5,original,True,False
020_p06_mirror,flow/0000/020,6,7.5,mirror,True,False
020_p07_original,flow/0000/020,7,8.75,original,True,False
020_p07_mirror,flow/0000/020,7,8.75,mirror,True,False
020_p08_original,flow/0000/020,8,10.0,original,True,False
020_p08_mirror,flow/0000/020,8,10.0,mirror,True,False
020_p09_original,flow/0000/020,9,11.25,original,True,False
020_p09_mirror,flow/0000/020,9,11.25,mirror,True,False
020_p10_original,flow/0000/020,10,12.5,original,True,False
020_p10_mirror,flow/0000/020,10,12.5,mirror,True,False
020_p11_original,flow/0000/020,11,13.75,original,True,False
020_p11_mirror,flow/0000/020,11,13.75,mirror,True,False
021_p00_original,flow/0000/021,0,0.0,original,True,False
021_p00_mirror,flow/0000/021,0,0.0,mirror,True,False
021_p01_original,flow/0000/021,1,1.25,original,True,False
021_p01_mirror,flow/0000/021,1,1.25,mirror,True,False
021_p02_original,flow/0000/021,2,2.5,original,True,False
021_p02_mirror,flow/0000/021,2,2.5,mirror,True,False
021_p03_original,flow/0000/021,3,3.75,original,True,False
021_p03_mirror,flow/0000/021,3,3.75,mirror,True,False
021_p04_original,flow/0000/021,4,5.0,original,True,False
021_p04_mirror,flow/0000/021,4,5.0,mirror,True,False
021_p05_original,flow/0000/021,5,6.25,original,True,False
021_p05_mirror,flow/0000/021,5,6.25,mirror,True,False
021_p06_original,flow/0000/021,6,7.5,original,True,False
021_p06_mirror,flow/0000/021,6,7.5,mirror,True,False
021_p07_original,flow/0000/021,7,8.75,original,True,False
021_p07_mirror,flow/0000/021,7,8.75,mirror,True,False
021_p08_original,flow/0000/021,8,10.0,original,True,False
021_p08_mirror,flow/0000/021,8,10.0,mirror,True,False
021_p09_original,flow/0000/021,9,11.25,original,True,False
021_p09_mirror,flow/0000/021,9,11.25,mirror,True,False
021_p10_original,flow/0000/021,10,12.5,original,True,False
021_p10_mirror,flow/0000/021,10,12.5,mirror,True,False
021_p11_original,flow/0000/021,11,13.75,original,True,False
021_p11_mirror,flow/0000/021,11,13.75,mirror,True,False
022_p00_original,flow/0000/022,0,0.0,original,True,False
022_p00_mirror,flow/0000/022,0,0.0,mirror,True,False
022_p01_original,flow/0000/022,1,1.25,original,True,False
022_p01_mirror,flow/0000/022,1,1.25,mirror,True,False
022_p02_original,flow/0000/022,2,2.5,original,True,False
022_p02_mirror,flow/0000/022,2,2.5,mirror,True,False
022_p03_original,flow/0000/022,3,3.75,original,True,False
022_p03_mirror,flow/0000/022,3,3.75,mirror,True,False
022_p04_original,flow/0000/022,4,5.0,original,True,False
022_p04_mirror,flow/0000/022,4,5.0,mirror,True,False
022_p05_original,flow/0000/022,5,6.25,original,True,False
022_p05_mirror,flow/0000/022,5,6.25,mirror,True,False
022_p06_original,flow/0000/022,6,7.5,original,True,False
022_p06_mirror,flow/0000/022,6,7.5,mirror,True,False
022_p07_original,flow/0000/022,7,8.75,original,True,False
022_p07_mirror,flow/0000/022,7,8.75,mirror,True,False
022_p08_original,flow/0000/022,8,10.0,original,True,False
022_p08_mirror,flow/0000/022,8,10.0,mirror,True,False
022_p09_original,flow/0000/022,9,11.25,original,True,False
022_p09_mirror,flow/0000/022,9,11.25,mirror,True,False
022_p10_original,flow/0000/022,10,12.5,original,True,False
022_p10_mirror,flow/0000/022,10,12.5,mirror,True,False
022_p11_original,flow/0000/022,11,13.75,original,True,False
022_p11_mirror,flow/0000/022,11,13.75,mirror,True,False
023_p00_original,flow/0000/023,0,0.0,original,True,False
023_p00_mirror,flow/0000/023,0,0.0,mirror,True,False
023_p01_original,flow/0000/023,1,1.25,original,True,False
023_p01_mirror,flow/0000/023,1,1.25,mirror,True,False
023_p02_original,flow/0000/023,2,2.5,original,True,False
023_p02_mirror,flow/0000/023,2,2.5,mirror,True,False
023_p03_original,flow/0000/023,3,3.75,original,True,False
023_p03_mirror,flow/0000/023,3,3.75,mirror,True,False
023_p04_original,flow/0000/023,4,5.0,original,True,False
023_p04_mirror,flow/0000/023,4,5.0,mirror,True,False
023_p05_original,flow/0000/023,5,6.25,original,True,False
023_p05_mirror,flow/0000/023,5,6.25,mirror,True,False
023_p06_original,flow/0000/023,6,7.5,original,True,False
023_p06_mirror,flow/0000/023,6,7.5,mirror,True,False
023_p07_original,flow/0000/023,7,8.75,original,True,False
023_p07_mirror,flow/0000/023,7,8.75,mirror,True,False
023_p08_original,flow/0000/023,8,10.0,original,True,False
023_p08_mirror,flow/0000/023,8,10.0,mirror,True,False
023_p09_original,flow/0000/023,9,11.25,original,True,False
023_p09_mirror,flow/0000/023,9,11.25,mirror,True,False
023_p10_original,flow/0000/023,10,12.5,original,True,False
023_p10_mirror,flow/0000/023,10,12.5,mirror,True,False
023_p11_original,flow/0000/023,11,13.75,original,True,False
023_p11_mirror,flow/0000/023,11,13.75,mirror,True,False
024_p00_original,flow/0000/024,0,0.0,original,True,False
024_p00_mirror,flow/0000/024,0,0.0,mirror,True,False
024_p01_original,flow/0000/024,1,1.25,original,True,False
024_p01_mirror,flow/0000/024,1,1.25,mirror,True,False
024_p02_original,flow/0000/024,2,2.5,original,True,False
024_p02_mirror,flow/0000/024,2,2.5,mirror,True,False
024_p03_original,flow/0000/024,3,3.75,original,True,False
024_p03_mirror,flow/0000/024,3,3.75,mirror,True,False
024_p04_original,flow/0000/024,4,5.0,original,True,False
024_p04_mirror,flow/0000/024,4,5.0,mirror,True,False
024_p05_original,flow/0000/024,5,6.25,original,True,False
024_p05_mirror,flow/0000/024,5,6.25,mirror,True,False
024_p06_original,flow/0000/024,6,7.5,original,True,False
024_p06_mirror,flow/0000/024,6,7.5,mirror,True,False
024_p07_original,flow/0000/024,7,8.75,original,True,False
024_p07_mirror,flow/0000/024,7,8.75,mirror,True,False
024_p08_original,flow/0000/024,8,10.0,original,True,False
024_p08_mirror,flow/0000/024,8,10.0,mirror,True,False
024_p09_original,flow/0000/024,9,11.25,original,True,False
024_p09_mirror,flow/0000/024,9,11.25,mirror,True,False
024_p10_original,flow/0000/024,10,12.5,original,True,False
024_p10_mirror,flow/0000/024,10,12.5,mirror,True,False
024_p11_original,flow/0000/024,11,13.75,original,True,False
024_p11_mirror,flow/0000/024,11,13.75,mirror,True,False
025_p00_original,flow/0000/025,0,0.0,original,True,False
025_p00_mirror,flow/0000/025,0,0.0,mirror,True,False
025_p01_original,flow/0000/025,1,1.25,original,True,False
025_p01_mirror,flow/0000/025,1,1.25,mirror,True,False
025_p02_original,flow/0000/025,2,2.5,original,True,False
025_p02_mirror,flow/0000/025,2,2.5,mirror,True,False
025_p03_original,flow/0000/025,3,3.75,original,True,False
025_p03_mirror,flow/0000/025,3,3.75,mirror,True,False
025_p04_original,flow/0000/025,4,5.0,original,True,False
025_p04_mirror,flow/0000/025,4,5.0,mirror,True,False
025_p05_original,flow/0000/025,5,6.25,original,True,False
025_p05_mirror,flow/0000/025,5,6.25,mirror,True,False
025_p06_original,flow/0000/025,6,7.5,original,True,False
025_p06_mirror,flow/0000/025,6,7.5,mirror,True,False
025_p07_original,flow/0000/025,7,8.75,original,True,False
025_p07_mirror,flow/0000/025,7,8.75,mirror,True,False
025_p08_original,flow/0000/025,8,10.0,original,True,False
025_p08_mirror,flow/0000/025,8,10.0,mirror,True,False
025_p09_original,flow/0000/025,9,11.25,original,True,False
025_p09_mirror,flow/0000/025,9,11.25,mirror,True,False
025_p10_original,flow/0000/025,10,12.5,original,True,False
025_p10_mirror,flow/0000/025,10,12.5,mirror,True,False
025_p11_original,flow/0000/025,11,13.75,original,True,False
025_p11_mirror,flow/0000/025,11,13.75,mirror,True,False
026_p00_original,flow/0000/026,0,0.0,original,True,False
026_p00_mirror,flow/0000/026,0,0.0,mirror,True,False
026_p01_original,flow/0000/026,1,1.25,original,True,False
026_p01_mirror,flow/0000/026,1,1.25,mirror,True,False
026_p02_original,flow/0000/026,2,2.5,original,True,False
026_p02_mirror,flow/0000/026,2,2.5,mirror,True,False
026_p03_original,flow/0000/026,3,3.75,original,True,False
026_p03_mirror,flow/0000/026,3,3.75,mirror,True,False
026_p04_original,flow/0000/026,4,5.0,original,True,False
026_p04_mirror,flow/0000/026,4,5.0,mirror,True,False
026_p05_original,flow/0000/026,5,6.25,original,True,False
026_p05_mirror,flow/0000/026,5,6.25,mirror,True,False
026_p06_original,flow/0000/026,6,7.5,original,True,False
026_p06_mirror,flow/0000/026,6,7.5,mirror,True,False
026_p07_original,flow/0000/026,7,8.75,original,True,False
026_p07_mirror,flow/0000/026,7,8.75,mirror,True,False
026_p08_original,flow/0000/026,8,10.0,original,True,False
026_p08_mirror,flow/0000/026,8,10.0,mirror,True,False
026_p09_original,flow/0000/026,9,11.25,original,True,False
026_p09_mirror,flow/0000/026,9,11.25,mirror,True,False
026_p10_original,flow/0000/026,10,12.5,original,True,False
026_p10_mirror,flow/0000/026,10,12.5,mirror,True,False
026_p11_original,flow/0000/026,11,13.75,original,True,False
026_p11_mirror,flow/0000/026,11,13.75,mirror,True,False
027_p00_original,flow/0000/027,0,0.0,original,True,False
027_p00_mirror,flow/0000/027,0,0.0,mirror,True,False
027_p01_original,flow/0000/027,1,1.25,original,True,False
027_p01_mirror,flow/0000/027,1,1.25,mirror,True,False
027_p02_original,flow/0000/027,2,2.5,original,True,False
027_p02_mirror,flow/0000/027,2,2.5,mirror,True,False
027_p03_original,flow/0000/027,3,3.75,original,True,False
027_p03_mirror,flow/0000/027,3,3.75,mirror,True,False
027_p04_original,flow/0000/027,4,5.0,original,True,False
027_p04_mirror,flow/0000/027,4,5.0,mirror,True,False
027_p05_original,flow/0000/027,5,6.25,original,True,False
027_p05_mirror,flow/0000/027,5,6.25,mirror,True,False
027_p06_original,flow/0000/027,6,7.5,original,True,False
027_p06_mirror,flow/0000/027,6,7.5,mirror,True,False
027_p07_original,flow/0000/027,7,8.75,original,True,False
027_p07_mirror,flow/0000/027,7,8.75,mirror,True,False
027_p08_original,flow/0000/027,8,10.0,original,True,False
027_p08_mirror,flow/0000/027,8,10.0,mirror,True,False
027_p09_original,flow/0000/027,9,11.25,original,True,False
027_p09_mirror,flow/0000/027,9,11.25,mirror,True,False
027_p10_original,flow/0000/027,10,12.5,original,True,False
027_p10_mirror,flow/0000/027,10,12.5,mirror,True,False
027_p11_original,flow/0000/027,11,13.75,original,True,False
027_p11_mirror,flow/0000/027,11,13.75,mirror,True,False
028_p00_original,flow/0000/028,0,0.0,original,True,False
028_p00_mirror,flow/0000/028,0,0.0,mirror,True,False
028_p01_original,flow/0000/028,1,1.25,original,True,False
028_p01_mirror,flow/0000/028,1,1.25,mirror,True,False
028_p02_original,flow/0000/028,2,2.5,original,True,False
028_p02_mirror,flow/0000/028,2,2.5,mirror,True,False
028_p03_original,flow/0000/028,3,3.75,original,True,False
028_p03_mirror,flow/0000/028,3,3.75,mirror,True,False
028_p04_original,flow/0000/028,4,5.0,original,True,False
028_p04_mirror,flow/0000/028,4,5.0,mirror,True,False
028_p05_original,flow/0000/028,5,6.25,original,True,False
028_p05_mirror,flow/0000/028,5,6.25,mirror,True,False
028_p06_original,flow/0000/028,6,7.5,original,True,False
028_p06_mirror,flow/0000/028,6,7.5,mirror,True,False
028_p07_original,flow/0000/028,7,8.75,original,True,False
028_p07_mirror,flow/0000/028,7,8.75,mirror,True,False
028_p08_original,flow/0000/028,8,10.0,original,True,False
028_p08_mirror,flow/0000/028,8,10.0,mirror,True,False
028_p09_original,flow/0000/028,9,11.25,original,True,False
028_p09_mirror,flow/0000/028,9,11.25,mirror,True,False
028_p10_original,flow/0000/028,10,12.5,original,True,False
028_p10_mirror,flow/0000/028,10,12.5,mirror,True,False
028_p11_original,flow/0000/028,11,13.75,original,True,False
028_p11_mirror,flow/0000/028,11,13.75,mirror,True,False
029_p00_original,flow/0000/029,0,0.0,original,True,False
029_p00_mirror,flow/0000/029,0,0.0,mirror,True,False
029_p01_original,flow/0000/029,1,1.25,original,True,False
029_p01_mirror,flow/0000/029,1,1.25,mirror,True,False
029_p02_original,flow/0000/029,2,2.5,original,True,False
029_p02_mirror,flow/0000/029,2,2.5,mirror,True,False
029_p03_original,flow/0000/029,3,3.75,original,True,False
029_p03_mirror,flow/0000/029,3,3.75,mirror,True,False
029_p04_original,flow/0000/029,4,5.0,original,True,False
029_p04_mirror,flow/0000/029,4,5.0,mirror,True,False
029_p05_original,flow/0000/029,5,6.25,original,True,False
029_p05_mirror,flow/0000/029,5,6.25,mirror,True,False
029_p06_original,flow/0000/029,6,7.5,original,True,False
029_p06_mirror,flow/0000/029,6,7.5,mirror,True,False
029_p07_original,flow/0000/029,7,8.75,original,True,False
029_p07_mirror,flow/0000/029,7,8.75,mirror,True,False
029_p08_original,flow/0000/029,8,10.0,original,True,False
029_p08_mirror,flow/0000/029,8,10.0,mirror,True,False
029_p09_original,flow/0000/029,9,11.25,original,True,False
029_p09_mirror,flow/0000/029,9,11.25,mirror,True,False
029_p10_original,flow/0000/029,10,12.5,original,True,False
029_p10_mirror,flow/0000/029,10,12.5,mirror,True,False
029_p11_original,flow/0000/029,11,13.75,original,True,False
029_p11_mirror,flow/0000/029,11,13.75,mirror,True,False
030_p00_original,flow/0000/030,0,0.0,original,True,False
030_p00_mirror,flow/0000/030,0,0.0,mirror,True,False
030_p01_original,flow/0000/030,1,1.25,original,True,False
030_p01_mirror,flow/0000/030,1,1.25,mirror,True,False
030_p02_original,flow/0000/030,2,2.5,original,True,False
030_p02_mirror,flow/0000/030,2,2.5,mirror,True,False
030_p03_original,flow/0000/030,3,3.75,original,True,False
030_p03_mirror,flow/0000/030,3,3.75,mirror,True,False
030_p04_original,flow/0000/030,4,5.0,original,True,False
030_p04_mirror,flow/0000/030,4,5.0,mirror,True,False
030_p05_original,flow/0000/030,5,6.25,original,True,False
030_p05_mirror,flow/0000/030,5,6.25,mirror,True,False
030_p06_original,flow/0000/030,6,7.5,original,True,False
030_p06_mirror,flow/0000/030,6,7.5,mirror,True,False
030_p07_original,flow/0000/030,7,8.75,original,True,False
030_p07_mirror,flow/0000/030,7,8.75,mirror,True,False
030_p08_original,flow/0000/030,8,10.0,original,True,False
030_p08_mirror,flow/0000/030,8,10.0,mirror,True,False
030_p09_original,flow/0000/030,9,11.25,original,True,False
030_p09_mirror,flow/0000/030,9,11.25,mirror,True,False
030_p10_original,flow/0000/030,10,12.5,original,True,False
030_p10_mirror,flow/0000/030,10,12.5,mirror,True,False
030_p11_original,flow/0000/030,11,13.75,original,True,False
030_p11_mirror,flow/0000/030,11,13.75,mirror,True,False
031_p00_original,flow/0000/031,0,0.0,original,True,False
031_p00_mirror,flow/0000/031,0,0.0,mirror,True,False
031_p01_original,flow/0000/031,1,1.25,original,True,False
031_p01_mirror,flow/0000/031,1,1.25,mirror,True,False
031_p02_original,flow/0000/031,2,2.5,original,True,False
031_p02_mirror,flow/0000/031,2,2.5,mirror,True,False
031_p03_original,flow/0000/031,3,3.75,original,True,False
031_p03_mirror,flow/0000/031,3,3.75,mirror,True,False
031_p04_original,flow/0000/031,4,5.0,original,True,False
031_p04_mirror,flow/0000/031,4,5.0,mirror,True,False
031_p05_original,flow/0000/031,5,6.25,original,True,False
031_p05_mirror,flow/0000/031,5,6.25,mirror,True,False
031_p06_original,flow/0000/031,6,7.5,original,True,False
031_p06_mirror,flow/0000/031,6,7.5,mirror,True,False
031_p07_original,flow/0000/031,7,8.75,original,True,False
031_p07_mirror,flow/0000/031,7,8.75,mirror,True,False
031_p08_original,flow/0000/031,8,10.0,original,True,False
031_p08_mirror,flow/0000/031,8,10.0,mirror,True,False
031_p09_original,flow/0000/031,9,11.25,original,True,False
031_p09_mirror,flow/0000/031,9,11.25,mirror,True,False
031_p10_original,flow/0000/031,10,12.5,original,True,False
031_p10_mirror,flow/0000/031,10,12.5,mirror,True,False
031_p11_original,flow/0000/031,11,13.75,original,True,False
031_p11_mirror,flow/0000/031,11,13.75,mirror,True,False
032_p00_original,flow/0000/032,0,0.0,original,True,False
032_p00_mirror,flow/0000/032,0,0.0,mirror,True,False
032_p01_original,flow/0000/032,1,1.25,original,True,False
032_p01_mirror,flow/0000/032,1,1.25,mirror,True,False
032_p02_original,flow/0000/032,2,2.5,original,True,False
032_p02_mirror,flow/0000/032,2,2.5,mirror,True,False
032_p03_original,flow/0000/032,3,3.75,original,True,False
032_p03_mirror,flow/0000/032,3,3.75,mirror,True,False
032_p04_original,flow/0000/032,4,5.0,original,True,False
032_p04_mirror,flow/0000/032,4,5.0,mirror,True,False
032_p05_original,flow/0000/032,5,6.25,original,True,False
032_p05_mirror,flow/0000/032,5,6.25,mirror,True,False
032_p06_original,flow/0000/032,6,7.5,original,True,False
032_p06_mirror,flow/0000/032,6,7.5,mirror,True,False
032_p07_original,flow/0000/032,7,8.75,original,True,False
032_p07_mirror,flow/0000/032,7,8.75,mirror,True,False
032_p08_original,flow/0000/032,8,10.0,original,True,False
032_p08_mirror,flow/0000/032,8,10.0,mirror,True,False
032_p09_original,flow/0000/032,9,11.25,original,True,False
032_p09_mirror,flow/0000/032,9,11.25,mirror,True,False
032_p10_original,flow/0000/032,10,12.5,original,True,False
032_p10_mirror,flow/0000/032,10,12.5,mirror,True,False
032_p11_original,flow/0000/032,11,13.75,original,True,False
032_p11_mirror,flow/0000/032,11,13.75,mirror,True,False
033_p00_original,flow/0000/033,0,0.0,original,True,False
033_p00_mirror,flow/0000/033,0,0.0,mirror,True,False
033_p01_original,flow/0000/033,1,1.25,original,True,False
033_p01_mirror,flow/0000/033,1,1.25,mirror,True,False
033_p02_original,flow/0000/033,2,2.5,original,True,False
033_p02_mirror,flow/0000/033,2,2.5,mirror,True,False
033_p03_original,flow/0000/033,3,3.75,original,True,False
033_p03_mirror,flow/0000/033,3,3.75,mirror,True,False
033_p04_original,flow/0000/033,4,5.0,original,True,False
033_p04_mirror,flow/0000/033,4,5.0,mirror,True,False
033_p05_original,flow/0000/033,5,6.25,original,True,False
033_p05_mirror,flow/0000/033,5,6.25,mirror,True,False
033_p06_original,flow/0000/033,6,7.5,original,True,False
033_p06_mirror,flow/0000/033,6,7.5,mirror,True,False
033_p07_original,flow/0000/033,7,8.75,original,True,False
033_p07_mirror,flow/0000/033,7,8.75,mirror,True,False
033_p08_original,flow/0000/033,8,10.0,original,True,False
033_p08_mirror,flow/0000/033,8,10.0,mirror,True,False
033_p09_original,flow/0000/033,9,11.25,original,True,False
033_p09_mirror,flow/0000/033,9,11.25,mirror,True,False
033_p10_original,flow/0000/033,10,12.5,original,True,False
033_p10_mirror,flow/0000/033,10,12.5,mirror,True,False
033_p11_original,flow/0000/033,11,13.75,original,True,False
033_p11_mirror,flow/0000/033,11,13.75,mirror,True,False
034_p00_original,flow/0000/034,0,0.0,original,True,False
034_p00_mirror,flow/0000/034,0,0.0,mirror,True,False
034_p01_original,flow/0000/034,1,1.25,original,True,False
034_p01_mirror,flow/0000/034,1,1.25,mirror,True,False
034_p02_original,flow/0000/034,2,2.5,original,True,False
034_p02_mirror,flow/0000/034,2,2.5,mirror,True,False
034_p03_original,flow/0000/034,3,3.75,original,True,False
034_p03_mirror,flow/0000/034,3,3.75,mirror,True,False
034_p04_original,flow/0000/034,4,5.0,original,True,False
034_p04_mirror,flow/0000/034,4,5.0,mirror,True,False
034_p05_original,flow/0000/034,5,6.25,original,True,False
034_p05_mirror,flow/0000/034,5,6.25,mirror,True,False
034_p06_original,flow/0000/034,6,7.5,original,True,False
034_p06_mirror,flow/0000/034,6,7.5,mirror,True,False
034_p07_original,flow/0000/034,7,8.75,original,True,False
034_p07_mirror,flow/0000/034,7,8.75,mirror,True,False
034_p08_original,flow/0000/034,8,10.0,original,True,False
034_p08_mirror,flow/0000/034,8,10.0,mirror,True,False
034_p09_original,flow/0000/034,9,11.25,original,True,False
034_p09_mirror,flow/0000/034,9,11.25,mirror,True,False
034_p10_original,flow/0000/034,10,12.5,original,True,False
034_p10_mirror,flow/0000/034,10,12.5,mirror,True,False
034_p11_original,flow/0000/034,11,13.75,original,True,False
034_p11_mirror,flow/0000/034,11,13.75,mirror,True,False
035_p00_original,flow/0000/035,0,0.0,original,True,False
035_p00_mirror,flow/0000/035,0,0.0,mirror,True,False
035_p01_original,flow/0000/035,1,1.25,original,True,False
035_p01_mirror,flow/0000/035,1,1.25,mirror,True,False
035_p02_original,flow/0000/035,2,2.5,original,True,False
035_p02_mirror,flow/0000/035,2,2.5,mirror,True,False
035_p03_original,flow/0000/035,3,3.75,original,True,False
035_p03_mirror,flow/0000/035,3,3.75,mirror,True,False
035_p04_original,flow/0000/035,4,5.0,original,True,False
035_p04_mirror,flow/0000/035,4,5.0,mirror,True,False
035_p05_original,flow/0000/035,5,6.25,original,True,False
035_p05_mirror,flow/0000/035,5,6.25,mirror,True,False
035_p06_original,flow/0000/035,6,7.5,original,True,False
035_p06_mirror,flow/0000/035,6,7.5,mirror,True,False
035_p07_original,flow/0000/035,7,8.75,original,True,False
035_p07_mirror,flow/0000/035,7,8.75,mirror,True,False
035_p08_original,flow/0000/035,8,10.0,original,True,False
035_p08_mirror,flow/0000/035,8,10.0,mirror,True,False
035_p09_original,flow/0000/035,9,11.25,original,True,False
035_p09_mirror,flow/0000/035,9,11.25,mirror,True,False
035_p10_original,flow/0000/035,10,12.5,original,True,False
035_p10_mirror,flow/0000/035,10,12.5,mirror,True,False
035_p11_original,flow/0000/035,11,13.75,original,True,False
035_p11_mirror,flow/0000/035,11,13.75,mirror,True,False
036_p00_original,flow/0000/036,0,0.0,original,True,False
036_p00_mirror,flow/0000/036,0,0.0,mirror,True,False
036_p01_original,flow/0000/036,1,1.25,original,True,False
036_p01_mirror,flow/0000/036,1,1.25,mirror,True,False
036_p02_original,flow/0000/036,2,2.5,original,True,False
036_p02_mirror,flow/0000/036,2,2.5,mirror,True,False
036_p03_original,flow/0000/036,3,3.75,original,True,False
036_p03_mirror,flow/0000/036,3,3.75,mirror,True,False
036_p04_original,flow/0000/036,4,5.0,original,True,False
036_p04_mirror,flow/0000/036,4,5.0,mirror,True,False
036_p05_original,flow/0000/036,5,6.25,original,True,False
036_p05_mirror,flow/0000/036,5,6.25,mirror,True,False
036_p06_original,flow/0000/036,6,7.5,original,True,False
036_p06_mirror,flow/0000/036,6,7.5,mirror,True,False
036_p07_original,flow/0000/036,7,8.75,original,True,False
036_p07_mirror,flow/0000/036,7,8.75,mirror,True,False
036_p08_original,flow/0000/036,8,10.0,original,True,False
036_p08_mirror,flow/0000/036,8,10.0,mirror,True,False
036_p09_original,flow/0000/036,9,11.25,original,True,False
036_p09_mirror,flow/0000/036,9,11.25,mirror,True,False
036_p10_original,flow/0000/036,10,12.5,original,True,False
036_p10_mirror,flow/0000/036,10,12.5,mirror,True,False
036_p11_original,flow/0000/036,11,13.75,original,True,False
036_p11_mirror,flow/0000/036,11,13.75,mirror,True,False
037_p00_original,flow/0000/037,0,0.0,original,True,False
037_p00_mirror,flow/0000/037,0,0.0,mirror,True,False
037_p01_original,flow/0000/037,1,1.25,original,True,False
037_p01_mirror,flow/0000/037,1,1.25,mirror,True,False
037_p02_original,flow/0000/037,2,2.5,original,True,False
037_p02_mirror,flow/0000/037,2,2.5,mirror,True,False
037_p03_original,flow/0000/037,3,3.75,original,True,False
037_p03_mirror,flow/0000/037,3,3.75,mirror,True,False
037_p04_original,flow/0000/037,4,5.0,original,True,False
037_p04_mirror,flow/0000/037,4,5.0,mirror,True,False
037_p05_original,flow/0000/037,5,6.25,original,True,False
037_p05_mirror,flow/0000/037,5,6.25,mirror,True,False
037_p06_original,flow/0000/037,6,7.5,original,True,False
037_p06_mirror,flow/0000/037,6,7.5,mirror,True,False
037_p07_original,flow/0000/037,7,8.75,original,True,False
037_p07_mirror,flow/0000/037,7,8.75,mirror,True,False
037_p08_original,flow/0000/037,8,10.0,original,True,False
037_p08_mirror,flow/0000/037,8,10.0,mirror,True,False
037_p09_original,flow/0000/037,9,11.25,original,True,False
037_p09_mirror,flow/0000/037,9,11.25,mirror,True,False
037_p10_original,flow/0000/037,10,12.5,original,True,False
037_p10_mirror,flow/0000/037,10,12.5,mirror,True,False
037_p11_original,flow/0000/037,11,13.75,original,True,False
037_p11_mirror,flow/0000/037,11,13.75,mirror,True,False
038_p00_original,flow/0000/038,0,0.0,original,True,False
038_p00_mirror,flow/0000/038,0,0.0,mirror,True,False
038_p01_original,flow/0000/038,1,1.25,original,True,False
038_p01_mirror,flow/0000/038,1,1.25,mirror,True,False
038_p02_original,flow/0000/038,2,2.5,original,True,False
038_p02_mirror,flow/0000/038,2,2.5,mirror,True,False
038_p03_original,flow/0000/038,3,3.75,original,True,False
038_p03_mirror,flow/0000/038,3,3.75,mirror,True,False
038_p04_original,flow/0000/038,4,5.0,original,True,False
038_p04_mirror,flow/0000/038,4,5.0,mirror,True,False
038_p05_original,flow/0000/038,5,6.25,original,True,False
038_p05_mirror,flow/0000/038,5,6.25,mirror,True,False
038_p06_original,flow/0000/038,6,7.5,original,True,False
038_p06_mirror,flow/0000/038,6,7.5,mirror,True,False
038_p07_original,flow/0000/038,7,8.75,original,True,False
038_p07_mirror,flow/0000/038,7,8.75,mirror,True,False
038_p08_original,flow/0000/038,8,10.0,original,True,False
038_p08_mirror,flow/0000/038,8,10.0,mirror,True,False
038_p09_original,flow/0000/038,9,11.25,original,True,False
038_p09_mirror,flow/0000/038,9,11.25,mirror,True,False
038_p10_original,flow/0000/038,10,12.5,original,True,False
038_p10_mirror,flow/0000/038,10,12.5,mirror,True,False
038_p11_original,flow/0000/038,11,13.75,original,True,False
038_p11_mirror,flow/0000/038,11,13.75,mirror,True,False
039_p00_original,flow/0000/039,0,0.0,original,True,False
039_p00_mirror,flow/0000/039,0,0.0,mirror,True,False
039_p01_original,flow/0000/039,1,1.25,original,True,False
039_p01_mirror,flow/0000/039,1,1.25,mirror,True,False
039_p02_original,flow/0000/039,2,2.5,original,True,False
039_p02_mirror,flow/0000/039,2,2.5,mirror,True,False
039_p03_original,flow/0000/039,3,3.75,original,True,False
039_p03_mirror,flow/0000/039,3,3.75,mirror,True,False
039_p04_original,flow/0000/039,4,5.0,original,True,False
039_p04_mirror,flow/0000/039,4,5.0,mirror,True,False
039_p05_original,flow/0000/039,5,6.25,original,True,False
039_p05_mirror,flow/0000/039,5,6.25,mirror,True,False
039_p06_original,flow/0000/039,6,7.5,original,True,False
039_p06_mirror,flow/0000/039,6,7.5,mirror,True,False
039_p07_original,flow/0000/039,7,8.75,original,True,False
039_p07_mirror,flow/0000/039,7,8.75,mirror,True,False
039_p08_original,flow/0000/039,8,10.0,original,True,False
039_p08_mirror,flow/0000/039,8,10.0,mirror,True,False
039_p09_original,flow/0000/039,9,11.25,original,True,False
039_p09_mirror,flow/0000/039,9,11.25,mirror,True,False
039_p10_original,flow/0000/039,10,12.5,original,True,False
039_p10_mirror,flow/0000/039,10,12.5,mirror,True,False
039_p11_original,flow/0000/039,11,13.75,original,True,False
039_p11_mirror,flow/0000/039,11,13.75,mirror,True,False
040_p00_original,flow/0000/040,0,0.0,original,True,False
040_p00_mirror,flow/0000/040,0,0.0,mirror,True,False
040_p01_original,flow/0000/040,1,1.25,original,True,False
040_p01_mirror,flow/0000/040,1,1.25,mirror,True,False
040_p02_original,flow/0000/040,2,2.5,original,True,False
040_p02_mirror,flow/0000/040,2,2.5,mirror,True,False
040_p03_original,flow/0000/040,3,3.75,original,True,False
040_p03_mirror,flow/0000/040,3,3.75,mirror,True,False
040_p04_original,flow/0000/040,4,5.0,original,True,False
040_p04_mirror,flow/0000/040,4,5.0,mirror,True,False
040_p05_original,flow/0000/040,5,6.25,original,True,False
040_p05_mirror,flow/0000/040,5,6.25,mirror,True,False
040_p06_original,flow/0000/040,6,7.5,original,True,False
040_p06_mirror,flow/0000/040,6,7.5,mirror,True,False
040_p07_original,flow/0000/040,7,8.75,original,True,False
040_p07_mirror,flow/0000/040,7,8.75,mirror,True,False
040_p08_original,flow/0000/040,8,10.0,original,True,False
040_p08_mirror,flow/0000/040,8,10.0,mirror,True,False
040_p09_original,flow/0000/040,9,11.25,original,True,False
040_p09_mirror,flow/0000/040,9,11.25,mirror,True,False
040_p10_original,flow/0000/040,10,12.5,original,True,False
040_p10_mirror,flow/0000/040,10,12.5,mirror,True,False
040_p11_original,flow/0000/040,11,13.75,original,True,False
040_p11_mirror,flow/0000/040,11,13.75,mirror,True,False
041_p00_original,flow/0000/041,0,0.0,original,True,False
041_p00_mirror,flow/0000/041,0,0.0,mirror,True,False
041_p01_original,flow/0000/041,1,1.25,original,True,False
041_p01_mirror,flow/0000/041,1,1.25,mirror,True,False
041_p02_original,flow/0000/041,2,2.5,original,True,False
041_p02_mirror,flow/0000/041,2,2.5,mirror,True,False
041_p03_original,flow/0000/041,3,3.75,original,True,False
041_p03_mirror,flow/0000/041,3,3.75,mirror,True,False
041_p04_original,flow/0000/041,4,5.0,original,True,False
041_p04_mirror,flow/0000/041,4,5.0,mirror,True,False
041_p05_original,flow/0000/041,5,6.25,original,True,False
041_p05_mirror,flow/0000/041,5,6.25,mirror,True,False
041_p06_original,flow/0000/041,6,7.5,original,True,False
041_p06_mirror,flow/0000/041,6,7.5,mirror,True,False
041_p07_original,flow/0000/041,7,8.75,original,True,False
041_p07_mirror,flow/0000/041,7,8.75,mirror,True,False
041_p08_original,flow/0000/041,8,10.0,original,True,False
041_p08_mirror,flow/0000/041,8,10.0,mirror,True,False
041_p09_original,flow/0000/041,9,11.25,original,True,False
041_p09_mirror,flow/0000/041,9,11.25,mirror,True,False
041_p10_original,flow/0000/041,10,12.5,original,True,False
041_p10_mirror,flow/0000/041,10,12.5,mirror,True,False
041_p11_original,flow/0000/041,11,13.75,original,True,False
041_p11_mirror,flow/0000/041,11,13.75,mirror,True,False
042_p00_original,flow/0000/042,0,0.0,original,True,False
042_p00_mirror,flow/0000/042,0,0.0,mirror,True,False
042_p01_original,flow/0000/042,1,1.25,original,True,False
042_p01_mirror,flow/0000/042,1,1.25,mirror,True,False
042_p02_original,flow/0000/042,2,2.5,original,True,False
042_p02_mirror,flow/0000/042,2,2.5,mirror,True,False
042_p03_original,flow/0000/042,3,3.75,original,True,False
042_p03_mirror,flow/0000/042,3,3.75,mirror,True,False
042_p04_original,flow/0000/042,4,5.0,original,True,False
042_p04_mirror,flow/0000/042,4,5.0,mirror,True,False
042_p05_original,flow/0000/042,5,6.25,original,True,False
042_p05_mirror,flow/0000/042,5,6.25,mirror,True,False
042_p06_original,flow/0000/042,6,7.5,original,True,False
042_p06_mirror,flow/0000/042,6,7.5,mirror,True,False
042_p07_original,flow/0000/042,7,8.75,original,True,False
042_p07_mirror,flow/0000/042,7,8.75,mirror,True,False
042_p08_original,flow/0000/042,8,10.0,original,True,False
042_p08_mirror,flow/0000/042,8,10.0,mirror,True,False
042_p09_original,flow/0000/042,9,11.25,original,True,False
042_p09_mirror,flow/0000/042,9,11.25,mirror,True,False
042_p10_original,flow/0000/042,10,12.5,original,True,False
042_p10_mirror,flow/0000/042,10,12.5,mirror,True,False
042_p11_original,flow/0000/042,11,13.75,original,True,False
042_p11_mirror,flow/0000/042,11,13.75,mirror,True,False
043_p00_original,flow/0000/043,0,0.0,original,True,False
043_p00_mirror,flow/0000/043,0,0.0,mirror,True,False
043_p01_original,flow/0000/043,1,1.25,original,True,False
043_p01_mirror,flow/0000/043,1,1.25,mirror,True,False
043_p02_original,flow/0000/043,2,2.5,original,True,False
043_p02_mirror,flow/0000/043,2,2.5,mirror,True,False
043_p03_original,flow/0000/043,3,3.75,original,True,False
043_p03_mirror,flow/0000/043,3,3.75,mirror,True,False
043_p04_original,flow/0000/043,4,5.0,original,True,False
043_p04_mirror,flow/0000/043,4,5.0,mirror,True,False
043_p05_original,flow/0000/043,5,6.25,original,True,False
043_p05_mirror,flow/0000/043,5,6.25,mirror,True,False
043_p06_original,flow/0000/043,6,7.5,original,True,False
043_p06_mirror,flow/0000/043,6,7.5,mirror,True,False
043_p07_original,flow/0000/043,7,8.75,original,True,False
043_p07_mirror,flow/0000/043,7,8.75,mirror,True,False
043_p08_original,flow/0000/043,8,10.0,original,True,False
043_p08_mirror,flow/0000/043,8,10.0,mirror,True,False
043_p09_original,flow/0000/043,9,11.25,original,True,False
043_p09_mirror,flow/0000/043,9,11.25,mirror,True,False
043_p10_original,flow/0000/043,10,12.5,original,True,False
043_p10_mirror,flow/0000/043,10,12.5,mirror,True,False
043_p11_original,flow/0000/043,11,13.75,original,True,False
043_p11_mirror,flow/0000/043,11,13.75,mirror,True,False
044_p00_original,flow/0000/044,0,0.0,original,True,False
044_p00_mirror,flow/0000/044,0,0.0,mirror,True,False
044_p01_original,flow/0000/044,1,1.25,original,True,False
044_p01_mirror,flow/0000/044,1,1.25,mirror,True,False
044_p02_original,flow/0000/044,2,2.5,original,True,False
044_p02_mirror,flow/0000/044,2,2.5,mirror,True,False
044_p03_original,flow/0000/044,3,3.75,original,True,False
044_p03_mirror,flow/0000/044,3,3.75,mirror,True,False
044_p04_original,flow/0000/044,4,5.0,original,True,False
044_p04_mirror,flow/0000/044,4,5.0,mirror,True,False
044_p05_original,flow/0000/044,5,6.25,original,True,False
044_p05_mirror,flow/0000/044,5,6.25,mirror,True,False
044_p06_original,flow/0000/044,6,7.5,original,True,False
044_p06_mirror,flow/0000/044,6,7.5,mirror,True,False
044_p07_original,flow/0000/044,7,8.75,original,True,False
044_p07_mirror,flow/0000/044,7,8.75,mirror,True,False
044_p08_original,flow/0000/044,8,10.0,original,True,False
044_p08_mirror,flow/0000/044,8,10.0,mirror,True,False
044_p09_original,flow/0000/044,9,11.25,original,True,False
044_p09_mirror,flow/0000/044,9,11.25,mirror,True,False
044_p10_original,flow/0000/044,10,12.5,original,True,False
044_p10_mirror,flow/0000/044,10,12.5,mirror,True,False
044_p11_original,flow/0000/044,11,13.75,original,True,False
044_p11_mirror,flow/0000/044,11,13.75,mirror,True,False
045_p00_original,flow/0000/045,0,0.0,original,True,False
045_p00_mirror,flow/0000/045,0,0.0,mirror,True,False
045_p01_original,flow/0000/045,1,1.25,original,True,False
045_p01_mirror,flow/0000/045,1,1.25,mirror,True,False
045_p02_original,flow/0000/045,2,2.5,original,True,False
045_p02_mirror,flow/0000/045,2,2.5,mirror,True,False
045_p03_original,flow/0000/045,3,3.75,original,True,False
045_p03_mirror,flow/0000/045,3,3.75,mirror,True,False
045_p04_original,flow/0000/045,4,5.0,original,True,False
045_p04_mirror,flow/0000/045,4,5.0,mirror,True,False
045_p05_original,flow/0000/045,5,6.25,original,True,False
045_p05_mirror,flow/0000/045,5,6.25,mirror,True,False
045_p06_original,flow/0000/045,6,7.5,original,True,False
045_p06_mirror,flow/0000/045,6,7.5,mirror,True,False
045_p07_original,flow/0000/045,7,8.75,original,True,False
045_p07_mirror,flow/0000/045,7,8.75,mirror,True,False
045_p08_original,flow/0000/045,8,10.0,original,True,False
045_p08_mirror,flow/0000/045,8,10.0,mirror,True,False
045_p09_original,flow/0000/045,9,11.25,original,True,False
045_p09_mirror,flow/0000/045,9,11.25,mirror,True,False
045_p10_original,flow/0000/045,10,12.5,original,True,False
045_p10_mirror,flow/0000/045,10,12.5,mirror,True,False
045_p11_original,flow/0000/045,11,13.75,original,True,False
045_p11_mirror,flow/0000/045,11,13.75,mirror,True,False
046_p00_original,flow/0000/046,0,0.0,original,True,False
046_p00_mirror,flow/0000/046,0,0.0,mirror,True,False
046_p01_original,flow/0000/046,1,1.25,original,True,False
046_p01_mirror,flow/0000/046,1,1.25,mirror,True,False
046_p02_original,flow/0000/046,2,2.5,original,True,False
046_p02_mirror,flow/0000/046,2,2.5,mirror,True,False
046_p03_original,flow/0000/046,3,3.75,original,True,False
046_p03_mirror,flow/0000/046,3,3.75,mirror,True,False
046_p04_original,flow/0000/046,4,5.0,original,True,False
046_p04_mirror,flow/0000/046,4,5.0,mirror,True,False
046_p05_original,flow/0000/046,5,6.25,original,True,False
046_p05_mirror,flow/0000/046,5,6.25,mirror,True,False
046_p06_original,flow/0000/046,6,7.5,original,True,False
046_p06_mirror,flow/0000/046,6,7.5,mirror,True,False
046_p07_original,flow/0000/046,7,8.75,original,True,False
046_p07_mirror,flow/0000/046,7,8.75,mirror,True,False
046_p08_original,flow/0000/046,8,10.0,original,True,False
046_p08_mirror,flow/0000/046,8,10.0,mirror,True,False
046_p09_original,flow/0000/046,9,11.25,original,True,False
046_p09_mirror,flow/0000/046,9,11.25,mirror,True,False
046_p10_original,flow/0000/046,10,12.5,original,True,False
046_p10_mirror,flow/0000/046,10,12.5,mirror,True,False
046_p11_original,flow/0000/046,11,13.75,original,True,False
046_p11_mirror,flow/0000/046,11,13.75,mirror,True,False
047_p00_original,flow/0000/047,0,0.0,original,True,False
047_p00_mirror,flow/0000/047,0,0.0,mirror,True,False
047_p01_original,flow/0000/047,1,1.25,original,True,False
047_p01_mirror,flow/0000/047,1,1.25,mirror,True,False
047_p02_original,flow/0000/047,2,2.5,original,True,False
047_p02_mirror,flow/0000/047,2,2.5,mirror,True,False
047_p03_original,flow/0000/047,3,3.75,original,True,False
047_p03_mirror,flow/0000/047,3,3.75,mirror,True,False
047_p04_original,flow/0000/047,4,5.0,original,True,False
047_p04_mirror,flow/0000/047,4,5.0,mirror,True,False
047_p05_original,flow/0000/047,5,6.25,original,True,False
047_p05_mirror,flow/0000/047,5,6.25,mirror,True,False
047_p06_original,flow/0000/047,6,7.5,original,True,False
047_p06_mirror,flow/0000/047,6,7.5,mirror,True,False
047_p07_original,flow/0000/047,7,8.75,original,True,False
047_p07_mirror,flow/0000/047,7,8.75,mirror,True,False
047_p08_original,flow/0000/047,8,10.0,original,True,False
047_p08_mirror,flow/0000/047,8,10.0,mirror,True,False
047_p09_original,flow/0000/047,9,11.25,original,True,False
047_p09_mirror,flow/0000/047,9,11.25,mirror,True,False
047_p10_original,flow/0000/047,10,12.5,original,True,False
047_p10_mirror,flow/0000/047,10,12.5,mirror,True,False
047_p11_original,flow/0000/047,11,13.75,original,True,False
047_p11_mirror,flow/0000/047,11,13.75,mirror,True,False
048_p00_original,flow/0000/048,0,0.0,original,True,False
048_p00_mirror,flow/0000/048,0,0.0,mirror,True,False
048_p01_original,flow/0000/048,1,1.25,original,True,False
048_p01_mirror,flow/0000/048,1,1.25,mirror,True,False
048_p02_original,flow/0000/048,2,2.5,original,True,False
048_p02_mirror,flow/0000/048,2,2.5,mirror,True,False
048_p03_original,flow/0000/048,3,3.75,original,True,False
048_p03_mirror,flow/0000/048,3,3.75,mirror,True,False
048_p04_original,flow/0000/048,4,5.0,original,True,False
048_p04_mirror,flow/0000/048,4,5.0,mirror,True,False
048_p05_original,flow/0000/048,5,6.25,original,True,False
048_p05_mirror,flow/0000/048,5,6.25,mirror,True,False
048_p06_original,flow/0000/048,6,7.5,original,True,False
048_p06_mirror,flow/0000/048,6,7.5,mirror,True,False
048_p07_original,flow/0000/048,7,8.75,original,True,False
048_p07_mirror,flow/0000/048,7,8.75,mirror,True,False
048_p08_original,flow/0000/048,8,10.0,original,True,False
048_p08_mirror,flow/0000/048,8,10.0,mirror,True,False
048_p09_original,flow/0000/048,9,11.25,original,True,False
048_p09_mirror,flow/0000/048,9,11.25,mirror,True,False
048_p10_original,flow/0000/048,10,12.5,original,True,False
048_p10_mirror,flow/0000/048,10,12.5,mirror,True,False
048_p11_original,flow/0000/048,11,13.75,original,True,False
048_p11_mirror,flow/0000/048,11,13.75,mirror,True,False
049_p00_original,flow/0000/049,0,0.0,original,True,False
049_p00_mirror,flow/0000/049,0,0.0,mirror,True,False
049_p01_original,flow/0000/049,1,1.25,original,True,False
049_p01_mirror,flow/0000/049,1,1.25,mirror,True,False
049_p02_original,flow/0000/049,2,2.5,original,True,False
049_p02_mirror,flow/0000/049,2,2.5,mirror,True,False
049_p03_original,flow/0000/049,3,3.75,original,True,False
049_p03_mirror,flow/0000/049,3,3.75,mirror,True,False
049_p04_original,flow/0000/049,4,5.0,original,True,False
049_p04_mirror,flow/0000/049,4,5.0,mirror,True,False
049_p05_original,flow/0000/049,5,6.25,original,True,False
049_p05_mirror,flow/0000/049,5,6.25,mirror,True,False
049_p06_original,flow/0000/049,6,7.5,original,True,False
049_p06_mirror,flow/0000/049,6,7.5,mirror,True,False
049_p07_original,flow/0000/049,7,8.75,original,True,False
049_p07_mirror,flow/0000/049,7,8.75,mirror,True,False
049_p08_original,flow/0000/049,8,10.0,original,True,False
049_p08_mirror,flow/0000/049,8,10.0,mirror,True,False
049_p09_original,flow/0000/049,9,11.25,original,True,False
049_p09_mirror,flow/0000/049,9,11.25,mirror,True,False
049_p10_original,flow/0000/049,10,12.5,original,True,False
049_p10_mirror,flow/0000/049,10,12.5,mirror,True,False
049_p11_original,flow/0000/049,11,13.75,original,True,False
049_p11_mirror,flow/0000/049,11,13.75,mirror,True,False
