model_id,predictor,cv_r2,cv_rmse,normalized_rmse,sign_accuracy,slope,intercept
0,P0,0.900988848255071,0.008186069247652892,0.066597075141017,0.9444444444444444,0.5625228051084077,0.0082002060232804
0,P1,0.5498266140247543,0.01745513716676823,0.14200479452642342,0.9444444444444444,0.8863830304924591,0.016002399296681676
0,P3,0.3092851443164013,0.021621347471136018,0.17589864666709684,0.9444444444444444,-0.0004693937011430826,0.00838370442126348
1,P0,0.762314391220621,0.011051668161835301,0.14427345768389083,0.9,0.7911277680640885,0.010204899115310983
1,P1,0.5201121104396944,0.015703493815131052,0.20500048655553493,0.9,0.7051476423820913,0.017456109336294278
1,P3,0.12587231269501986,0.021194043964593953,0.27667660305216607,0.9,-0.0003738071086170411,0.013158071858795174
2,P0,0.8734268203244941,0.004458391447536167,0.08767121479957496,0.925,0.6457225024079153,0.003829497634357605
2,P1,0.7817629680375301,0.005854254185505113,0.1151198996831841,0.85,0.42939667068675247,0.0028586943570949722
2,P3,0.16602776008690556,0.011444139660977988,0.22504116971792598,0.85,-0.00019721221818853974,0.0032483211703194514
3,P0,0.9771951417606249,0.006284438206442513,0.0502947653712352,0.85,0.798766071713946,0.00987389791843566
3,P1,0.8433036251246363,0.01647336216569072,0.13183738271933895,0.925,1.6818881255832006,0.0021939817356199922
3,P3,0.3002531481683075,0.03481154098744916,0.27859901373204926,0.8,-0.0007181204000959088,0.001421701227813152
4,P0,0.9670617349149678,0.005553072627142714,0.053206516212452,1.0,0.8421072049628879,0.0035333753228634526
4,P1,0.9176664767837845,0.008779531540956956,0.08412068752502827,0.95,1.1849082881280995,0.009008946989936829
4,P3,0.6511869739900493,0.018070881612292217,0.17314534133374956,0.9,-0.0006398570181449422,-0.0006620225215092625
5,P0,0.9305117689522335,0.011499838538106898,0.10280537000774875,1.0,1.0544782544047016,0.009714277372003392
5,P1,0.9763802879272021,0.006704608361243392,0.05993734095054003,1.0,1.7586652237981224,0.008022358284055916
5,P3,0.5743887067846023,0.02846051052838789,0.2544290779200806,0.8947368421052632,-0.0008736531923605169,-0.000810669448498174
6,P0,0.9287713179866951,0.007428169060743345,0.08696948729161909,0.925,0.790569519796425,0.012876971962452336
6,P1,0.879274972245229,0.009670590248134157,0.11322390064226603,0.85,1.0589463380748263,0.0045478934312503895
6,P3,0.3217294560209293,0.0229221739370221,0.26837430578251154,0.85,-0.0005008097413247666,0.003019333210511434
7,P0,0.9546245499533772,0.002326470695636703,0.09408760638253091,1.0,0.8594384255094158,-0.0007699589557240764
7,P1,-0.3501218472984513,0.012690349886467795,0.5132257402656883,0.35,0.09375085427503971,-0.003405151135540849
7,P3,-0.5117105677704596,0.013428312462949565,0.5430705745682554,0.2,-3.063593078527668e-05,-0.0022066504568224897
8,P0,0.9187115027453826,0.005597585453545722,0.1492909814260093,1.0,1.0982255496181348,-0.0013811820585745002
8,P1,-0.3791709005106747,0.023056597993897518,0.614933380011829,0.7142857142857143,0.012372592008025152,0.00790058441062102
8,P3,-0.5129998230503847,0.024149359873855754,0.6440779986831808,0.5952380952380952,-8.371622967365445e-05,0.0022658507327823385
9,P0,0.810175878175702,0.0070812325494918815,0.1703982874322416,0.95,0.8487564308562546,0.01761048178010852
9,P1,0.6587144285185565,0.009494937738601847,0.22848015774451733,0.95,0.5153802848641205,0.00870875006475861
9,P3,0.3477891786308601,0.013125841552396692,0.3158519235180099,0.95,-0.00029125453715650034,0.005805560284102987
0,P2,0.2959814886522968,0.02098544015036439,0.170725276354319,0.9444444444444444,0.561981331684839,0.023860010339675386
1,P2,0.23848350921669928,0.01911368406659343,0.24951864722899753,0.8999999999999999,0.4351638503552987,0.024807794605033663
2,P2,0.47830918954404844,0.008538337488099184,0.16790055982277774,0.8472222222222221,0.30442677773361315,0.00776920579762034
3,P2,0.4581650263388773,0.027990451381114438,0.2240093925030456,0.8666666666666667,1.1328947603204542,0.0192092018456765
4,P2,0.5861321342526264,0.017549533249474628,0.16815006538813995,0.9138888888888889,0.86656301774248,0.021140121612113878
5,P2,0.5880395978383604,0.02382572668077947,0.2129953945878832,0.9152046783625732,1.2382206803343603,0.02585228407804633
6,P2,0.5251432858318126,0.017693019293901328,0.20715102255323978,0.8611111111111112,0.7628213607390312,0.01596284290513919
7,P2,-0.06778146390600433,0.010863550473577448,0.4393459426726109,0.5222222222222223,0.0613248248911866,-0.002599112490700992
8,P2,-0.18848062412519193,0.021075306248521327,0.5620911337231012,0.6693121693121693,-0.18042056739965942,0.007117734179299423
9,P2,0.5160359740774313,0.01068385809311338,0.2570895828532346,0.9333333333333333,0.3994796274751746,0.013820031112291221
