model_id,a,b,c,cycle_residual,normalized_cycle_residual
000,48,80,112,-0.0008930070726956979,-0.007264983635317613
000,48,80,143,-6.541428365049867e-05,-0.0005321723811238375
000,48,80,175,0.0043906332189597025,0.03571962581229599
000,48,80,191,0.005119475551313313,0.041649061064462284
000,48,80,207,0.0053331854434561995,0.04338767984654737
000,48,112,143,0.0052383331967919,0.04261601740303606
000,48,112,175,0.016742993004494403,0.1362112058269649
000,48,112,191,0.019845297430715003,0.16144974153108937
000,48,112,207,0.020960834774838892,0.17052510139938393
000,48,143,175,0.01678573629889639,0.13655894028937246
000,48,143,191,0.0228851730292554,0.18618039277904752
000,48,143,207,0.025728911743469703,0.20931538896616741
000,48,175,191,0.008200610202612396,0.06671537185226678
000,48,175,207,0.012003974867868798,0.0976573239342619
000,48,191,207,0.0035375930707575998,0.028779789716430047
000,80,112,143,0.004410740407746701,0.03588320614884229
000,80,112,175,0.011459352712839016,0.0932265963793514
000,80,112,191,0.013832814806706006,0.1125356968313096
000,80,112,207,0.014734642258686995,0.11987243791751893
000,80,143,175,0.012329688796286209,0.1003071420959528
000,80,143,191,0.017700283194291594,0.14399915933346147
000,80,143,207,0.020330312016362997,0.16539553673849616
000,80,175,191,0.007471767870258786,0.06078593660010048
000,80,175,207,0.011061422643372301,0.08998926990001051
000,80,191,207,0.003323883178614706,0.0270411709343449
000,112,143,175,0.005281076491193901,0.042963751865443746
000,112,143,191,0.008278208795332295,0.0673466686509942
000,112,143,207,0.010006410165422697,0.08140630496981945
000,112,175,191,0.0050983057763917955,0.04147683614814229
000,112,175,207,0.007786133097524309,0.06334342836184285
000,112,191,207,0.002422055726633704,0.019704429848135446
000,143,175,191,0.002101173472253401,0.017093919362591834
000,143,175,207,0.003060799423295499,0.024900875257467054
000,143,191,207,0.0006938543565433025,0.005644793529310207
000,175,191,207,-0.00026577159449879886,-0.0021621623655650405
001,48,80,112,0.002553169875334396,0.03333023038466537
001,48,80,143,0.008790063951575305,0.11474945691327147
001,48,80,175,0.013109011510446508,0.17113094509670523
001,48,80,191,0.014330766450445911,0.18708028478506017
001,48,80,207,0.013550302975640707,0.1768917627938758
001,48,112,143,0.016595643919332603,0.21664701614920187
001,48,112,175,0.031943939080377806,0.41701057936979663
001,48,112,191,0.0370862938795585,0.48414119681605405
001,48,112,207,0.03877066383491061,0.5061297214368615
001,48,143,175,0.021375321924914606,0.27904308725657423
001,48,143,191,0.02947731938340581,0.38481021402565263
001,48,143,207,0.0335015110227732,0.43734382557572316
001,48,175,191,0.008148843519813799,0.10637867636927557
001,48,175,207,0.012454500659718301,0.16258666543290992
001,48,191,207,0.0038559226991414022,0.05033695295774676
001,80,112,143,0.010358749843091701,0.13522778962059584
001,80,112,175,0.021388097445265694,0.27920986465775677
001,80,112,191,0.025308697304446987,0.33039114241565926
001,80,112,207,0.0277735307346043,0.3625681890276511
001,80,143,175,0.017056374366043403,0.22266159907314048
001,80,143,191,0.02393661688453519,0.3124793861538637
001,80,143,207,0.02874127199870781,0.375201519695119
001,80,175,191,0.006927088579814403,0.09042933668092072
001,80,175,207,0.012013209194524102,0.15682584773573935
001,80,191,207,0.0046363861739465995,0.060525474948931034
001,112,143,175,0.006027026763869403,0.07867952403597948
001,112,143,191,0.00898666942317991,0.11731603335880039
001,112,143,207,0.011326491107195191,0.1478611202880635
001,112,175,191,0.0030064887206331103,0.0392480589230182
001,112,175,207,0.0056277759051854975,0.073467523365845
001,112,191,207,0.0021715527437892873,0.028348428336939215
001,143,175,191,4.684606132260294e-05,0.0006115496001972911
001,143,175,207,0.00032831156185969546,0.004285927113760799
001,143,191,207,-0.00016826894022600042,-0.0021966585923239934
001,175,191,207,-0.0004497344407631016,-0.005871036105887613
002,48,80,112,0.0005341462051336003,0.010503619351442294
002,48,80,143,0.003611050550580197,0.07100883630283156
002,48,80,175,0.007272976235535605,0.14301809728488935
002,48,80,191,0.007070659948445402,0.13903968604135894
002,48,80,207,0.006324171864926703,0.12436050905889412
002,48,112,143,0.006076852294428101,0.11949713906447515
002,48,112,175,0.014683633706723702,0.2887436017875615
002,48,112,191,0.015150117563947501,0.2979166874011639
002,48,112,207,0.014148718636982,0.27822486324010376
002,48,143,175,0.015925080369604702,0.31315580029556894
002,48,143,191,0.018036034832336605,0.35466627426630226
002,48,143,207,0.0182201114927878,0.3582860157421037
002,48,175,191,0.0031341285137371985,0.06163049103487174
002,48,175,207,0.0034713106314927973,0.06826094648504605
002,48,191,207,-0.0005522192418715988,-0.010859013242845281
002,80,112,143,0.002999947948981504,0.05899192211308588
002,80,112,175,0.0079448036763217,0.1562291238541145
002,80,112,191,0.008613603820635703,0.1693806207112473
002,80,112,207,0.0083586929771889,0.16436797353265203
002,80,143,175,0.0122631546846493,0.2411465393135113
002,80,143,191,0.0145764254344714,0.28663542452777485
002,80,143,207,0.015506990178441295,0.30493434298604116
002,80,175,191,0.003336444800827402,0.06560890227840215
002,80,175,207,0.0044201150021016995,0.08691853471104127
002,80,191,207,0.00019426884164709668,0.0038201637396194704
002,112,143,175,0.007318298957309101,0.14390933757248262
002,112,143,191,0.008962769562817205,0.17624672592961355
002,112,143,207,0.010148245150233902,0.1995582915664751
002,112,175,191,0.0026676446565133995,0.05245740542126935
002,112,175,207,0.0040062257012345,0.07877968503250374
002,112,191,207,0.0004491796850938992,0.00883281091821474
002,143,175,191,0.0010231740510053006,0.020120017064138535
002,143,175,207,0.0011762795083097004,0.023130731038511307
002,143,191,207,-0.0007362959023227995,-0.014478754718646847
002,175,191,207,-0.0008894013596271993,-0.01748946869301962
003,48,80,112,0.0036970254019095053,0.029587533372500505
003,48,80,143,0.012811144821685203,0.10252842048522832
003,48,80,175,0.015073985823363792,0.12063808335615347
003,48,80,191,0.014976054788544607,0.11985433495144424
003,48,80,207,0.0143947368320375,0.11520200975256835
003,48,112,143,0.020051721028551114,0.16047522010584456
003,48,112,175,0.028478424423298995,0.22791467231612428
003,48,112,191,0.029932270540528508,0.23954989681033276
003,48,112,207,0.03064150718561859,0.2452259635462455
003,48,143,175,0.011940854885204785,0.0955634338432469
003,48,143,191,0.0137915654143181,0.11037478989038033
003,48,143,207,0.015419490533436303,0.12340317989412873
003,48,175,191,0.0011775179178184075,0.009423752044596377
003,48,175,207,0.0015031971486481055,0.012030183990107758
003,48,191,207,0.00010342538823950032,0.000827720070443525
003,80,112,143,0.01093760160877541,0.08753433299311668
003,80,112,175,0.017101464001844688,0.13686412233247114
003,80,112,191,0.0186532411538934,0.14928309523138897
003,80,112,207,0.0199437957554906,0.15961148716617773
003,80,143,175,0.009678013883526196,0.07745377097232174
003,80,143,191,0.011626655447458695,0.09304887542416442
003,80,143,207,0.013835898523084006,0.11072959062678871
003,80,175,191,0.0012754489526375923,0.010207500449305624
003,80,175,207,0.0021824461399743977,0.01746625759369289
003,80,191,207,0.0006847433447466078,0.005480045269319411
003,112,143,175,0.0035141514904569043,0.028123981632967185
003,112,143,191,0.003911015902340706,0.03130011318589212
003,112,143,207,0.004829704376368815,0.038652436453727644
003,112,175,191,-0.000276328199411105,-0.002211472449612119
003,112,175,207,-0.0006598856136715014,-0.005281107240013613
003,112,191,207,-0.0006058112568505941,-0.004848346665469349
003,143,175,191,-0.0006731926112948997,-0.005387604002536998
003,143,175,207,-0.0019754384995834,-0.01580956206077398
003,143,191,207,-0.0015244997308787008,-0.012200669933304856
003,175,191,207,-0.00022225384259019938,-0.0017787118750678692
004,48,80,112,0.0048678205161826055,0.0466408038583213
004,48,80,143,0.010890507141448402,0.10434690552236622
004,48,80,175,0.01566737747796479,0.15011627431511987
004,48,80,191,0.017701317778210712,0.16960438203970357
004,48,80,207,0.019774267886048094,0.18946626048536777
004,48,112,143,0.008017461400568193,0.07681894666872625
004,48,112,175,0.015943253488034992,0.152759567927143
004,48,112,191,0.01883255578934459,0.18044328828511072
004,48,112,207,0.020977894620196502,0.2009987560322808
004,48,143,175,0.007813310255891603,0.07486288163620125
004,48,143,191,0.010517321213683303,0.10077124130021299
004,48,143,207,0.012612482222017801,0.12084593249239461
004,48,175,191,0.0026687002227195056,0.025570031440298405
004,48,175,207,0.0035731405193842047,0.03423588556085689
004,48,191,207,0.00043744685683980156,0.004191377430716054
004,80,112,143,0.0019947747753024034,0.019112845004681397
004,80,112,175,0.005143696526252808,0.04928409747034443
004,80,112,191,0.005999058527316498,0.057479710103728585
004,80,112,207,0.006071447250331,0.058173299405234184
004,80,143,175,0.003036439919375203,0.02909351284344748
004,80,143,191,0.0037065105769209933,0.03551376478287565
004,80,143,207,0.0037287214774181093,0.03572657752939307
004,80,175,191,0.0006347599224735961,0.006081923715714838
004,80,175,207,-0.0005337498886991004,-0.005114100609391019
004,80,191,207,-0.0016355032509975942,-0.01567050101494829
004,112,143,175,-0.00011248183157520214,-0.0010777396222155478
004,112,143,191,-0.0002977731750931009,-0.0028531003161715368
004,112,143,207,-0.0003479509976105008,-0.00333387687115985
004,112,175,191,-0.0002206020785901,-0.0021136889176693843
004,112,175,207,-0.0014615006127772986,-0.014003302544280845
004,112,191,207,-0.0017078919740121032,-0.016364090316453958
004,143,175,191,-3.531073507219776e-05,-0.0003383282237133621
004,143,175,207,-0.001226031446742,-0.011747165295336542
004,143,191,207,-0.0016577141514946998,-0.015883313761465612
004,175,191,207,-0.0004669934398249002,-0.004474476689842456
005,48,80,112,0.0004886456517338919,0.00436835672628931
005,48,80,143,0.002995322914827986,0.02677735687602722
005,48,80,175,0.0069074496396039076,0.061750685773217025
005,48,80,191,0.008106672293887202,0.07247140400649789
005,48,80,207,0.008023351918939187,0.07172654294194201
005,48,112,143,0.0059574586362523,0.053258029438959305
005,48,112,175,0.013099210472741318,0.11710331192886793
005,48,112,191,0.017699775691351588,0.15823109019955897
005,48,112,207,0.020273527144189507,0.1812397150198289
005,48,143,175,0.010532377942228416,0.0941565403569998
005,48,143,191,0.01662155833019699,0.14859212575714825
005,48,143,207,0.022145476968577105,0.19797442774595975
005,48,175,191,0.005937455694537283,0.053079208682699
005,48,175,207,0.011624191776978793,0.1039170535058713
005,48,191,207,0.006229315050136103,0.05568835044961455
005,80,112,143,0.0034507813731581988,0.030849029289221334
005,80,112,175,0.00668040648487131,0.059720982881940284
005,80,112,191,0.0100817490491983,0.09012804291935057
005,80,112,207,0.012738820876984205,0.11388152880417615
005,80,143,175,0.006620251217452508,0.05918321145981012
005,80,143,191,0.011510208951137801,0.10289807862667782
005,80,143,207,0.017117447964465904,0.15302524168004494
005,80,175,191,0.004738233040253989,0.04235849044941813
005,80,175,207,0.0105082894976435,0.09394119633714618
005,80,191,207,0.006312635425084104,0.05643321151417031
005,112,143,175,0.003390626105739397,0.030311257867091174
005,112,143,191,0.004879241275097701,0.04361906499654858
005,112,143,207,0.007829408460639897,0.06999274216509013
005,112,175,191,0.0013368904759269995,0.011951430412007835
005,112,175,207,0.004449875105530604,0.039780650414910315
005,112,191,207,0.0036555635972981976,0.032679725629344736
005,143,175,191,-0.00015172469343130088,-0.0013563767174495384
005,143,175,207,1.1092750630097015e-05,9.91661169112852e-05
005,143,191,207,0.0007053964117559978,0.006306048460803141
005,175,191,207,0.0005425789676945982,0.004850505626442302
006,48,80,112,0.007095294259115509,0.08307216742811893
006,48,80,143,0.0160524757279151,0.1879434316049653
006,48,80,175,0.02235108326053839,0.2616879389369726
006,48,80,191,0.023819067017954394,0.2788751884046252
006,48,80,207,0.024379526031966796,0.2854370790533212
006,48,112,143,0.015996267820951898,0.18728534576842196
006,48,112,175,0.030283147385313194,0.3545570624658973
006,48,112,191,0.0333491688312784,0.39045424129962975
006,48,112,207,0.034322547512879185,0.4018506223172343
006,48,143,175,0.018020320217522492,0.2109830830899123
006,48,143,191,0.021625853001359795,0.25319689581539634
006,48,143,207,0.022428742942006287,0.2625971835469516
006,48,175,191,0.0012881055462225025,0.0150812236523399
006,48,175,207,-0.0005637831458788004,-0.0066008098011475095
006,48,191,207,-0.004077341270117905,-0.04773777722011453
006,80,112,143,0.007039086352152293,0.08241408159157543
006,80,112,175,0.015027358383890313,0.1759412909570436
006,80,112,191,0.0166253960724395,0.19465122032312335
006,80,112,207,0.0170383157400279,0.19948571069203197
006,80,143,175,0.011721712684899202,0.137238575757905
006,80,143,191,0.0138592617113205,0.16226513901573644
006,80,143,207,0.014101692637954591,0.16510353609859565
006,80,175,191,-0.00017987821119350156,-0.0021060258153126773
006,80,175,207,-0.002592225917307206,-0.030349949917496115
006,80,191,207,-0.004637800284130307,-0.05429966786881056
006,112,143,175,0.0037334406531611963,0.043711366392436966
006,112,143,191,0.004272951991033294,0.05002800028418854
006,112,143,207,0.004102463250079,0.04803190699813928
006,112,175,191,-0.001777915899742702,-0.02081595518139257
006,112,175,207,-0.004603183273444798,-0.05389436965248457
006,112,191,207,-0.005050719951718699,-0.05913415823771912
006,143,175,191,-0.0023174272376147997,-0.027132589073144142
006,143,175,207,-0.0049722058703626,-0.058214910258186855
006,143,191,207,-0.004880231210764398,-0.05713806495166978
006,175,191,207,-0.002225452578016599,-0.026055743766627084
007,48,80,112,0.000902373049194001,0.036493956456018696
007,48,80,143,0.002859949973488901,0.11566268506369931
007,48,80,175,0.004257456597866499,0.17218093540660062
007,48,80,191,0.0048450857058661,0.19594595265615292
007,48,80,207,0.0052222222102702,0.21119818473687788
007,48,112,143,0.0032372404035698014,0.13092114223830492
007,48,112,175,0.005194188362172,0.21006443408607534
007,48,112,191,0.006110932207756401,0.24713957724550678
007,48,112,207,0.0066725267925197,0.26985170095154354
007,48,143,175,0.0013208690035236993,0.053418855917465875
007,48,143,191,0.0022451916511514,0.09080050254794403
007,48,143,207,0.0028451087342330006,0.11506247261315909
007,48,175,191,0.0007215986313451007,0.029183040267605837
007,48,175,207,0.0010737442645525005,0.04342458639525964
007,48,191,207,3.589848005250006e-05,0.0014518137138995377
007,80,112,143,0.0012796634792748996,0.05175241363062424
007,80,112,175,0.0018391048134995002,0.07437745513549336
007,80,112,191,0.0021682195510843,0.08768758104537248
007,80,112,207,0.002352677631443499,0.0951474726706843
007,80,143,175,-7.663762085389917e-05,-0.00309939442543544
007,80,143,191,0.00026005591877420074,0.010517234955490413
007,80,143,207,0.00048283649745170173,0.01952697293998054
007,80,175,191,0.00013396952334550002,0.005418023018053541
007,80,175,207,0.0001089786521487994,0.004407337064982385
007,80,191,207,-0.0003412380243515995,-0.013800418366825388
007,112,143,175,-0.0006360789550784998,-0.02572443593030456
007,112,143,191,-0.0006285001530351997,-0.025417932459257834
007,112,143,207,-0.0005901776547168978,-0.023868086100079518
007,112,175,191,-0.0001951452142392989,-0.00789210289182555
007,112,175,207,-0.0004045941657951999,-0.016362680470208568
007,112,191,207,-0.0005256961047107999,-0.02126030999213725
007,143,175,191,-0.00020272401628259988,-0.008198606362872311
007,143,175,207,-0.0004504954661568028,-0.018219030300433647
007,143,191,207,-0.0005640186030291018,-0.02281015635131557
007,175,191,207,-0.0003162471531549006,-0.012789732413754301
008,48,80,112,-0.0024019835418672975,-0.06406235033130998
008,48,80,143,-0.0028401684693906,-0.07574900673324145
008,48,80,175,-0.004481814111776499,-0.11953268652508413
008,48,80,191,-0.0050251752676906,-0.13402445639771793
008,48,80,207,-0.005264443491995299,-0.14040588430568854
008,48,112,143,-0.002592037948693001,-0.06913121603328413
008,48,112,175,-0.0035736867252299997,-0.09531238119477688
008,48,112,191,-0.0042687711389372985,-0.11385070189706346
008,48,112,207,-0.005459795988868199,-0.1456160532658967
008,48,143,175,-0.003150460391046799,-0.08402467950269835
008,48,143,191,-0.004603383566734199,-0.12277501723940375
008,48,143,207,-0.006534402055744699,-0.1742764454477998
008,48,175,191,-0.0026286547162367004,-0.07010780731690343
008,48,175,207,-0.0046202063534515,-0.12322369111141324
008,48,191,207,-0.0020687936278516,-0.05517597428980756
008,80,112,143,-0.0021538530211697004,-0.05744455963135271
008,80,112,175,-0.0014938561553207996,-0.03984204500100277
008,80,112,191,-0.001645579413113999,-0.043888595830655616
008,80,112,207,-0.0025973360387402007,-0.06927251929151823
008,80,143,175,-0.0015088147486608996,-0.04024099971085566
008,80,143,191,-0.002418376768434198,-0.06449956757492728
008,80,143,207,-0.004110127033139999,-0.10961956787535272
008,80,175,191,-0.0020852935603225993,-0.05561603744426964
008,80,175,207,-0.0038375769732327016,-0.10235049333080888
008,80,191,207,-0.0018295254035468993,-0.048794546381836904
008,112,143,175,-0.0021688116145098003,-0.0578435143412056
008,112,143,191,-0.0029266503764898977,-0.07805553137562432
008,112,143,207,-0.0036666440155695007,-0.09779160821518725
008,112,175,191,-0.0019335703025293999,-0.0515694866146168
008,112,175,207,-0.0027340970898133005,-0.07292001904029341
008,112,191,207,-0.0008777687779207011,-0.023410622920974383
008,143,175,191,-0.001175731540549299,-0.03135746958019798
008,143,175,207,-0.0012362646887536,-0.03297192516631177
008,143,191,207,-0.00013777513884109804,-0.0036745460814114595
008,175,191,207,-7.724199063680048e-05,-0.002060090495297764
009,48,80,112,0.0014290543172126996,0.034387856435835945
009,48,80,143,0.005139757090573099,0.12367985374441924
009,48,80,175,0.010435091126831289,0.2511034124050936
009,48,80,191,0.011977829408710103,0.28822688764065435
009,48,80,207,0.012949460097173598,0.3116075920835087
009,48,112,143,0.004566149082493094,0.10987691455959248
009,48,112,175,0.015190282094637797,0.36552931095655894
009,48,112,191,0.0193895936157538,0.46657887917671204
009,48,112,207,0.02188687879231009,0.5266719652801545
009,48,143,175,0.016487324456489594,0.39674051545265687
009,48,143,191,0.0231633710608617,0.5573886653689405
009,48,143,207,0.0279602221069941,0.6728170456142932
009,48,175,191,0.009456291637602705,0.22755020248882393
009,48,175,207,0.016707409003456797,0.40203649035976585
009,48,191,207,0.007674741843710392,0.18468011854047284
009,80,112,143,0.0008554463091327014,0.02058491725100934
009,80,112,175,0.0061842452850192076,0.14881375498730132
009,80,112,191,0.008840818524256402,0.21273984797189377
009,80,112,207,0.010366473012349199,0.24945222963248195
009,80,143,175,0.011191990420231404,0.26931695679198253
009,80,143,191,0.016325298742724703,0.3928416314727055
009,80,143,207,0.020150519100393595,0.48488930727520363
009,80,175,191,0.007913553355723899,0.19042672725326334
009,80,175,207,0.014193040033114494,0.34153231068135087
009,80,191,207,0.006703111155246903,0.16129941409761867
009,112,143,175,0.005863191444344898,0.14108811905569058
009,112,143,191,0.008339926527600999,0.20068670075182102
009,112,143,207,0.0106394923971771,0.2560219948937311
009,112,175,191,0.0052569801164867,0.1265006342686708
009,112,175,207,0.010010812305784503,0.24089383603617026
009,112,191,207,0.005177456667154103,0.12458703243703041
009,143,175,191,0.0027802450332305995,0.06690205257254035
009,143,175,207,0.0052345113529523,0.12595996019812972
009,143,191,207,0.002877890797578001,0.06925173829512031
009,175,191,207,0.00042362447785630004,0.010193830669530937
